
  .   ____          _            __ _ _
 /\\ / ___'_ __ _ _(_)_ __  __ _ \ \ \ \
( ( )\___ | '_ | '_| | '_ \/ _` | \ \ \ \
 \\/  ___)| |_)| | | | | || (_| |  ) ) ) )
  '  |____| .__|_| |_|_| |_\__, | / / / /
 =========|_|==============|___/=/_/_/_/

 :: Spring Boot ::                (v3.5.7)

2025-11-20T19:09:44.641+01:00  INFO 50871 --- [auth-service] [           main] c.balconazo.auth.AuthServiceApplication  : Starting AuthServiceApplication v0.0.1-SNAPSHOT using Java 21.0.6 with PID 50871 (/Users/angel/Desktop/BalconazoApp/auth-service/target/auth_service-0.0.1-SNAPSHOT.jar started by angel in /Users/angel/Desktop/BalconazoApp)
2025-11-20T19:09:44.643+01:00  INFO 50871 --- [auth-service] [           main] c.balconazo.auth.AuthServiceApplication  : No active profile set, falling back to 1 default profile: "default"
2025-11-20T19:09:45.565+01:00  INFO 50871 --- [auth-service] [           main] .s.d.r.c.RepositoryConfigurationDelegate : Bootstrapping Spring Data JPA repositories in DEFAULT mode.
2025-11-20T19:09:45.668+01:00  INFO 50871 --- [auth-service] [           main] .s.d.r.c.RepositoryConfigurationDelegate : Finished Spring Data repository scanning in 97 ms. Found 2 JPA repository interfaces.
2025-11-20T19:09:45.857+01:00  INFO 50871 --- [auth-service] [           main] o.s.cloud.context.scope.GenericScope     : BeanFactory id=ae3c76ad-cfe6-33ba-b31f-762b61c27944
2025-11-20T19:09:46.117+01:00  INFO 50871 --- [auth-service] [           main] o.s.b.w.embedded.tomcat.TomcatWebServer  : Tomcat initialized with port 8084 (http)
2025-11-20T19:09:46.132+01:00  INFO 50871 --- [auth-service] [           main] o.apache.catalina.core.StandardService   : Starting service [Tomcat]
2025-11-20T19:09:46.132+01:00  INFO 50871 --- [auth-service] [           main] o.apache.catalina.core.StandardEngine    : Starting Servlet engine: [Apache Tomcat/10.1.48]
2025-11-20T19:09:46.148+01:00  INFO 50871 --- [auth-service] [           main] o.a.c.c.C.[Tomcat].[localhost].[/]       : Initializing Spring embedded WebApplicationContext
2025-11-20T19:09:46.148+01:00  INFO 50871 --- [auth-service] [           main] w.s.c.ServletWebServerApplicationContext : Root WebApplicationContext: initialization completed in 1466 ms
2025-11-20T19:09:46.349+01:00  INFO 50871 --- [auth-service] [           main] o.hibernate.jpa.internal.util.LogHelper  : HHH000204: Processing PersistenceUnitInfo [name: default]
2025-11-20T19:09:46.386+01:00  INFO 50871 --- [auth-service] [           main] org.hibernate.Version                    : HHH000412: Hibernate ORM core version 6.6.33.Final
2025-11-20T19:09:46.407+01:00  INFO 50871 --- [auth-service] [           main] o.h.c.internal.RegionFactoryInitiator    : HHH000026: Second-level cache disabled
2025-11-20T19:09:46.567+01:00  INFO 50871 --- [auth-service] [           main] o.s.o.j.p.SpringPersistenceUnitInfo      : No LoadTimeWeaver setup: ignoring JPA class transformer
2025-11-20T19:09:46.588+01:00  INFO 50871 --- [auth-service] [           main] com.zaxxer.hikari.HikariDataSource       : HikariPool-1 - Starting...
2025-11-20T19:09:46.712+01:00  INFO 50871 --- [auth-service] [           main] com.zaxxer.hikari.pool.HikariPool        : HikariPool-1 - Added connection com.mysql.cj.jdbc.ConnectionImpl@762f8ff6
2025-11-20T19:09:46.714+01:00  INFO 50871 --- [auth-service] [           main] com.zaxxer.hikari.HikariDataSource       : HikariPool-1 - Start completed.
2025-11-20T19:09:46.774+01:00  WARN 50871 --- [auth-service] [           main] org.hibernate.orm.deprecation            : HHH90000025: MySQL8Dialect does not need to be specified explicitly using 'hibernate.dialect' (remove the property setting and it will be selected by default)
2025-11-20T19:09:46.775+01:00  WARN 50871 --- [auth-service] [           main] org.hibernate.orm.deprecation            : HHH90000026: MySQL8Dialect has been deprecated; use org.hibernate.dialect.MySQLDialect instead
2025-11-20T19:09:46.788+01:00  INFO 50871 --- [auth-service] [           main] org.hibernate.orm.connections.pooling    : HHH10001005: Database info:
	Database JDBC URL [Connecting through datasource 'HikariDataSource (HikariPool-1)']
	Database driver: undefined/unknown
	Database version: 8.0
	Autocommit mode: undefined/unknown
	Isolation level: undefined/unknown
	Minimum pool size: undefined/unknown
	Maximum pool size: undefined/unknown
2025-11-20T19:09:47.326+01:00  INFO 50871 --- [auth-service] [           main] o.h.e.t.j.p.i.JtaPlatformInitiator       : HHH000489: No JTA platform available (set 'hibernate.transaction.jta.platform' to enable JTA platform integration)
2025-11-20T19:09:47.421+01:00  INFO 50871 --- [auth-service] [           main] j.LocalContainerEntityManagerFactoryBean : Initialized JPA EntityManagerFactory for persistence unit 'default'
2025-11-20T19:09:47.683+01:00  WARN 50871 --- [auth-service] [           main] JpaBaseConfiguration$JpaWebConfiguration : spring.jpa.open-in-view is enabled by default. Therefore, database queries may be performed during view rendering. Explicitly configure spring.jpa.open-in-view to disable this warning
2025-11-20T19:09:47.927+01:00  INFO 50871 --- [auth-service] [           main] o.s.b.a.e.web.EndpointLinksResolver      : Exposing 4 endpoints beneath base path '/actuator'
2025-11-20T19:09:47.948+01:00  WARN 50871 --- [auth-service] [           main] .s.s.UserDetailsServiceAutoConfiguration : 

Using generated security password: 50ad082b-2967-4917-b965-d6577d6dfbe2

This generated password is for development use only. Your security configuration must be updated before running your application in production.

2025-11-20T19:09:47.955+01:00  INFO 50871 --- [auth-service] [           main] r$InitializeUserDetailsManagerConfigurer : Global AuthenticationManager configured with UserDetailsService bean with name inMemoryUserDetailsManager
2025-11-20T19:09:48.013+01:00 DEBUG 50871 --- [auth-service] [           main] o.s.s.web.DefaultSecurityFilterChain     : Will secure any request with filters: DisableEncodeUrlFilter, WebAsyncManagerIntegrationFilter, SecurityContextHolderFilter, HeaderWriterFilter, LogoutFilter, RequestCacheAwareFilter, SecurityContextHolderAwareRequestFilter, AnonymousAuthenticationFilter, SessionManagementFilter, ExceptionTranslationFilter, AuthorizationFilter
2025-11-20T19:09:48.225+01:00  INFO 50871 --- [auth-service] [           main] DiscoveryClientOptionalArgsConfiguration : Eureka HTTP Client uses RestTemplate.
2025-11-20T19:09:48.246+01:00  WARN 50871 --- [auth-service] [           main] iguration$LoadBalancerCaffeineWarnLogger : Spring Cloud LoadBalancer is currently working with the default cache. While this cache implementation is useful for development and tests, it's recommended to use Caffeine cache in production.You can switch to using Caffeine cache, by adding it and org.springframework.cache.caffeine.CaffeineCacheManager to the classpath.
2025-11-20T19:09:48.281+01:00  INFO 50871 --- [auth-service] [           main] o.s.c.n.eureka.InstanceInfoFactory       : Setting initial instance status as: STARTING
2025-11-20T19:09:48.300+01:00  INFO 50871 --- [auth-service] [           main] com.netflix.discovery.DiscoveryClient    : Initializing Eureka in region us-east-1
2025-11-20T19:09:48.303+01:00  INFO 50871 --- [auth-service] [           main] c.n.d.s.r.aws.ConfigClusterResolver      : Resolving eureka endpoints via configuration
2025-11-20T19:09:48.310+01:00  INFO 50871 --- [auth-service] [           main] com.netflix.discovery.DiscoveryClient    : Disable delta property : false
2025-11-20T19:09:48.310+01:00  INFO 50871 --- [auth-service] [           main] com.netflix.discovery.DiscoveryClient    : Single vip registry refresh property : null
2025-11-20T19:09:48.310+01:00  INFO 50871 --- [auth-service] [           main] com.netflix.discovery.DiscoveryClient    : Force full registry fetch : false
2025-11-20T19:09:48.310+01:00  INFO 50871 --- [auth-service] [           main] com.netflix.discovery.DiscoveryClient    : Application is null : false
2025-11-20T19:09:48.310+01:00  INFO 50871 --- [auth-service] [           main] com.netflix.discovery.DiscoveryClient    : Registered Applications size is zero : true
2025-11-20T19:09:48.310+01:00  INFO 50871 --- [auth-service] [           main] com.netflix.discovery.DiscoveryClient    : Application version is -1: true
2025-11-20T19:09:48.310+01:00  INFO 50871 --- [auth-service] [           main] com.netflix.discovery.DiscoveryClient    : Getting all instance registry info from the eureka server
2025-11-20T19:09:48.627+01:00  INFO 50871 --- [auth-service] [           main] com.netflix.discovery.DiscoveryClient    : The response status is 200
2025-11-20T19:09:48.632+01:00  INFO 50871 --- [auth-service] [           main] com.netflix.discovery.DiscoveryClient    : Starting heartbeat executor: renew interval is: 30
2025-11-20T19:09:48.633+01:00  INFO 50871 --- [auth-service] [           main] c.n.discovery.InstanceInfoReplicator     : InstanceInfoReplicator onDemand update allowed rate per min is 4
2025-11-20T19:09:48.634+01:00  INFO 50871 --- [auth-service] [           main] com.netflix.discovery.DiscoveryClient    : Discovery Client initialized at timestamp 1763662188634 with initial instances count: 4
2025-11-20T19:09:48.637+01:00  INFO 50871 --- [auth-service] [           main] o.s.c.n.e.s.EurekaServiceRegistry        : Registering application AUTH-SERVICE with eureka with status UP
2025-11-20T19:09:48.637+01:00  INFO 50871 --- [auth-service] [           main] com.netflix.discovery.DiscoveryClient    : Saw local status change event StatusChangeEvent [timestamp=1763662188637, current=UP, previous=STARTING]
2025-11-20T19:09:48.638+01:00  INFO 50871 --- [auth-service] [foReplicator-%d] com.netflix.discovery.DiscoveryClient    : DiscoveryClient_AUTH-SERVICE/192.168.0.100:auth-service:8084: registering service...
2025-11-20T19:09:48.647+01:00  INFO 50871 --- [auth-service] [           main] o.s.b.w.embedded.tomcat.TomcatWebServer  : Tomcat started on port 8084 (http) with context path '/'
2025-11-20T19:09:48.648+01:00  INFO 50871 --- [auth-service] [           main] .s.c.n.e.s.EurekaAutoServiceRegistration : Updating port to 8084
2025-11-20T19:09:48.661+01:00  INFO 50871 --- [auth-service] [           main] c.balconazo.auth.AuthServiceApplication  : Started AuthServiceApplication in 4.434 seconds (process running for 4.914)
2025-11-20T19:09:48.672+01:00  INFO 50871 --- [auth-service] [foReplicator-%d] com.netflix.discovery.DiscoveryClient    : DiscoveryClient_AUTH-SERVICE/192.168.0.100:auth-service:8084 - registration status: 204
2025-11-20T19:10:03.991+01:00  INFO 50871 --- [auth-service] [nio-8084-exec-1] o.a.c.c.C.[Tomcat].[localhost].[/]       : Initializing Spring DispatcherServlet 'dispatcherServlet'
2025-11-20T19:10:03.992+01:00  INFO 50871 --- [auth-service] [nio-8084-exec-1] o.s.web.servlet.DispatcherServlet        : Initializing Servlet 'dispatcherServlet'
2025-11-20T19:10:04.001+01:00  INFO 50871 --- [auth-service] [nio-8084-exec-1] o.s.web.servlet.DispatcherServlet        : Completed initialization in 9 ms
2025-11-20T19:10:04.011+01:00 DEBUG 50871 --- [auth-service] [nio-8084-exec-1] o.s.security.web.FilterChainProxy        : Securing GET /actuator/health
2025-11-20T19:10:04.018+01:00 DEBUG 50871 --- [auth-service] [nio-8084-exec-1] o.s.s.w.a.AnonymousAuthenticationFilter  : Set SecurityContextHolder to anonymous SecurityContext
2025-11-20T19:10:04.021+01:00 DEBUG 50871 --- [auth-service] [nio-8084-exec-1] o.s.security.web.FilterChainProxy        : Secured GET /actuator/health
2025-11-20T19:10:23.999+01:00 DEBUG 50871 --- [auth-service] [nio-8084-exec-3] o.s.security.web.FilterChainProxy        : Securing POST /api/auth/register
2025-11-20T19:10:24.001+01:00 DEBUG 50871 --- [auth-service] [nio-8084-exec-3] o.s.s.w.a.AnonymousAuthenticationFilter  : Set SecurityContextHolder to anonymous SecurityContext
2025-11-20T19:10:24.003+01:00 DEBUG 50871 --- [auth-service] [nio-8084-exec-3] o.s.security.web.FilterChainProxy        : Secured POST /api/auth/register
2025-11-20T19:10:24.075+01:00  INFO 50871 --- [auth-service] [nio-8084-exec-3] c.b.auth.controller.AuthController       : POST /api/auth/register - Email: host_test_1763662223@balconazo.com
2025-11-20T19:10:24.089+01:00  INFO 50871 --- [auth-service] [nio-8084-exec-3] com.balconazo.auth.service.AuthService   : Registrando nuevo usuario: host_test_1763662223@balconazo.com
2025-11-20T19:10:24.165+01:00 DEBUG 50871 --- [auth-service] [nio-8084-exec-3] org.hibernate.SQL                        : 
    select
        u1_0.id 
    from
        users u1_0 
    where
        u1_0.email=? 
    limit
        ?
Hibernate: 
    select
        u1_0.id 
    from
        users u1_0 
    where
        u1_0.email=? 
    limit
        ?
2025-11-20T19:10:24.281+01:00  INFO 50871 --- [auth-service] [nio-8084-exec-3] com.balconazo.auth.service.AuthService   : Usuario registrado exitosamente con ID: 6829a440-5285-439b-ba93-d39bf3355d58 (isHost=false, isGuest=true)
2025-11-20T19:10:24.289+01:00 DEBUG 50871 --- [auth-service] [nio-8084-exec-3] org.hibernate.SQL                        : 
    insert 
    into
        users
        (active, created_at, email, is_guest, is_host, name, password_hash, phone, profile_image_url, updated_at, id) 
    values
        (?, ?, ?, ?, ?, ?, ?, ?, ?, ?, ?)
Hibernate: 
    insert 
    into
        users
        (active, created_at, email, is_guest, is_host, name, password_hash, phone, profile_image_url, updated_at, id) 
    values
        (?, ?, ?, ?, ?, ?, ?, ?, ?, ?, ?)
2025-11-20T19:10:24.362+01:00 DEBUG 50871 --- [auth-service] [nio-8084-exec-4] o.s.security.web.FilterChainProxy        : Securing POST /api/auth/register
2025-11-20T19:10:24.362+01:00 DEBUG 50871 --- [auth-service] [nio-8084-exec-4] o.s.s.w.a.AnonymousAuthenticationFilter  : Set SecurityContextHolder to anonymous SecurityContext
2025-11-20T19:10:24.363+01:00 DEBUG 50871 --- [auth-service] [nio-8084-exec-4] o.s.security.web.FilterChainProxy        : Secured POST /api/auth/register
2025-11-20T19:10:24.364+01:00  INFO 50871 --- [auth-service] [nio-8084-exec-4] c.b.auth.controller.AuthController       : POST /api/auth/register - Email: guest_test_1763662223@balconazo.com
2025-11-20T19:10:24.365+01:00  INFO 50871 --- [auth-service] [nio-8084-exec-4] com.balconazo.auth.service.AuthService   : Registrando nuevo usuario: guest_test_1763662223@balconazo.com
2025-11-20T19:10:24.365+01:00 DEBUG 50871 --- [auth-service] [nio-8084-exec-4] org.hibernate.SQL                        : 
    select
        u1_0.id 
    from
        users u1_0 
    where
        u1_0.email=? 
    limit
        ?
Hibernate: 
    select
        u1_0.id 
    from
        users u1_0 
    where
        u1_0.email=? 
    limit
        ?
2025-11-20T19:10:24.445+01:00  INFO 50871 --- [auth-service] [nio-8084-exec-4] com.balconazo.auth.service.AuthService   : Usuario registrado exitosamente con ID: b2096b52-61ff-454a-9c60-f58e513bf514 (isHost=false, isGuest=true)
2025-11-20T19:10:24.445+01:00 DEBUG 50871 --- [auth-service] [nio-8084-exec-4] org.hibernate.SQL                        : 
    insert 
    into
        users
        (active, created_at, email, is_guest, is_host, name, password_hash, phone, profile_image_url, updated_at, id) 
    values
        (?, ?, ?, ?, ?, ?, ?, ?, ?, ?, ?)
Hibernate: 
    insert 
    into
        users
        (active, created_at, email, is_guest, is_host, name, password_hash, phone, profile_image_url, updated_at, id) 
    values
        (?, ?, ?, ?, ?, ?, ?, ?, ?, ?, ?)
2025-11-20T19:10:24.499+01:00 DEBUG 50871 --- [auth-service] [nio-8084-exec-5] o.s.security.web.FilterChainProxy        : Securing POST /api/auth/register
2025-11-20T19:10:24.499+01:00 DEBUG 50871 --- [auth-service] [nio-8084-exec-5] o.s.s.w.a.AnonymousAuthenticationFilter  : Set SecurityContextHolder to anonymous SecurityContext
2025-11-20T19:10:24.500+01:00 DEBUG 50871 --- [auth-service] [nio-8084-exec-5] o.s.security.web.FilterChainProxy        : Secured POST /api/auth/register
2025-11-20T19:10:24.501+01:00  INFO 50871 --- [auth-service] [nio-8084-exec-5] c.b.auth.controller.AuthController       : POST /api/auth/register - Email: dual_test_1763662223@balconazo.com
2025-11-20T19:10:24.502+01:00  INFO 50871 --- [auth-service] [nio-8084-exec-5] com.balconazo.auth.service.AuthService   : Registrando nuevo usuario: dual_test_1763662223@balconazo.com
2025-11-20T19:10:24.503+01:00 DEBUG 50871 --- [auth-service] [nio-8084-exec-5] org.hibernate.SQL                        : 
    select
        u1_0.id 
    from
        users u1_0 
    where
        u1_0.email=? 
    limit
        ?
Hibernate: 
    select
        u1_0.id 
    from
        users u1_0 
    where
        u1_0.email=? 
    limit
        ?
2025-11-20T19:10:24.627+01:00  INFO 50871 --- [auth-service] [nio-8084-exec-5] com.balconazo.auth.service.AuthService   : Usuario registrado exitosamente con ID: 08bd51b1-0b6d-437e-ba84-e05b8bf5913e (isHost=false, isGuest=true)
2025-11-20T19:10:24.628+01:00 DEBUG 50871 --- [auth-service] [nio-8084-exec-5] org.hibernate.SQL                        : 
    insert 
    into
        users
        (active, created_at, email, is_guest, is_host, name, password_hash, phone, profile_image_url, updated_at, id) 
    values
        (?, ?, ?, ?, ?, ?, ?, ?, ?, ?, ?)
Hibernate: 
    insert 
    into
        users
        (active, created_at, email, is_guest, is_host, name, password_hash, phone, profile_image_url, updated_at, id) 
    values
        (?, ?, ?, ?, ?, ?, ?, ?, ?, ?, ?)
2025-11-20T19:10:24.687+01:00 DEBUG 50871 --- [auth-service] [nio-8084-exec-6] o.s.security.web.FilterChainProxy        : Securing GET /api/auth/me
2025-11-20T19:10:24.688+01:00 DEBUG 50871 --- [auth-service] [nio-8084-exec-6] o.s.s.w.a.AnonymousAuthenticationFilter  : Set SecurityContextHolder to anonymous SecurityContext
2025-11-20T19:10:24.688+01:00 DEBUG 50871 --- [auth-service] [nio-8084-exec-6] o.s.security.web.FilterChainProxy        : Secured GET /api/auth/me
2025-11-20T19:10:24.689+01:00  WARN 50871 --- [auth-service] [nio-8084-exec-6] c.b.auth.controller.AuthController       : GET /api/auth/me called without valid authentication
2025-11-20T19:10:24.728+01:00 DEBUG 50871 --- [auth-service] [nio-8084-exec-7] o.s.security.web.FilterChainProxy        : Securing GET /api/auth/me
2025-11-20T19:10:24.729+01:00 DEBUG 50871 --- [auth-service] [nio-8084-exec-7] o.s.s.w.a.AnonymousAuthenticationFilter  : Set SecurityContextHolder to anonymous SecurityContext
2025-11-20T19:10:24.730+01:00 DEBUG 50871 --- [auth-service] [nio-8084-exec-7] o.s.security.web.FilterChainProxy        : Secured GET /api/auth/me
2025-11-20T19:10:24.730+01:00  WARN 50871 --- [auth-service] [nio-8084-exec-7] c.b.auth.controller.AuthController       : GET /api/auth/me called without valid authentication
2025-11-20T19:10:24.769+01:00 DEBUG 50871 --- [auth-service] [nio-8084-exec-8] o.s.security.web.FilterChainProxy        : Securing GET /api/auth/me
2025-11-20T19:10:24.770+01:00 DEBUG 50871 --- [auth-service] [nio-8084-exec-8] o.s.s.w.a.AnonymousAuthenticationFilter  : Set SecurityContextHolder to anonymous SecurityContext
2025-11-20T19:10:24.770+01:00 DEBUG 50871 --- [auth-service] [nio-8084-exec-8] o.s.security.web.FilterChainProxy        : Secured GET /api/auth/me
2025-11-20T19:10:24.771+01:00  WARN 50871 --- [auth-service] [nio-8084-exec-8] c.b.auth.controller.AuthController       : GET /api/auth/me called without valid authentication
2025-11-20T19:10:39.342+01:00 DEBUG 50871 --- [auth-service] [nio-8084-exec-9] o.s.security.web.FilterChainProxy        : Securing POST /api/auth/register
2025-11-20T19:10:39.343+01:00 DEBUG 50871 --- [auth-service] [nio-8084-exec-9] o.s.s.w.a.AnonymousAuthenticationFilter  : Set SecurityContextHolder to anonymous SecurityContext
2025-11-20T19:10:39.344+01:00 DEBUG 50871 --- [auth-service] [nio-8084-exec-9] o.s.security.web.FilterChainProxy        : Secured POST /api/auth/register
2025-11-20T19:10:39.352+01:00  INFO 50871 --- [auth-service] [nio-8084-exec-9] c.b.auth.controller.AuthController       : POST /api/auth/register - Email: test_manual@balconazo.com
2025-11-20T19:10:39.358+01:00  INFO 50871 --- [auth-service] [nio-8084-exec-9] com.balconazo.auth.service.AuthService   : Registrando nuevo usuario: test_manual@balconazo.com
2025-11-20T19:10:39.361+01:00 DEBUG 50871 --- [auth-service] [nio-8084-exec-9] org.hibernate.SQL                        : 
    select
        u1_0.id 
    from
        users u1_0 
    where
        u1_0.email=? 
    limit
        ?
Hibernate: 
    select
        u1_0.id 
    from
        users u1_0 
    where
        u1_0.email=? 
    limit
        ?
2025-11-20T19:10:39.450+01:00  INFO 50871 --- [auth-service] [nio-8084-exec-9] com.balconazo.auth.service.AuthService   : Usuario registrado exitosamente con ID: 0ebd2d74-ea29-4b43-8981-5acbca267b23 (isHost=false, isGuest=true)
2025-11-20T19:10:39.451+01:00 DEBUG 50871 --- [auth-service] [nio-8084-exec-9] org.hibernate.SQL                        : 
    insert 
    into
        users
        (active, created_at, email, is_guest, is_host, name, password_hash, phone, profile_image_url, updated_at, id) 
    values
        (?, ?, ?, ?, ?, ?, ?, ?, ?, ?, ?)
Hibernate: 
    insert 
    into
        users
        (active, created_at, email, is_guest, is_host, name, password_hash, phone, profile_image_url, updated_at, id) 
    values
        (?, ?, ?, ?, ?, ?, ?, ?, ?, ?, ?)
2025-11-20T19:11:37.733+01:00 DEBUG 50871 --- [auth-service] [io-8084-exec-10] o.s.security.web.FilterChainProxy        : Securing POST /api/auth/register
2025-11-20T19:11:37.734+01:00 DEBUG 50871 --- [auth-service] [io-8084-exec-10] o.s.s.w.a.AnonymousAuthenticationFilter  : Set SecurityContextHolder to anonymous SecurityContext
2025-11-20T19:11:37.735+01:00 DEBUG 50871 --- [auth-service] [io-8084-exec-10] o.s.security.web.FilterChainProxy        : Secured POST /api/auth/register
2025-11-20T19:11:37.744+01:00  INFO 50871 --- [auth-service] [io-8084-exec-10] c.b.auth.controller.AuthController       : POST /api/auth/register - Email: host_test_1763662297@balconazo.com
2025-11-20T19:11:37.749+01:00  INFO 50871 --- [auth-service] [io-8084-exec-10] com.balconazo.auth.service.AuthService   : Registrando nuevo usuario: host_test_1763662297@balconazo.com
2025-11-20T19:11:37.753+01:00 DEBUG 50871 --- [auth-service] [io-8084-exec-10] org.hibernate.SQL                        : 
    select
        u1_0.id 
    from
        users u1_0 
    where
        u1_0.email=? 
    limit
        ?
Hibernate: 
    select
        u1_0.id 
    from
        users u1_0 
    where
        u1_0.email=? 
    limit
        ?
2025-11-20T19:11:37.843+01:00  INFO 50871 --- [auth-service] [io-8084-exec-10] com.balconazo.auth.service.AuthService   : Usuario registrado exitosamente con ID: 6b6f6d14-4c8d-4860-a96d-cbf506d2ccfa (isHost=false, isGuest=true)
2025-11-20T19:11:37.844+01:00 DEBUG 50871 --- [auth-service] [io-8084-exec-10] org.hibernate.SQL                        : 
    insert 
    into
        users
        (active, created_at, email, is_guest, is_host, name, password_hash, phone, profile_image_url, updated_at, id) 
    values
        (?, ?, ?, ?, ?, ?, ?, ?, ?, ?, ?)
Hibernate: 
    insert 
    into
        users
        (active, created_at, email, is_guest, is_host, name, password_hash, phone, profile_image_url, updated_at, id) 
    values
        (?, ?, ?, ?, ?, ?, ?, ?, ?, ?, ?)
2025-11-20T19:11:37.916+01:00 DEBUG 50871 --- [auth-service] [nio-8084-exec-1] o.s.security.web.FilterChainProxy        : Securing POST /api/auth/login
2025-11-20T19:11:37.916+01:00 DEBUG 50871 --- [auth-service] [nio-8084-exec-1] o.s.s.w.a.AnonymousAuthenticationFilter  : Set SecurityContextHolder to anonymous SecurityContext
2025-11-20T19:11:37.917+01:00 DEBUG 50871 --- [auth-service] [nio-8084-exec-1] o.s.security.web.FilterChainProxy        : Secured POST /api/auth/login
2025-11-20T19:11:37.927+01:00  INFO 50871 --- [auth-service] [nio-8084-exec-1] c.b.auth.controller.AuthController       : POST /api/auth/login - Email: host_test_1763662297@balconazo.com
2025-11-20T19:11:37.928+01:00  INFO 50871 --- [auth-service] [nio-8084-exec-1] com.balconazo.auth.service.AuthService   : Intento de login para: host_test_1763662297@balconazo.com
2025-11-20T19:11:37.936+01:00 DEBUG 50871 --- [auth-service] [nio-8084-exec-1] org.hibernate.SQL                        : 
    select
        u1_0.id,
        u1_0.active,
        u1_0.created_at,
        u1_0.email,
        u1_0.is_guest,
        u1_0.is_host,
        u1_0.name,
        u1_0.password_hash,
        u1_0.phone,
        u1_0.profile_image_url,
        u1_0.updated_at 
    from
        users u1_0 
    where
        u1_0.email=?
Hibernate: 
    select
        u1_0.id,
        u1_0.active,
        u1_0.created_at,
        u1_0.email,
        u1_0.is_guest,
        u1_0.is_host,
        u1_0.name,
        u1_0.password_hash,
        u1_0.phone,
        u1_0.profile_image_url,
        u1_0.updated_at 
    from
        users u1_0 
    where
        u1_0.email=?
2025-11-20T19:11:38.108+01:00  INFO 50871 --- [auth-service] [nio-8084-exec-1] com.balconazo.auth.service.AuthService   : Login exitoso para usuario: host_test_1763662297@balconazo.com (isHost=false, isGuest=true)
2025-11-20T19:11:38.109+01:00 DEBUG 50871 --- [auth-service] [nio-8084-exec-1] org.hibernate.SQL                        : 
    insert 
    into
        refresh_tokens
        (created_at, expires_at, token, user_id, id) 
    values
        (?, ?, ?, ?, ?)
Hibernate: 
    insert 
    into
        refresh_tokens
        (created_at, expires_at, token, user_id, id) 
    values
        (?, ?, ?, ?, ?)
2025-11-20T19:11:38.172+01:00 DEBUG 50871 --- [auth-service] [nio-8084-exec-2] o.s.security.web.FilterChainProxy        : Securing POST /api/auth/register
2025-11-20T19:11:38.172+01:00 DEBUG 50871 --- [auth-service] [nio-8084-exec-2] o.s.s.w.a.AnonymousAuthenticationFilter  : Set SecurityContextHolder to anonymous SecurityContext
2025-11-20T19:11:38.173+01:00 DEBUG 50871 --- [auth-service] [nio-8084-exec-2] o.s.security.web.FilterChainProxy        : Secured POST /api/auth/register
2025-11-20T19:11:38.173+01:00  INFO 50871 --- [auth-service] [nio-8084-exec-2] c.b.auth.controller.AuthController       : POST /api/auth/register - Email: guest_test_1763662297@balconazo.com
2025-11-20T19:11:38.175+01:00  INFO 50871 --- [auth-service] [nio-8084-exec-2] com.balconazo.auth.service.AuthService   : Registrando nuevo usuario: guest_test_1763662297@balconazo.com
2025-11-20T19:11:38.175+01:00 DEBUG 50871 --- [auth-service] [nio-8084-exec-2] org.hibernate.SQL                        : 
    select
        u1_0.id 
    from
        users u1_0 
    where
        u1_0.email=? 
    limit
        ?
Hibernate: 
    select
        u1_0.id 
    from
        users u1_0 
    where
        u1_0.email=? 
    limit
        ?
2025-11-20T19:11:38.254+01:00  INFO 50871 --- [auth-service] [nio-8084-exec-2] com.balconazo.auth.service.AuthService   : Usuario registrado exitosamente con ID: 0c72a5d5-c11d-47be-972b-064179c42d85 (isHost=false, isGuest=true)
2025-11-20T19:11:38.255+01:00 DEBUG 50871 --- [auth-service] [nio-8084-exec-2] org.hibernate.SQL                        : 
    insert 
    into
        users
        (active, created_at, email, is_guest, is_host, name, password_hash, phone, profile_image_url, updated_at, id) 
    values
        (?, ?, ?, ?, ?, ?, ?, ?, ?, ?, ?)
Hibernate: 
    insert 
    into
        users
        (active, created_at, email, is_guest, is_host, name, password_hash, phone, profile_image_url, updated_at, id) 
    values
        (?, ?, ?, ?, ?, ?, ?, ?, ?, ?, ?)
2025-11-20T19:11:38.308+01:00 DEBUG 50871 --- [auth-service] [nio-8084-exec-3] o.s.security.web.FilterChainProxy        : Securing POST /api/auth/login
2025-11-20T19:11:38.308+01:00 DEBUG 50871 --- [auth-service] [nio-8084-exec-3] o.s.s.w.a.AnonymousAuthenticationFilter  : Set SecurityContextHolder to anonymous SecurityContext
2025-11-20T19:11:38.308+01:00 DEBUG 50871 --- [auth-service] [nio-8084-exec-3] o.s.security.web.FilterChainProxy        : Secured POST /api/auth/login
2025-11-20T19:11:38.309+01:00  INFO 50871 --- [auth-service] [nio-8084-exec-3] c.b.auth.controller.AuthController       : POST /api/auth/login - Email: guest_test_1763662297@balconazo.com
2025-11-20T19:11:38.310+01:00  INFO 50871 --- [auth-service] [nio-8084-exec-3] com.balconazo.auth.service.AuthService   : Intento de login para: guest_test_1763662297@balconazo.com
2025-11-20T19:11:38.310+01:00 DEBUG 50871 --- [auth-service] [nio-8084-exec-3] org.hibernate.SQL                        : 
    select
        u1_0.id,
        u1_0.active,
        u1_0.created_at,
        u1_0.email,
        u1_0.is_guest,
        u1_0.is_host,
        u1_0.name,
        u1_0.password_hash,
        u1_0.phone,
        u1_0.profile_image_url,
        u1_0.updated_at 
    from
        users u1_0 
    where
        u1_0.email=?
Hibernate: 
    select
        u1_0.id,
        u1_0.active,
        u1_0.created_at,
        u1_0.email,
        u1_0.is_guest,
        u1_0.is_host,
        u1_0.name,
        u1_0.password_hash,
        u1_0.phone,
        u1_0.profile_image_url,
        u1_0.updated_at 
    from
        users u1_0 
    where
        u1_0.email=?
2025-11-20T19:11:38.388+01:00  INFO 50871 --- [auth-service] [nio-8084-exec-3] com.balconazo.auth.service.AuthService   : Login exitoso para usuario: guest_test_1763662297@balconazo.com (isHost=false, isGuest=true)
2025-11-20T19:11:38.389+01:00 DEBUG 50871 --- [auth-service] [nio-8084-exec-3] org.hibernate.SQL                        : 
    insert 
    into
        refresh_tokens
        (created_at, expires_at, token, user_id, id) 
    values
        (?, ?, ?, ?, ?)
Hibernate: 
    insert 
    into
        refresh_tokens
        (created_at, expires_at, token, user_id, id) 
    values
        (?, ?, ?, ?, ?)
2025-11-20T19:11:38.438+01:00 DEBUG 50871 --- [auth-service] [nio-8084-exec-4] o.s.security.web.FilterChainProxy        : Securing POST /api/auth/register
2025-11-20T19:11:38.438+01:00 DEBUG 50871 --- [auth-service] [nio-8084-exec-4] o.s.s.w.a.AnonymousAuthenticationFilter  : Set SecurityContextHolder to anonymous SecurityContext
2025-11-20T19:11:38.439+01:00 DEBUG 50871 --- [auth-service] [nio-8084-exec-4] o.s.security.web.FilterChainProxy        : Secured POST /api/auth/register
2025-11-20T19:11:38.441+01:00  INFO 50871 --- [auth-service] [nio-8084-exec-4] c.b.auth.controller.AuthController       : POST /api/auth/register - Email: dual_test_1763662297@balconazo.com
2025-11-20T19:11:38.450+01:00  INFO 50871 --- [auth-service] [nio-8084-exec-4] com.balconazo.auth.service.AuthService   : Registrando nuevo usuario: dual_test_1763662297@balconazo.com
2025-11-20T19:11:38.450+01:00 DEBUG 50871 --- [auth-service] [nio-8084-exec-4] org.hibernate.SQL                        : 
    select
        u1_0.id 
    from
        users u1_0 
    where
        u1_0.email=? 
    limit
        ?
Hibernate: 
    select
        u1_0.id 
    from
        users u1_0 
    where
        u1_0.email=? 
    limit
        ?
2025-11-20T19:11:38.530+01:00  INFO 50871 --- [auth-service] [nio-8084-exec-4] com.balconazo.auth.service.AuthService   : Usuario registrado exitosamente con ID: 6e2009a6-7f42-4809-996e-f5787d6cd46b (isHost=false, isGuest=true)
2025-11-20T19:11:38.530+01:00 DEBUG 50871 --- [auth-service] [nio-8084-exec-4] org.hibernate.SQL                        : 
    insert 
    into
        users
        (active, created_at, email, is_guest, is_host, name, password_hash, phone, profile_image_url, updated_at, id) 
    values
        (?, ?, ?, ?, ?, ?, ?, ?, ?, ?, ?)
Hibernate: 
    insert 
    into
        users
        (active, created_at, email, is_guest, is_host, name, password_hash, phone, profile_image_url, updated_at, id) 
    values
        (?, ?, ?, ?, ?, ?, ?, ?, ?, ?, ?)
2025-11-20T19:11:38.580+01:00 DEBUG 50871 --- [auth-service] [nio-8084-exec-5] o.s.security.web.FilterChainProxy        : Securing POST /api/auth/login
2025-11-20T19:11:38.581+01:00 DEBUG 50871 --- [auth-service] [nio-8084-exec-5] o.s.s.w.a.AnonymousAuthenticationFilter  : Set SecurityContextHolder to anonymous SecurityContext
2025-11-20T19:11:38.581+01:00 DEBUG 50871 --- [auth-service] [nio-8084-exec-5] o.s.security.web.FilterChainProxy        : Secured POST /api/auth/login
2025-11-20T19:11:38.582+01:00  INFO 50871 --- [auth-service] [nio-8084-exec-5] c.b.auth.controller.AuthController       : POST /api/auth/login - Email: dual_test_1763662297@balconazo.com
2025-11-20T19:11:38.583+01:00  INFO 50871 --- [auth-service] [nio-8084-exec-5] com.balconazo.auth.service.AuthService   : Intento de login para: dual_test_1763662297@balconazo.com
2025-11-20T19:11:38.584+01:00 DEBUG 50871 --- [auth-service] [nio-8084-exec-5] org.hibernate.SQL                        : 
    select
        u1_0.id,
        u1_0.active,
        u1_0.created_at,
        u1_0.email,
        u1_0.is_guest,
        u1_0.is_host,
        u1_0.name,
        u1_0.password_hash,
        u1_0.phone,
        u1_0.profile_image_url,
        u1_0.updated_at 
    from
        users u1_0 
    where
        u1_0.email=?
Hibernate: 
    select
        u1_0.id,
        u1_0.active,
        u1_0.created_at,
        u1_0.email,
        u1_0.is_guest,
        u1_0.is_host,
        u1_0.name,
        u1_0.password_hash,
        u1_0.phone,
        u1_0.profile_image_url,
        u1_0.updated_at 
    from
        users u1_0 
    where
        u1_0.email=?
2025-11-20T19:11:38.663+01:00  INFO 50871 --- [auth-service] [nio-8084-exec-5] com.balconazo.auth.service.AuthService   : Login exitoso para usuario: dual_test_1763662297@balconazo.com (isHost=false, isGuest=true)
2025-11-20T19:11:38.663+01:00 DEBUG 50871 --- [auth-service] [nio-8084-exec-5] org.hibernate.SQL                        : 
    insert 
    into
        refresh_tokens
        (created_at, expires_at, token, user_id, id) 
    values
        (?, ?, ?, ?, ?)
Hibernate: 
    insert 
    into
        refresh_tokens
        (created_at, expires_at, token, user_id, id) 
    values
        (?, ?, ?, ?, ?)
2025-11-20T19:11:38.719+01:00 DEBUG 50871 --- [auth-service] [nio-8084-exec-6] o.s.security.web.FilterChainProxy        : Securing GET /api/auth/me
2025-11-20T19:11:38.719+01:00 DEBUG 50871 --- [auth-service] [nio-8084-exec-6] o.s.s.w.a.AnonymousAuthenticationFilter  : Set SecurityContextHolder to anonymous SecurityContext
2025-11-20T19:11:38.719+01:00 DEBUG 50871 --- [auth-service] [nio-8084-exec-6] o.s.security.web.FilterChainProxy        : Secured GET /api/auth/me
2025-11-20T19:11:38.742+01:00  INFO 50871 --- [auth-service] [nio-8084-exec-6] c.b.auth.controller.AuthController       : GET /api/auth/me - UserId: 6b6f6d14-4c8d-4860-a96d-cbf506d2ccfa
2025-11-20T19:11:38.749+01:00 DEBUG 50871 --- [auth-service] [nio-8084-exec-6] org.hibernate.SQL                        : 
    select
        u1_0.id,
        u1_0.active,
        u1_0.created_at,
        u1_0.email,
        u1_0.is_guest,
        u1_0.is_host,
        u1_0.name,
        u1_0.password_hash,
        u1_0.phone,
        u1_0.profile_image_url,
        u1_0.updated_at 
    from
        users u1_0 
    where
        u1_0.id=?
Hibernate: 
    select
        u1_0.id,
        u1_0.active,
        u1_0.created_at,
        u1_0.email,
        u1_0.is_guest,
        u1_0.is_host,
        u1_0.name,
        u1_0.password_hash,
        u1_0.phone,
        u1_0.profile_image_url,
        u1_0.updated_at 
    from
        users u1_0 
    where
        u1_0.id=?
2025-11-20T19:11:38.813+01:00 DEBUG 50871 --- [auth-service] [nio-8084-exec-7] o.s.security.web.FilterChainProxy        : Securing GET /api/auth/me
2025-11-20T19:11:38.814+01:00 DEBUG 50871 --- [auth-service] [nio-8084-exec-7] o.s.s.w.a.AnonymousAuthenticationFilter  : Set SecurityContextHolder to anonymous SecurityContext
2025-11-20T19:11:38.814+01:00 DEBUG 50871 --- [auth-service] [nio-8084-exec-7] o.s.security.web.FilterChainProxy        : Secured GET /api/auth/me
2025-11-20T19:11:38.837+01:00  INFO 50871 --- [auth-service] [nio-8084-exec-7] c.b.auth.controller.AuthController       : GET /api/auth/me - UserId: 0c72a5d5-c11d-47be-972b-064179c42d85
2025-11-20T19:11:38.842+01:00 DEBUG 50871 --- [auth-service] [nio-8084-exec-7] org.hibernate.SQL                        : 
    select
        u1_0.id,
        u1_0.active,
        u1_0.created_at,
        u1_0.email,
        u1_0.is_guest,
        u1_0.is_host,
        u1_0.name,
        u1_0.password_hash,
        u1_0.phone,
        u1_0.profile_image_url,
        u1_0.updated_at 
    from
        users u1_0 
    where
        u1_0.id=?
Hibernate: 
    select
        u1_0.id,
        u1_0.active,
        u1_0.created_at,
        u1_0.email,
        u1_0.is_guest,
        u1_0.is_host,
        u1_0.name,
        u1_0.password_hash,
        u1_0.phone,
        u1_0.profile_image_url,
        u1_0.updated_at 
    from
        users u1_0 
    where
        u1_0.id=?
2025-11-20T19:11:38.943+01:00 DEBUG 50871 --- [auth-service] [nio-8084-exec-8] o.s.security.web.FilterChainProxy        : Securing GET /api/auth/me
2025-11-20T19:11:38.943+01:00 DEBUG 50871 --- [auth-service] [nio-8084-exec-8] o.s.s.w.a.AnonymousAuthenticationFilter  : Set SecurityContextHolder to anonymous SecurityContext
2025-11-20T19:11:38.943+01:00 DEBUG 50871 --- [auth-service] [nio-8084-exec-8] o.s.security.web.FilterChainProxy        : Secured GET /api/auth/me
2025-11-20T19:11:38.944+01:00  WARN 50871 --- [auth-service] [nio-8084-exec-8] c.b.auth.controller.AuthController       : GET /api/auth/me called without valid authentication
2025-11-20T19:11:57.669+01:00 DEBUG 50871 --- [auth-service] [nio-8084-exec-9] o.s.security.web.FilterChainProxy        : Securing POST /api/auth/login
2025-11-20T19:11:57.671+01:00 DEBUG 50871 --- [auth-service] [nio-8084-exec-9] o.s.s.w.a.AnonymousAuthenticationFilter  : Set SecurityContextHolder to anonymous SecurityContext
2025-11-20T19:11:57.672+01:00 DEBUG 50871 --- [auth-service] [nio-8084-exec-9] o.s.security.web.FilterChainProxy        : Secured POST /api/auth/login
2025-11-20T19:11:57.679+01:00  INFO 50871 --- [auth-service] [nio-8084-exec-9] c.b.auth.controller.AuthController       : POST /api/auth/login - Email: test_manual@balconazo.com
2025-11-20T19:11:57.688+01:00  INFO 50871 --- [auth-service] [nio-8084-exec-9] com.balconazo.auth.service.AuthService   : Intento de login para: test_manual@balconazo.com
2025-11-20T19:11:57.692+01:00 DEBUG 50871 --- [auth-service] [nio-8084-exec-9] org.hibernate.SQL                        : 
    select
        u1_0.id,
        u1_0.active,
        u1_0.created_at,
        u1_0.email,
        u1_0.is_guest,
        u1_0.is_host,
        u1_0.name,
        u1_0.password_hash,
        u1_0.phone,
        u1_0.profile_image_url,
        u1_0.updated_at 
    from
        users u1_0 
    where
        u1_0.email=?
Hibernate: 
    select
        u1_0.id,
        u1_0.active,
        u1_0.created_at,
        u1_0.email,
        u1_0.is_guest,
        u1_0.is_host,
        u1_0.name,
        u1_0.password_hash,
        u1_0.phone,
        u1_0.profile_image_url,
        u1_0.updated_at 
    from
        users u1_0 
    where
        u1_0.email=?
2025-11-20T19:11:57.788+01:00  INFO 50871 --- [auth-service] [nio-8084-exec-9] com.balconazo.auth.service.AuthService   : Login exitoso para usuario: test_manual@balconazo.com (isHost=false, isGuest=true)
2025-11-20T19:11:57.789+01:00 DEBUG 50871 --- [auth-service] [nio-8084-exec-9] org.hibernate.SQL                        : 
    insert 
    into
        refresh_tokens
        (created_at, expires_at, token, user_id, id) 
    values
        (?, ?, ?, ?, ?)
Hibernate: 
    insert 
    into
        refresh_tokens
        (created_at, expires_at, token, user_id, id) 
    values
        (?, ?, ?, ?, ?)
2025-11-20T19:14:48.320+01:00  INFO 50871 --- [auth-service] [rap-executor-%d] c.n.d.s.r.aws.ConfigClusterResolver      : Resolving eureka endpoints via configuration
2025-11-20T19:18:45.805+01:00 DEBUG 50871 --- [auth-service] [nio-8084-exec-1] o.s.security.web.FilterChainProxy        : Securing GET /actuator/health
2025-11-20T19:18:45.809+01:00 DEBUG 50871 --- [auth-service] [nio-8084-exec-1] o.s.s.w.a.AnonymousAuthenticationFilter  : Set SecurityContextHolder to anonymous SecurityContext
2025-11-20T19:18:45.810+01:00 DEBUG 50871 --- [auth-service] [nio-8084-exec-1] o.s.security.web.FilterChainProxy        : Secured GET /actuator/health
2025-11-20T19:19:01.375+01:00 DEBUG 50871 --- [auth-service] [nio-8084-exec-3] o.s.security.web.FilterChainProxy        : Securing POST /api/auth/register
2025-11-20T19:19:01.383+01:00 DEBUG 50871 --- [auth-service] [nio-8084-exec-3] o.s.s.w.a.AnonymousAuthenticationFilter  : Set SecurityContextHolder to anonymous SecurityContext
2025-11-20T19:19:01.384+01:00 DEBUG 50871 --- [auth-service] [nio-8084-exec-3] o.s.security.web.FilterChainProxy        : Secured POST /api/auth/register
2025-11-20T19:19:01.391+01:00  INFO 50871 --- [auth-service] [nio-8084-exec-3] c.b.auth.controller.AuthController       : POST /api/auth/register - Email: host_test_1763662741@balconazo.com
2025-11-20T19:19:01.400+01:00  INFO 50871 --- [auth-service] [nio-8084-exec-3] com.balconazo.auth.service.AuthService   : Registrando nuevo usuario: host_test_1763662741@balconazo.com
2025-11-20T19:19:01.413+01:00 DEBUG 50871 --- [auth-service] [nio-8084-exec-3] org.hibernate.SQL                        : 
    select
        u1_0.id 
    from
        users u1_0 
    where
        u1_0.email=? 
    limit
        ?
Hibernate: 
    select
        u1_0.id 
    from
        users u1_0 
    where
        u1_0.email=? 
    limit
        ?
2025-11-20T19:19:01.509+01:00  INFO 50871 --- [auth-service] [nio-8084-exec-3] com.balconazo.auth.service.AuthService   : Usuario registrado exitosamente con ID: ad816d58-7a3c-48ad-a870-291a054dac42 (isHost=false, isGuest=true)
2025-11-20T19:19:01.511+01:00 DEBUG 50871 --- [auth-service] [nio-8084-exec-3] org.hibernate.SQL                        : 
    insert 
    into
        users
        (active, created_at, email, is_guest, is_host, name, password_hash, phone, profile_image_url, updated_at, id) 
    values
        (?, ?, ?, ?, ?, ?, ?, ?, ?, ?, ?)
Hibernate: 
    insert 
    into
        users
        (active, created_at, email, is_guest, is_host, name, password_hash, phone, profile_image_url, updated_at, id) 
    values
        (?, ?, ?, ?, ?, ?, ?, ?, ?, ?, ?)
2025-11-20T19:19:01.585+01:00 DEBUG 50871 --- [auth-service] [nio-8084-exec-4] o.s.security.web.FilterChainProxy        : Securing POST /api/auth/login
2025-11-20T19:19:01.585+01:00 DEBUG 50871 --- [auth-service] [nio-8084-exec-4] o.s.s.w.a.AnonymousAuthenticationFilter  : Set SecurityContextHolder to anonymous SecurityContext
2025-11-20T19:19:01.586+01:00 DEBUG 50871 --- [auth-service] [nio-8084-exec-4] o.s.security.web.FilterChainProxy        : Secured POST /api/auth/login
2025-11-20T19:19:01.586+01:00  INFO 50871 --- [auth-service] [nio-8084-exec-4] c.b.auth.controller.AuthController       : POST /api/auth/login - Email: host_test_1763662741@balconazo.com
2025-11-20T19:19:01.588+01:00  INFO 50871 --- [auth-service] [nio-8084-exec-4] com.balconazo.auth.service.AuthService   : Intento de login para: host_test_1763662741@balconazo.com
2025-11-20T19:19:01.589+01:00 DEBUG 50871 --- [auth-service] [nio-8084-exec-4] org.hibernate.SQL                        : 
    select
        u1_0.id,
        u1_0.active,
        u1_0.created_at,
        u1_0.email,
        u1_0.is_guest,
        u1_0.is_host,
        u1_0.name,
        u1_0.password_hash,
        u1_0.phone,
        u1_0.profile_image_url,
        u1_0.updated_at 
    from
        users u1_0 
    where
        u1_0.email=?
Hibernate: 
    select
        u1_0.id,
        u1_0.active,
        u1_0.created_at,
        u1_0.email,
        u1_0.is_guest,
        u1_0.is_host,
        u1_0.name,
        u1_0.password_hash,
        u1_0.phone,
        u1_0.profile_image_url,
        u1_0.updated_at 
    from
        users u1_0 
    where
        u1_0.email=?
2025-11-20T19:19:01.672+01:00  INFO 50871 --- [auth-service] [nio-8084-exec-4] com.balconazo.auth.service.AuthService   : Login exitoso para usuario: host_test_1763662741@balconazo.com (isHost=false, isGuest=true)
2025-11-20T19:19:01.673+01:00 DEBUG 50871 --- [auth-service] [nio-8084-exec-4] org.hibernate.SQL                        : 
    insert 
    into
        refresh_tokens
        (created_at, expires_at, token, user_id, id) 
    values
        (?, ?, ?, ?, ?)
Hibernate: 
    insert 
    into
        refresh_tokens
        (created_at, expires_at, token, user_id, id) 
    values
        (?, ?, ?, ?, ?)
2025-11-20T19:19:01.755+01:00 DEBUG 50871 --- [auth-service] [nio-8084-exec-5] o.s.security.web.FilterChainProxy        : Securing POST /api/auth/register
2025-11-20T19:19:01.756+01:00 DEBUG 50871 --- [auth-service] [nio-8084-exec-5] o.s.s.w.a.AnonymousAuthenticationFilter  : Set SecurityContextHolder to anonymous SecurityContext
2025-11-20T19:19:01.756+01:00 DEBUG 50871 --- [auth-service] [nio-8084-exec-5] o.s.security.web.FilterChainProxy        : Secured POST /api/auth/register
2025-11-20T19:19:01.757+01:00  INFO 50871 --- [auth-service] [nio-8084-exec-5] c.b.auth.controller.AuthController       : POST /api/auth/register - Email: guest_test_1763662741@balconazo.com
2025-11-20T19:19:01.758+01:00  INFO 50871 --- [auth-service] [nio-8084-exec-5] com.balconazo.auth.service.AuthService   : Registrando nuevo usuario: guest_test_1763662741@balconazo.com
2025-11-20T19:19:01.759+01:00 DEBUG 50871 --- [auth-service] [nio-8084-exec-5] org.hibernate.SQL                        : 
    select
        u1_0.id 
    from
        users u1_0 
    where
        u1_0.email=? 
    limit
        ?
Hibernate: 
    select
        u1_0.id 
    from
        users u1_0 
    where
        u1_0.email=? 
    limit
        ?
2025-11-20T19:19:01.844+01:00  INFO 50871 --- [auth-service] [nio-8084-exec-5] com.balconazo.auth.service.AuthService   : Usuario registrado exitosamente con ID: bda60729-51ab-4efc-9f7b-c28da0a64f3e (isHost=false, isGuest=true)
2025-11-20T19:19:01.844+01:00 DEBUG 50871 --- [auth-service] [nio-8084-exec-5] org.hibernate.SQL                        : 
    insert 
    into
        users
        (active, created_at, email, is_guest, is_host, name, password_hash, phone, profile_image_url, updated_at, id) 
    values
        (?, ?, ?, ?, ?, ?, ?, ?, ?, ?, ?)
Hibernate: 
    insert 
    into
        users
        (active, created_at, email, is_guest, is_host, name, password_hash, phone, profile_image_url, updated_at, id) 
    values
        (?, ?, ?, ?, ?, ?, ?, ?, ?, ?, ?)
2025-11-20T19:19:01.891+01:00 DEBUG 50871 --- [auth-service] [nio-8084-exec-6] o.s.security.web.FilterChainProxy        : Securing POST /api/auth/login
2025-11-20T19:19:01.891+01:00 DEBUG 50871 --- [auth-service] [nio-8084-exec-6] o.s.s.w.a.AnonymousAuthenticationFilter  : Set SecurityContextHolder to anonymous SecurityContext
2025-11-20T19:19:01.892+01:00 DEBUG 50871 --- [auth-service] [nio-8084-exec-6] o.s.security.web.FilterChainProxy        : Secured POST /api/auth/login
2025-11-20T19:19:01.892+01:00  INFO 50871 --- [auth-service] [nio-8084-exec-6] c.b.auth.controller.AuthController       : POST /api/auth/login - Email: guest_test_1763662741@balconazo.com
2025-11-20T19:19:01.894+01:00  INFO 50871 --- [auth-service] [nio-8084-exec-6] com.balconazo.auth.service.AuthService   : Intento de login para: guest_test_1763662741@balconazo.com
2025-11-20T19:19:01.895+01:00 DEBUG 50871 --- [auth-service] [nio-8084-exec-6] org.hibernate.SQL                        : 
    select
        u1_0.id,
        u1_0.active,
        u1_0.created_at,
        u1_0.email,
        u1_0.is_guest,
        u1_0.is_host,
        u1_0.name,
        u1_0.password_hash,
        u1_0.phone,
        u1_0.profile_image_url,
        u1_0.updated_at 
    from
        users u1_0 
    where
        u1_0.email=?
Hibernate: 
    select
        u1_0.id,
        u1_0.active,
        u1_0.created_at,
        u1_0.email,
        u1_0.is_guest,
        u1_0.is_host,
        u1_0.name,
        u1_0.password_hash,
        u1_0.phone,
        u1_0.profile_image_url,
        u1_0.updated_at 
    from
        users u1_0 
    where
        u1_0.email=?
2025-11-20T19:19:01.976+01:00  INFO 50871 --- [auth-service] [nio-8084-exec-6] com.balconazo.auth.service.AuthService   : Login exitoso para usuario: guest_test_1763662741@balconazo.com (isHost=false, isGuest=true)
2025-11-20T19:19:01.977+01:00 DEBUG 50871 --- [auth-service] [nio-8084-exec-6] org.hibernate.SQL                        : 
    insert 
    into
        refresh_tokens
        (created_at, expires_at, token, user_id, id) 
    values
        (?, ?, ?, ?, ?)
Hibernate: 
    insert 
    into
        refresh_tokens
        (created_at, expires_at, token, user_id, id) 
    values
        (?, ?, ?, ?, ?)
2025-11-20T19:19:02.023+01:00 DEBUG 50871 --- [auth-service] [nio-8084-exec-7] o.s.security.web.FilterChainProxy        : Securing POST /api/auth/register
2025-11-20T19:19:02.023+01:00 DEBUG 50871 --- [auth-service] [nio-8084-exec-7] o.s.s.w.a.AnonymousAuthenticationFilter  : Set SecurityContextHolder to anonymous SecurityContext
2025-11-20T19:19:02.023+01:00 DEBUG 50871 --- [auth-service] [nio-8084-exec-7] o.s.security.web.FilterChainProxy        : Secured POST /api/auth/register
2025-11-20T19:19:02.024+01:00  INFO 50871 --- [auth-service] [nio-8084-exec-7] c.b.auth.controller.AuthController       : POST /api/auth/register - Email: dual_test_1763662741@balconazo.com
2025-11-20T19:19:02.025+01:00  INFO 50871 --- [auth-service] [nio-8084-exec-7] com.balconazo.auth.service.AuthService   : Registrando nuevo usuario: dual_test_1763662741@balconazo.com
2025-11-20T19:19:02.025+01:00 DEBUG 50871 --- [auth-service] [nio-8084-exec-7] org.hibernate.SQL                        : 
    select
        u1_0.id 
    from
        users u1_0 
    where
        u1_0.email=? 
    limit
        ?
Hibernate: 
    select
        u1_0.id 
    from
        users u1_0 
    where
        u1_0.email=? 
    limit
        ?
2025-11-20T19:19:02.102+01:00  INFO 50871 --- [auth-service] [nio-8084-exec-7] com.balconazo.auth.service.AuthService   : Usuario registrado exitosamente con ID: 5a13c074-8dcb-4c15-885f-5d2c18d7cf9b (isHost=false, isGuest=true)
2025-11-20T19:19:02.102+01:00 DEBUG 50871 --- [auth-service] [nio-8084-exec-7] org.hibernate.SQL                        : 
    insert 
    into
        users
        (active, created_at, email, is_guest, is_host, name, password_hash, phone, profile_image_url, updated_at, id) 
    values
        (?, ?, ?, ?, ?, ?, ?, ?, ?, ?, ?)
Hibernate: 
    insert 
    into
        users
        (active, created_at, email, is_guest, is_host, name, password_hash, phone, profile_image_url, updated_at, id) 
    values
        (?, ?, ?, ?, ?, ?, ?, ?, ?, ?, ?)
2025-11-20T19:19:02.157+01:00 DEBUG 50871 --- [auth-service] [nio-8084-exec-8] o.s.security.web.FilterChainProxy        : Securing POST /api/auth/login
2025-11-20T19:19:02.157+01:00 DEBUG 50871 --- [auth-service] [nio-8084-exec-8] o.s.s.w.a.AnonymousAuthenticationFilter  : Set SecurityContextHolder to anonymous SecurityContext
2025-11-20T19:19:02.157+01:00 DEBUG 50871 --- [auth-service] [nio-8084-exec-8] o.s.security.web.FilterChainProxy        : Secured POST /api/auth/login
2025-11-20T19:19:02.158+01:00  INFO 50871 --- [auth-service] [nio-8084-exec-8] c.b.auth.controller.AuthController       : POST /api/auth/login - Email: dual_test_1763662741@balconazo.com
2025-11-20T19:19:02.159+01:00  INFO 50871 --- [auth-service] [nio-8084-exec-8] com.balconazo.auth.service.AuthService   : Intento de login para: dual_test_1763662741@balconazo.com
2025-11-20T19:19:02.160+01:00 DEBUG 50871 --- [auth-service] [nio-8084-exec-8] org.hibernate.SQL                        : 
    select
        u1_0.id,
        u1_0.active,
        u1_0.created_at,
        u1_0.email,
        u1_0.is_guest,
        u1_0.is_host,
        u1_0.name,
        u1_0.password_hash,
        u1_0.phone,
        u1_0.profile_image_url,
        u1_0.updated_at 
    from
        users u1_0 
    where
        u1_0.email=?
Hibernate: 
    select
        u1_0.id,
        u1_0.active,
        u1_0.created_at,
        u1_0.email,
        u1_0.is_guest,
        u1_0.is_host,
        u1_0.name,
        u1_0.password_hash,
        u1_0.phone,
        u1_0.profile_image_url,
        u1_0.updated_at 
    from
        users u1_0 
    where
        u1_0.email=?
2025-11-20T19:19:02.248+01:00  INFO 50871 --- [auth-service] [nio-8084-exec-8] com.balconazo.auth.service.AuthService   : Login exitoso para usuario: dual_test_1763662741@balconazo.com (isHost=false, isGuest=true)
2025-11-20T19:19:02.249+01:00 DEBUG 50871 --- [auth-service] [nio-8084-exec-8] org.hibernate.SQL                        : 
    insert 
    into
        refresh_tokens
        (created_at, expires_at, token, user_id, id) 
    values
        (?, ?, ?, ?, ?)
Hibernate: 
    insert 
    into
        refresh_tokens
        (created_at, expires_at, token, user_id, id) 
    values
        (?, ?, ?, ?, ?)
2025-11-20T19:19:02.296+01:00 DEBUG 50871 --- [auth-service] [nio-8084-exec-9] o.s.security.web.FilterChainProxy        : Securing GET /api/auth/me
2025-11-20T19:19:02.296+01:00 DEBUG 50871 --- [auth-service] [nio-8084-exec-9] o.s.s.w.a.AnonymousAuthenticationFilter  : Set SecurityContextHolder to anonymous SecurityContext
2025-11-20T19:19:02.296+01:00 DEBUG 50871 --- [auth-service] [nio-8084-exec-9] o.s.security.web.FilterChainProxy        : Secured GET /api/auth/me
2025-11-20T19:19:02.299+01:00  INFO 50871 --- [auth-service] [nio-8084-exec-9] c.b.auth.controller.AuthController       : GET /api/auth/me - UserId: ad816d58-7a3c-48ad-a870-291a054dac42
2025-11-20T19:19:02.301+01:00 DEBUG 50871 --- [auth-service] [nio-8084-exec-9] org.hibernate.SQL                        : 
    select
        u1_0.id,
        u1_0.active,
        u1_0.created_at,
        u1_0.email,
        u1_0.is_guest,
        u1_0.is_host,
        u1_0.name,
        u1_0.password_hash,
        u1_0.phone,
        u1_0.profile_image_url,
        u1_0.updated_at 
    from
        users u1_0 
    where
        u1_0.id=?
Hibernate: 
    select
        u1_0.id,
        u1_0.active,
        u1_0.created_at,
        u1_0.email,
        u1_0.is_guest,
        u1_0.is_host,
        u1_0.name,
        u1_0.password_hash,
        u1_0.phone,
        u1_0.profile_image_url,
        u1_0.updated_at 
    from
        users u1_0 
    where
        u1_0.id=?
2025-11-20T19:19:02.345+01:00 DEBUG 50871 --- [auth-service] [io-8084-exec-10] o.s.security.web.FilterChainProxy        : Securing GET /api/auth/me
2025-11-20T19:19:02.345+01:00 DEBUG 50871 --- [auth-service] [io-8084-exec-10] o.s.s.w.a.AnonymousAuthenticationFilter  : Set SecurityContextHolder to anonymous SecurityContext
2025-11-20T19:19:02.346+01:00 DEBUG 50871 --- [auth-service] [io-8084-exec-10] o.s.security.web.FilterChainProxy        : Secured GET /api/auth/me
2025-11-20T19:19:02.348+01:00  INFO 50871 --- [auth-service] [io-8084-exec-10] c.b.auth.controller.AuthController       : GET /api/auth/me - UserId: bda60729-51ab-4efc-9f7b-c28da0a64f3e
2025-11-20T19:19:02.351+01:00 DEBUG 50871 --- [auth-service] [io-8084-exec-10] org.hibernate.SQL                        : 
    select
        u1_0.id,
        u1_0.active,
        u1_0.created_at,
        u1_0.email,
        u1_0.is_guest,
        u1_0.is_host,
        u1_0.name,
        u1_0.password_hash,
        u1_0.phone,
        u1_0.profile_image_url,
        u1_0.updated_at 
    from
        users u1_0 
    where
        u1_0.id=?
Hibernate: 
    select
        u1_0.id,
        u1_0.active,
        u1_0.created_at,
        u1_0.email,
        u1_0.is_guest,
        u1_0.is_host,
        u1_0.name,
        u1_0.password_hash,
        u1_0.phone,
        u1_0.profile_image_url,
        u1_0.updated_at 
    from
        users u1_0 
    where
        u1_0.id=?
2025-11-20T19:19:02.390+01:00 DEBUG 50871 --- [auth-service] [nio-8084-exec-1] o.s.security.web.FilterChainProxy        : Securing GET /api/auth/me
2025-11-20T19:19:02.390+01:00 DEBUG 50871 --- [auth-service] [nio-8084-exec-1] o.s.s.w.a.AnonymousAuthenticationFilter  : Set SecurityContextHolder to anonymous SecurityContext
2025-11-20T19:19:02.390+01:00 DEBUG 50871 --- [auth-service] [nio-8084-exec-1] o.s.security.web.FilterChainProxy        : Secured GET /api/auth/me
2025-11-20T19:19:02.391+01:00  WARN 50871 --- [auth-service] [nio-8084-exec-1] c.b.auth.controller.AuthController       : GET /api/auth/me called without valid authentication
2025-11-20T19:19:29.537+01:00 DEBUG 50871 --- [auth-service] [nio-8084-exec-2] o.s.security.web.FilterChainProxy        : Securing POST /api/auth/login
2025-11-20T19:19:29.538+01:00 DEBUG 50871 --- [auth-service] [nio-8084-exec-2] o.s.s.w.a.AnonymousAuthenticationFilter  : Set SecurityContextHolder to anonymous SecurityContext
2025-11-20T19:19:29.540+01:00 DEBUG 50871 --- [auth-service] [nio-8084-exec-2] o.s.security.web.FilterChainProxy        : Secured POST /api/auth/login
2025-11-20T19:19:29.547+01:00  INFO 50871 --- [auth-service] [nio-8084-exec-2] c.b.auth.controller.AuthController       : POST /api/auth/login - Email: test_manual@balconazo.com
2025-11-20T19:19:29.556+01:00  INFO 50871 --- [auth-service] [nio-8084-exec-2] com.balconazo.auth.service.AuthService   : Intento de login para: test_manual@balconazo.com
2025-11-20T19:19:29.560+01:00 DEBUG 50871 --- [auth-service] [nio-8084-exec-2] org.hibernate.SQL                        : 
    select
        u1_0.id,
        u1_0.active,
        u1_0.created_at,
        u1_0.email,
        u1_0.is_guest,
        u1_0.is_host,
        u1_0.name,
        u1_0.password_hash,
        u1_0.phone,
        u1_0.profile_image_url,
        u1_0.updated_at 
    from
        users u1_0 
    where
        u1_0.email=?
Hibernate: 
    select
        u1_0.id,
        u1_0.active,
        u1_0.created_at,
        u1_0.email,
        u1_0.is_guest,
        u1_0.is_host,
        u1_0.name,
        u1_0.password_hash,
        u1_0.phone,
        u1_0.profile_image_url,
        u1_0.updated_at 
    from
        users u1_0 
    where
        u1_0.email=?
2025-11-20T19:19:29.661+01:00  INFO 50871 --- [auth-service] [nio-8084-exec-2] com.balconazo.auth.service.AuthService   : Login exitoso para usuario: test_manual@balconazo.com (isHost=false, isGuest=true)
2025-11-20T19:19:29.662+01:00 DEBUG 50871 --- [auth-service] [nio-8084-exec-2] org.hibernate.SQL                        : 
    insert 
    into
        refresh_tokens
        (created_at, expires_at, token, user_id, id) 
    values
        (?, ?, ?, ?, ?)
Hibernate: 
    insert 
    into
        refresh_tokens
        (created_at, expires_at, token, user_id, id) 
    values
        (?, ?, ?, ?, ?)
2025-11-20T19:19:48.333+01:00  INFO 50871 --- [auth-service] [rap-executor-%d] c.n.d.s.r.aws.ConfigClusterResolver      : Resolving eureka endpoints via configuration
2025-11-20T19:22:19.272+01:00 DEBUG 50871 --- [auth-service] [nio-8084-exec-4] o.s.security.web.FilterChainProxy        : Securing POST /api/auth/register
2025-11-20T19:22:19.273+01:00 DEBUG 50871 --- [auth-service] [nio-8084-exec-4] o.s.s.w.a.AnonymousAuthenticationFilter  : Set SecurityContextHolder to anonymous SecurityContext
2025-11-20T19:22:19.274+01:00 DEBUG 50871 --- [auth-service] [nio-8084-exec-4] o.s.security.web.FilterChainProxy        : Secured POST /api/auth/register
2025-11-20T19:22:19.283+01:00  INFO 50871 --- [auth-service] [nio-8084-exec-4] c.b.auth.controller.AuthController       : POST /api/auth/register - Email: host_test_1763662938@balconazo.com
2025-11-20T19:22:19.290+01:00  INFO 50871 --- [auth-service] [nio-8084-exec-4] com.balconazo.auth.service.AuthService   : Registrando nuevo usuario: host_test_1763662938@balconazo.com
2025-11-20T19:22:19.294+01:00 DEBUG 50871 --- [auth-service] [nio-8084-exec-4] org.hibernate.SQL                        : 
    select
        u1_0.id 
    from
        users u1_0 
    where
        u1_0.email=? 
    limit
        ?
Hibernate: 
    select
        u1_0.id 
    from
        users u1_0 
    where
        u1_0.email=? 
    limit
        ?
2025-11-20T19:22:19.391+01:00  INFO 50871 --- [auth-service] [nio-8084-exec-4] com.balconazo.auth.service.AuthService   : Usuario registrado exitosamente con ID: d3015b20-ae49-453d-a4eb-080d10125f74 (isHost=false, isGuest=true)
2025-11-20T19:22:19.392+01:00 DEBUG 50871 --- [auth-service] [nio-8084-exec-4] org.hibernate.SQL                        : 
    insert 
    into
        users
        (active, created_at, email, is_guest, is_host, name, password_hash, phone, profile_image_url, updated_at, id) 
    values
        (?, ?, ?, ?, ?, ?, ?, ?, ?, ?, ?)
Hibernate: 
    insert 
    into
        users
        (active, created_at, email, is_guest, is_host, name, password_hash, phone, profile_image_url, updated_at, id) 
    values
        (?, ?, ?, ?, ?, ?, ?, ?, ?, ?, ?)
2025-11-20T19:22:19.474+01:00 DEBUG 50871 --- [auth-service] [nio-8084-exec-5] o.s.security.web.FilterChainProxy        : Securing POST /api/auth/login
2025-11-20T19:22:19.475+01:00 DEBUG 50871 --- [auth-service] [nio-8084-exec-5] o.s.s.w.a.AnonymousAuthenticationFilter  : Set SecurityContextHolder to anonymous SecurityContext
2025-11-20T19:22:19.475+01:00 DEBUG 50871 --- [auth-service] [nio-8084-exec-5] o.s.security.web.FilterChainProxy        : Secured POST /api/auth/login
2025-11-20T19:22:19.476+01:00  INFO 50871 --- [auth-service] [nio-8084-exec-5] c.b.auth.controller.AuthController       : POST /api/auth/login - Email: host_test_1763662938@balconazo.com
2025-11-20T19:22:19.477+01:00  INFO 50871 --- [auth-service] [nio-8084-exec-5] com.balconazo.auth.service.AuthService   : Intento de login para: host_test_1763662938@balconazo.com
2025-11-20T19:22:19.478+01:00 DEBUG 50871 --- [auth-service] [nio-8084-exec-5] org.hibernate.SQL                        : 
    select
        u1_0.id,
        u1_0.active,
        u1_0.created_at,
        u1_0.email,
        u1_0.is_guest,
        u1_0.is_host,
        u1_0.name,
        u1_0.password_hash,
        u1_0.phone,
        u1_0.profile_image_url,
        u1_0.updated_at 
    from
        users u1_0 
    where
        u1_0.email=?
Hibernate: 
    select
        u1_0.id,
        u1_0.active,
        u1_0.created_at,
        u1_0.email,
        u1_0.is_guest,
        u1_0.is_host,
        u1_0.name,
        u1_0.password_hash,
        u1_0.phone,
        u1_0.profile_image_url,
        u1_0.updated_at 
    from
        users u1_0 
    where
        u1_0.email=?
2025-11-20T19:22:19.563+01:00  INFO 50871 --- [auth-service] [nio-8084-exec-5] com.balconazo.auth.service.AuthService   : Login exitoso para usuario: host_test_1763662938@balconazo.com (isHost=false, isGuest=true)
2025-11-20T19:22:19.563+01:00 DEBUG 50871 --- [auth-service] [nio-8084-exec-5] org.hibernate.SQL                        : 
    insert 
    into
        refresh_tokens
        (created_at, expires_at, token, user_id, id) 
    values
        (?, ?, ?, ?, ?)
Hibernate: 
    insert 
    into
        refresh_tokens
        (created_at, expires_at, token, user_id, id) 
    values
        (?, ?, ?, ?, ?)
2025-11-20T19:22:19.618+01:00 DEBUG 50871 --- [auth-service] [nio-8084-exec-6] o.s.security.web.FilterChainProxy        : Securing POST /api/auth/register
2025-11-20T19:22:19.618+01:00 DEBUG 50871 --- [auth-service] [nio-8084-exec-6] o.s.s.w.a.AnonymousAuthenticationFilter  : Set SecurityContextHolder to anonymous SecurityContext
2025-11-20T19:22:19.618+01:00 DEBUG 50871 --- [auth-service] [nio-8084-exec-6] o.s.security.web.FilterChainProxy        : Secured POST /api/auth/register
2025-11-20T19:22:19.619+01:00  INFO 50871 --- [auth-service] [nio-8084-exec-6] c.b.auth.controller.AuthController       : POST /api/auth/register - Email: guest_test_1763662938@balconazo.com
2025-11-20T19:22:19.621+01:00  INFO 50871 --- [auth-service] [nio-8084-exec-6] com.balconazo.auth.service.AuthService   : Registrando nuevo usuario: guest_test_1763662938@balconazo.com
2025-11-20T19:22:19.621+01:00 DEBUG 50871 --- [auth-service] [nio-8084-exec-6] org.hibernate.SQL                        : 
    select
        u1_0.id 
    from
        users u1_0 
    where
        u1_0.email=? 
    limit
        ?
Hibernate: 
    select
        u1_0.id 
    from
        users u1_0 
    where
        u1_0.email=? 
    limit
        ?
2025-11-20T19:22:19.705+01:00  INFO 50871 --- [auth-service] [nio-8084-exec-6] com.balconazo.auth.service.AuthService   : Usuario registrado exitosamente con ID: ce93d726-0e95-455d-8a66-05754f013ddc (isHost=false, isGuest=true)
2025-11-20T19:22:19.706+01:00 DEBUG 50871 --- [auth-service] [nio-8084-exec-6] org.hibernate.SQL                        : 
    insert 
    into
        users
        (active, created_at, email, is_guest, is_host, name, password_hash, phone, profile_image_url, updated_at, id) 
    values
        (?, ?, ?, ?, ?, ?, ?, ?, ?, ?, ?)
Hibernate: 
    insert 
    into
        users
        (active, created_at, email, is_guest, is_host, name, password_hash, phone, profile_image_url, updated_at, id) 
    values
        (?, ?, ?, ?, ?, ?, ?, ?, ?, ?, ?)
2025-11-20T19:22:19.757+01:00 DEBUG 50871 --- [auth-service] [nio-8084-exec-7] o.s.security.web.FilterChainProxy        : Securing POST /api/auth/login
2025-11-20T19:22:19.757+01:00 DEBUG 50871 --- [auth-service] [nio-8084-exec-7] o.s.s.w.a.AnonymousAuthenticationFilter  : Set SecurityContextHolder to anonymous SecurityContext
2025-11-20T19:22:19.758+01:00 DEBUG 50871 --- [auth-service] [nio-8084-exec-7] o.s.security.web.FilterChainProxy        : Secured POST /api/auth/login
2025-11-20T19:22:19.759+01:00  INFO 50871 --- [auth-service] [nio-8084-exec-7] c.b.auth.controller.AuthController       : POST /api/auth/login - Email: guest_test_1763662938@balconazo.com
2025-11-20T19:22:19.759+01:00  INFO 50871 --- [auth-service] [nio-8084-exec-7] com.balconazo.auth.service.AuthService   : Intento de login para: guest_test_1763662938@balconazo.com
2025-11-20T19:22:19.760+01:00 DEBUG 50871 --- [auth-service] [nio-8084-exec-7] org.hibernate.SQL                        : 
    select
        u1_0.id,
        u1_0.active,
        u1_0.created_at,
        u1_0.email,
        u1_0.is_guest,
        u1_0.is_host,
        u1_0.name,
        u1_0.password_hash,
        u1_0.phone,
        u1_0.profile_image_url,
        u1_0.updated_at 
    from
        users u1_0 
    where
        u1_0.email=?
Hibernate: 
    select
        u1_0.id,
        u1_0.active,
        u1_0.created_at,
        u1_0.email,
        u1_0.is_guest,
        u1_0.is_host,
        u1_0.name,
        u1_0.password_hash,
        u1_0.phone,
        u1_0.profile_image_url,
        u1_0.updated_at 
    from
        users u1_0 
    where
        u1_0.email=?
2025-11-20T19:22:19.842+01:00  INFO 50871 --- [auth-service] [nio-8084-exec-7] com.balconazo.auth.service.AuthService   : Login exitoso para usuario: guest_test_1763662938@balconazo.com (isHost=false, isGuest=true)
2025-11-20T19:22:19.842+01:00 DEBUG 50871 --- [auth-service] [nio-8084-exec-7] org.hibernate.SQL                        : 
    insert 
    into
        refresh_tokens
        (created_at, expires_at, token, user_id, id) 
    values
        (?, ?, ?, ?, ?)
Hibernate: 
    insert 
    into
        refresh_tokens
        (created_at, expires_at, token, user_id, id) 
    values
        (?, ?, ?, ?, ?)
2025-11-20T19:22:19.894+01:00 DEBUG 50871 --- [auth-service] [nio-8084-exec-8] o.s.security.web.FilterChainProxy        : Securing POST /api/auth/register
2025-11-20T19:22:19.894+01:00 DEBUG 50871 --- [auth-service] [nio-8084-exec-8] o.s.s.w.a.AnonymousAuthenticationFilter  : Set SecurityContextHolder to anonymous SecurityContext
2025-11-20T19:22:19.894+01:00 DEBUG 50871 --- [auth-service] [nio-8084-exec-8] o.s.security.web.FilterChainProxy        : Secured POST /api/auth/register
2025-11-20T19:22:19.896+01:00  INFO 50871 --- [auth-service] [nio-8084-exec-8] c.b.auth.controller.AuthController       : POST /api/auth/register - Email: dual_test_1763662938@balconazo.com
2025-11-20T19:22:19.897+01:00  INFO 50871 --- [auth-service] [nio-8084-exec-8] com.balconazo.auth.service.AuthService   : Registrando nuevo usuario: dual_test_1763662938@balconazo.com
2025-11-20T19:22:19.898+01:00 DEBUG 50871 --- [auth-service] [nio-8084-exec-8] org.hibernate.SQL                        : 
    select
        u1_0.id 
    from
        users u1_0 
    where
        u1_0.email=? 
    limit
        ?
Hibernate: 
    select
        u1_0.id 
    from
        users u1_0 
    where
        u1_0.email=? 
    limit
        ?
2025-11-20T19:22:19.979+01:00  INFO 50871 --- [auth-service] [nio-8084-exec-8] com.balconazo.auth.service.AuthService   : Usuario registrado exitosamente con ID: e6b950c9-141c-4018-859e-85285ce26a57 (isHost=false, isGuest=true)
2025-11-20T19:22:19.980+01:00 DEBUG 50871 --- [auth-service] [nio-8084-exec-8] org.hibernate.SQL                        : 
    insert 
    into
        users
        (active, created_at, email, is_guest, is_host, name, password_hash, phone, profile_image_url, updated_at, id) 
    values
        (?, ?, ?, ?, ?, ?, ?, ?, ?, ?, ?)
Hibernate: 
    insert 
    into
        users
        (active, created_at, email, is_guest, is_host, name, password_hash, phone, profile_image_url, updated_at, id) 
    values
        (?, ?, ?, ?, ?, ?, ?, ?, ?, ?, ?)
2025-11-20T19:22:20.030+01:00 DEBUG 50871 --- [auth-service] [nio-8084-exec-9] o.s.security.web.FilterChainProxy        : Securing POST /api/auth/login
2025-11-20T19:22:20.030+01:00 DEBUG 50871 --- [auth-service] [nio-8084-exec-9] o.s.s.w.a.AnonymousAuthenticationFilter  : Set SecurityContextHolder to anonymous SecurityContext
2025-11-20T19:22:20.030+01:00 DEBUG 50871 --- [auth-service] [nio-8084-exec-9] o.s.security.web.FilterChainProxy        : Secured POST /api/auth/login
2025-11-20T19:22:20.031+01:00  INFO 50871 --- [auth-service] [nio-8084-exec-9] c.b.auth.controller.AuthController       : POST /api/auth/login - Email: dual_test_1763662938@balconazo.com
2025-11-20T19:22:20.032+01:00  INFO 50871 --- [auth-service] [nio-8084-exec-9] com.balconazo.auth.service.AuthService   : Intento de login para: dual_test_1763662938@balconazo.com
2025-11-20T19:22:20.033+01:00 DEBUG 50871 --- [auth-service] [nio-8084-exec-9] org.hibernate.SQL                        : 
    select
        u1_0.id,
        u1_0.active,
        u1_0.created_at,
        u1_0.email,
        u1_0.is_guest,
        u1_0.is_host,
        u1_0.name,
        u1_0.password_hash,
        u1_0.phone,
        u1_0.profile_image_url,
        u1_0.updated_at 
    from
        users u1_0 
    where
        u1_0.email=?
Hibernate: 
    select
        u1_0.id,
        u1_0.active,
        u1_0.created_at,
        u1_0.email,
        u1_0.is_guest,
        u1_0.is_host,
        u1_0.name,
        u1_0.password_hash,
        u1_0.phone,
        u1_0.profile_image_url,
        u1_0.updated_at 
    from
        users u1_0 
    where
        u1_0.email=?
2025-11-20T19:22:20.111+01:00  INFO 50871 --- [auth-service] [nio-8084-exec-9] com.balconazo.auth.service.AuthService   : Login exitoso para usuario: dual_test_1763662938@balconazo.com (isHost=false, isGuest=true)
2025-11-20T19:22:20.125+01:00 DEBUG 50871 --- [auth-service] [nio-8084-exec-9] org.hibernate.SQL                        : 
    insert 
    into
        refresh_tokens
        (created_at, expires_at, token, user_id, id) 
    values
        (?, ?, ?, ?, ?)
Hibernate: 
    insert 
    into
        refresh_tokens
        (created_at, expires_at, token, user_id, id) 
    values
        (?, ?, ?, ?, ?)
2025-11-20T19:22:20.204+01:00 DEBUG 50871 --- [auth-service] [io-8084-exec-10] o.s.security.web.FilterChainProxy        : Securing GET /api/auth/me
2025-11-20T19:22:20.205+01:00 DEBUG 50871 --- [auth-service] [io-8084-exec-10] o.s.s.w.a.AnonymousAuthenticationFilter  : Set SecurityContextHolder to anonymous SecurityContext
2025-11-20T19:22:20.205+01:00 DEBUG 50871 --- [auth-service] [io-8084-exec-10] o.s.security.web.FilterChainProxy        : Secured GET /api/auth/me
2025-11-20T19:22:20.207+01:00  INFO 50871 --- [auth-service] [io-8084-exec-10] c.b.auth.controller.AuthController       : GET /api/auth/me - UserId: d3015b20-ae49-453d-a4eb-080d10125f74
2025-11-20T19:22:20.209+01:00 DEBUG 50871 --- [auth-service] [io-8084-exec-10] org.hibernate.SQL                        : 
    select
        u1_0.id,
        u1_0.active,
        u1_0.created_at,
        u1_0.email,
        u1_0.is_guest,
        u1_0.is_host,
        u1_0.name,
        u1_0.password_hash,
        u1_0.phone,
        u1_0.profile_image_url,
        u1_0.updated_at 
    from
        users u1_0 
    where
        u1_0.id=?
Hibernate: 
    select
        u1_0.id,
        u1_0.active,
        u1_0.created_at,
        u1_0.email,
        u1_0.is_guest,
        u1_0.is_host,
        u1_0.name,
        u1_0.password_hash,
        u1_0.phone,
        u1_0.profile_image_url,
        u1_0.updated_at 
    from
        users u1_0 
    where
        u1_0.id=?
2025-11-20T19:22:20.270+01:00 DEBUG 50871 --- [auth-service] [nio-8084-exec-1] o.s.security.web.FilterChainProxy        : Securing GET /api/auth/me
2025-11-20T19:22:20.270+01:00 DEBUG 50871 --- [auth-service] [nio-8084-exec-1] o.s.s.w.a.AnonymousAuthenticationFilter  : Set SecurityContextHolder to anonymous SecurityContext
2025-11-20T19:22:20.270+01:00 DEBUG 50871 --- [auth-service] [nio-8084-exec-1] o.s.security.web.FilterChainProxy        : Secured GET /api/auth/me
2025-11-20T19:22:20.272+01:00  INFO 50871 --- [auth-service] [nio-8084-exec-1] c.b.auth.controller.AuthController       : GET /api/auth/me - UserId: ce93d726-0e95-455d-8a66-05754f013ddc
2025-11-20T19:22:20.274+01:00 DEBUG 50871 --- [auth-service] [nio-8084-exec-1] org.hibernate.SQL                        : 
    select
        u1_0.id,
        u1_0.active,
        u1_0.created_at,
        u1_0.email,
        u1_0.is_guest,
        u1_0.is_host,
        u1_0.name,
        u1_0.password_hash,
        u1_0.phone,
        u1_0.profile_image_url,
        u1_0.updated_at 
    from
        users u1_0 
    where
        u1_0.id=?
Hibernate: 
    select
        u1_0.id,
        u1_0.active,
        u1_0.created_at,
        u1_0.email,
        u1_0.is_guest,
        u1_0.is_host,
        u1_0.name,
        u1_0.password_hash,
        u1_0.phone,
        u1_0.profile_image_url,
        u1_0.updated_at 
    from
        users u1_0 
    where
        u1_0.id=?
2025-11-20T19:22:20.312+01:00 DEBUG 50871 --- [auth-service] [nio-8084-exec-2] o.s.security.web.FilterChainProxy        : Securing GET /api/auth/me
2025-11-20T19:22:20.312+01:00 DEBUG 50871 --- [auth-service] [nio-8084-exec-2] o.s.s.w.a.AnonymousAuthenticationFilter  : Set SecurityContextHolder to anonymous SecurityContext
2025-11-20T19:22:20.312+01:00 DEBUG 50871 --- [auth-service] [nio-8084-exec-2] o.s.security.web.FilterChainProxy        : Secured GET /api/auth/me
2025-11-20T19:22:20.313+01:00  WARN 50871 --- [auth-service] [nio-8084-exec-2] c.b.auth.controller.AuthController       : GET /api/auth/me called without valid authentication
2025-11-20T19:22:42.625+01:00 DEBUG 50871 --- [auth-service] [nio-8084-exec-3] o.s.security.web.FilterChainProxy        : Securing POST /api/auth/login
2025-11-20T19:22:42.627+01:00 DEBUG 50871 --- [auth-service] [nio-8084-exec-3] o.s.s.w.a.AnonymousAuthenticationFilter  : Set SecurityContextHolder to anonymous SecurityContext
2025-11-20T19:22:42.628+01:00 DEBUG 50871 --- [auth-service] [nio-8084-exec-3] o.s.security.web.FilterChainProxy        : Secured POST /api/auth/login
2025-11-20T19:22:42.636+01:00  INFO 50871 --- [auth-service] [nio-8084-exec-3] c.b.auth.controller.AuthController       : POST /api/auth/login - Email: test_manual@balconazo.com
2025-11-20T19:22:42.646+01:00  INFO 50871 --- [auth-service] [nio-8084-exec-3] com.balconazo.auth.service.AuthService   : Intento de login para: test_manual@balconazo.com
2025-11-20T19:22:42.650+01:00 DEBUG 50871 --- [auth-service] [nio-8084-exec-3] org.hibernate.SQL                        : 
    select
        u1_0.id,
        u1_0.active,
        u1_0.created_at,
        u1_0.email,
        u1_0.is_guest,
        u1_0.is_host,
        u1_0.name,
        u1_0.password_hash,
        u1_0.phone,
        u1_0.profile_image_url,
        u1_0.updated_at 
    from
        users u1_0 
    where
        u1_0.email=?
Hibernate: 
    select
        u1_0.id,
        u1_0.active,
        u1_0.created_at,
        u1_0.email,
        u1_0.is_guest,
        u1_0.is_host,
        u1_0.name,
        u1_0.password_hash,
        u1_0.phone,
        u1_0.profile_image_url,
        u1_0.updated_at 
    from
        users u1_0 
    where
        u1_0.email=?
2025-11-20T19:22:42.743+01:00  INFO 50871 --- [auth-service] [nio-8084-exec-3] com.balconazo.auth.service.AuthService   : Login exitoso para usuario: test_manual@balconazo.com (isHost=false, isGuest=true)
2025-11-20T19:22:42.744+01:00 DEBUG 50871 --- [auth-service] [nio-8084-exec-3] org.hibernate.SQL                        : 
    insert 
    into
        refresh_tokens
        (created_at, expires_at, token, user_id, id) 
    values
        (?, ?, ?, ?, ?)
Hibernate: 
    insert 
    into
        refresh_tokens
        (created_at, expires_at, token, user_id, id) 
    values
        (?, ?, ?, ?, ?)
2025-11-20T19:22:50.906+01:00 DEBUG 50871 --- [auth-service] [nio-8084-exec-4] o.s.security.web.FilterChainProxy        : Securing POST /api/auth/login
2025-11-20T19:22:50.910+01:00 DEBUG 50871 --- [auth-service] [nio-8084-exec-4] o.s.s.w.a.AnonymousAuthenticationFilter  : Set SecurityContextHolder to anonymous SecurityContext
2025-11-20T19:22:50.910+01:00 DEBUG 50871 --- [auth-service] [nio-8084-exec-4] o.s.security.web.FilterChainProxy        : Secured POST /api/auth/login
2025-11-20T19:22:50.912+01:00  INFO 50871 --- [auth-service] [nio-8084-exec-4] c.b.auth.controller.AuthController       : POST /api/auth/login - Email: test_manual@balconazo.com
2025-11-20T19:22:50.931+01:00  INFO 50871 --- [auth-service] [nio-8084-exec-4] com.balconazo.auth.service.AuthService   : Intento de login para: test_manual@balconazo.com
2025-11-20T19:22:50.935+01:00 DEBUG 50871 --- [auth-service] [nio-8084-exec-4] org.hibernate.SQL                        : 
    select
        u1_0.id,
        u1_0.active,
        u1_0.created_at,
        u1_0.email,
        u1_0.is_guest,
        u1_0.is_host,
        u1_0.name,
        u1_0.password_hash,
        u1_0.phone,
        u1_0.profile_image_url,
        u1_0.updated_at 
    from
        users u1_0 
    where
        u1_0.email=?
Hibernate: 
    select
        u1_0.id,
        u1_0.active,
        u1_0.created_at,
        u1_0.email,
        u1_0.is_guest,
        u1_0.is_host,
        u1_0.name,
        u1_0.password_hash,
        u1_0.phone,
        u1_0.profile_image_url,
        u1_0.updated_at 
    from
        users u1_0 
    where
        u1_0.email=?
2025-11-20T19:22:51.029+01:00  INFO 50871 --- [auth-service] [nio-8084-exec-4] com.balconazo.auth.service.AuthService   : Login exitoso para usuario: test_manual@balconazo.com (isHost=false, isGuest=true)
2025-11-20T19:22:51.029+01:00 DEBUG 50871 --- [auth-service] [nio-8084-exec-4] org.hibernate.SQL                        : 
    insert 
    into
        refresh_tokens
        (created_at, expires_at, token, user_id, id) 
    values
        (?, ?, ?, ?, ?)
Hibernate: 
    insert 
    into
        refresh_tokens
        (created_at, expires_at, token, user_id, id) 
    values
        (?, ?, ?, ?, ?)
2025-11-20T19:24:48.342+01:00  INFO 50871 --- [auth-service] [rap-executor-%d] c.n.d.s.r.aws.ConfigClusterResolver      : Resolving eureka endpoints via configuration
2025-11-20T19:26:13.335+01:00 DEBUG 50871 --- [auth-service] [nio-8084-exec-6] o.s.security.web.FilterChainProxy        : Securing GET /actuator/health
2025-11-20T19:26:13.338+01:00 DEBUG 50871 --- [auth-service] [nio-8084-exec-6] o.s.s.w.a.AnonymousAuthenticationFilter  : Set SecurityContextHolder to anonymous SecurityContext
2025-11-20T19:26:13.345+01:00 DEBUG 50871 --- [auth-service] [nio-8084-exec-6] o.s.security.web.FilterChainProxy        : Secured GET /actuator/health
2025-11-20T19:29:48.305+01:00  INFO 50871 --- [auth-service] [rap-executor-%d] c.n.d.s.r.aws.ConfigClusterResolver      : Resolving eureka endpoints via configuration
2025-11-20T19:32:00.114+01:00 DEBUG 50871 --- [auth-service] [nio-8084-exec-8] o.s.security.web.FilterChainProxy        : Securing POST /api/auth/register
2025-11-20T19:32:00.116+01:00 DEBUG 50871 --- [auth-service] [nio-8084-exec-8] o.s.s.w.a.AnonymousAuthenticationFilter  : Set SecurityContextHolder to anonymous SecurityContext
2025-11-20T19:32:00.118+01:00 DEBUG 50871 --- [auth-service] [nio-8084-exec-8] o.s.security.web.FilterChainProxy        : Secured POST /api/auth/register
2025-11-20T19:32:00.138+01:00  INFO 50871 --- [auth-service] [nio-8084-exec-8] c.b.auth.controller.AuthController       : POST /api/auth/register - Email: host_test_1763663519@balconazo.com
2025-11-20T19:32:00.158+01:00  INFO 50871 --- [auth-service] [nio-8084-exec-8] com.balconazo.auth.service.AuthService   : Registrando nuevo usuario: host_test_1763663519@balconazo.com
2025-11-20T19:32:00.175+01:00 DEBUG 50871 --- [auth-service] [nio-8084-exec-8] org.hibernate.SQL                        : 
    select
        u1_0.id 
    from
        users u1_0 
    where
        u1_0.email=? 
    limit
        ?
Hibernate: 
    select
        u1_0.id 
    from
        users u1_0 
    where
        u1_0.email=? 
    limit
        ?
2025-11-20T19:32:00.271+01:00  INFO 50871 --- [auth-service] [nio-8084-exec-8] com.balconazo.auth.service.AuthService   : Usuario registrado exitosamente con ID: 61551f8f-53d2-426c-ae84-628d44c6cd05 (isHost=false, isGuest=true)
2025-11-20T19:32:00.272+01:00 DEBUG 50871 --- [auth-service] [nio-8084-exec-8] org.hibernate.SQL                        : 
    insert 
    into
        users
        (active, created_at, email, is_guest, is_host, name, password_hash, phone, profile_image_url, updated_at, id) 
    values
        (?, ?, ?, ?, ?, ?, ?, ?, ?, ?, ?)
Hibernate: 
    insert 
    into
        users
        (active, created_at, email, is_guest, is_host, name, password_hash, phone, profile_image_url, updated_at, id) 
    values
        (?, ?, ?, ?, ?, ?, ?, ?, ?, ?, ?)
2025-11-20T19:32:00.362+01:00 DEBUG 50871 --- [auth-service] [nio-8084-exec-9] o.s.security.web.FilterChainProxy        : Securing POST /api/auth/login
2025-11-20T19:32:00.362+01:00 DEBUG 50871 --- [auth-service] [nio-8084-exec-9] o.s.s.w.a.AnonymousAuthenticationFilter  : Set SecurityContextHolder to anonymous SecurityContext
2025-11-20T19:32:00.362+01:00 DEBUG 50871 --- [auth-service] [nio-8084-exec-9] o.s.security.web.FilterChainProxy        : Secured POST /api/auth/login
2025-11-20T19:32:00.363+01:00  INFO 50871 --- [auth-service] [nio-8084-exec-9] c.b.auth.controller.AuthController       : POST /api/auth/login - Email: host_test_1763663519@balconazo.com
2025-11-20T19:32:00.363+01:00  INFO 50871 --- [auth-service] [nio-8084-exec-9] com.balconazo.auth.service.AuthService   : Intento de login para: host_test_1763663519@balconazo.com
2025-11-20T19:32:00.364+01:00 DEBUG 50871 --- [auth-service] [nio-8084-exec-9] org.hibernate.SQL                        : 
    select
        u1_0.id,
        u1_0.active,
        u1_0.created_at,
        u1_0.email,
        u1_0.is_guest,
        u1_0.is_host,
        u1_0.name,
        u1_0.password_hash,
        u1_0.phone,
        u1_0.profile_image_url,
        u1_0.updated_at 
    from
        users u1_0 
    where
        u1_0.email=?
Hibernate: 
    select
        u1_0.id,
        u1_0.active,
        u1_0.created_at,
        u1_0.email,
        u1_0.is_guest,
        u1_0.is_host,
        u1_0.name,
        u1_0.password_hash,
        u1_0.phone,
        u1_0.profile_image_url,
        u1_0.updated_at 
    from
        users u1_0 
    where
        u1_0.email=?
2025-11-20T19:32:00.453+01:00  INFO 50871 --- [auth-service] [nio-8084-exec-9] com.balconazo.auth.service.AuthService   : Login exitoso para usuario: host_test_1763663519@balconazo.com (isHost=false, isGuest=true)
2025-11-20T19:32:00.453+01:00 DEBUG 50871 --- [auth-service] [nio-8084-exec-9] org.hibernate.SQL                        : 
    insert 
    into
        refresh_tokens
        (created_at, expires_at, token, user_id, id) 
    values
        (?, ?, ?, ?, ?)
Hibernate: 
    insert 
    into
        refresh_tokens
        (created_at, expires_at, token, user_id, id) 
    values
        (?, ?, ?, ?, ?)
2025-11-20T19:32:00.505+01:00 DEBUG 50871 --- [auth-service] [io-8084-exec-10] o.s.security.web.FilterChainProxy        : Securing POST /api/auth/register
2025-11-20T19:32:00.505+01:00 DEBUG 50871 --- [auth-service] [io-8084-exec-10] o.s.s.w.a.AnonymousAuthenticationFilter  : Set SecurityContextHolder to anonymous SecurityContext
2025-11-20T19:32:00.506+01:00 DEBUG 50871 --- [auth-service] [io-8084-exec-10] o.s.security.web.FilterChainProxy        : Secured POST /api/auth/register
2025-11-20T19:32:00.507+01:00  INFO 50871 --- [auth-service] [io-8084-exec-10] c.b.auth.controller.AuthController       : POST /api/auth/register - Email: guest_test_1763663519@balconazo.com
2025-11-20T19:32:00.508+01:00  INFO 50871 --- [auth-service] [io-8084-exec-10] com.balconazo.auth.service.AuthService   : Registrando nuevo usuario: guest_test_1763663519@balconazo.com
2025-11-20T19:32:00.509+01:00 DEBUG 50871 --- [auth-service] [io-8084-exec-10] org.hibernate.SQL                        : 
    select
        u1_0.id 
    from
        users u1_0 
    where
        u1_0.email=? 
    limit
        ?
Hibernate: 
    select
        u1_0.id 
    from
        users u1_0 
    where
        u1_0.email=? 
    limit
        ?
2025-11-20T19:32:00.593+01:00  INFO 50871 --- [auth-service] [io-8084-exec-10] com.balconazo.auth.service.AuthService   : Usuario registrado exitosamente con ID: 2cf71a1d-388b-410d-bc8f-0a4cccf6d5e0 (isHost=false, isGuest=true)
2025-11-20T19:32:00.593+01:00 DEBUG 50871 --- [auth-service] [io-8084-exec-10] org.hibernate.SQL                        : 
    insert 
    into
        users
        (active, created_at, email, is_guest, is_host, name, password_hash, phone, profile_image_url, updated_at, id) 
    values
        (?, ?, ?, ?, ?, ?, ?, ?, ?, ?, ?)
Hibernate: 
    insert 
    into
        users
        (active, created_at, email, is_guest, is_host, name, password_hash, phone, profile_image_url, updated_at, id) 
    values
        (?, ?, ?, ?, ?, ?, ?, ?, ?, ?, ?)
2025-11-20T19:32:00.640+01:00 DEBUG 50871 --- [auth-service] [nio-8084-exec-1] o.s.security.web.FilterChainProxy        : Securing POST /api/auth/login
2025-11-20T19:32:00.641+01:00 DEBUG 50871 --- [auth-service] [nio-8084-exec-1] o.s.s.w.a.AnonymousAuthenticationFilter  : Set SecurityContextHolder to anonymous SecurityContext
2025-11-20T19:32:00.641+01:00 DEBUG 50871 --- [auth-service] [nio-8084-exec-1] o.s.security.web.FilterChainProxy        : Secured POST /api/auth/login
2025-11-20T19:32:00.642+01:00  INFO 50871 --- [auth-service] [nio-8084-exec-1] c.b.auth.controller.AuthController       : POST /api/auth/login - Email: guest_test_1763663519@balconazo.com
2025-11-20T19:32:00.645+01:00  INFO 50871 --- [auth-service] [nio-8084-exec-1] com.balconazo.auth.service.AuthService   : Intento de login para: guest_test_1763663519@balconazo.com
2025-11-20T19:32:00.646+01:00 DEBUG 50871 --- [auth-service] [nio-8084-exec-1] org.hibernate.SQL                        : 
    select
        u1_0.id,
        u1_0.active,
        u1_0.created_at,
        u1_0.email,
        u1_0.is_guest,
        u1_0.is_host,
        u1_0.name,
        u1_0.password_hash,
        u1_0.phone,
        u1_0.profile_image_url,
        u1_0.updated_at 
    from
        users u1_0 
    where
        u1_0.email=?
Hibernate: 
    select
        u1_0.id,
        u1_0.active,
        u1_0.created_at,
        u1_0.email,
        u1_0.is_guest,
        u1_0.is_host,
        u1_0.name,
        u1_0.password_hash,
        u1_0.phone,
        u1_0.profile_image_url,
        u1_0.updated_at 
    from
        users u1_0 
    where
        u1_0.email=?
2025-11-20T19:32:00.734+01:00  INFO 50871 --- [auth-service] [nio-8084-exec-1] com.balconazo.auth.service.AuthService   : Login exitoso para usuario: guest_test_1763663519@balconazo.com (isHost=false, isGuest=true)
2025-11-20T19:32:00.734+01:00 DEBUG 50871 --- [auth-service] [nio-8084-exec-1] org.hibernate.SQL                        : 
    insert 
    into
        refresh_tokens
        (created_at, expires_at, token, user_id, id) 
    values
        (?, ?, ?, ?, ?)
Hibernate: 
    insert 
    into
        refresh_tokens
        (created_at, expires_at, token, user_id, id) 
    values
        (?, ?, ?, ?, ?)
2025-11-20T19:32:00.799+01:00 DEBUG 50871 --- [auth-service] [nio-8084-exec-2] o.s.security.web.FilterChainProxy        : Securing POST /api/auth/register
2025-11-20T19:32:00.799+01:00 DEBUG 50871 --- [auth-service] [nio-8084-exec-2] o.s.s.w.a.AnonymousAuthenticationFilter  : Set SecurityContextHolder to anonymous SecurityContext
2025-11-20T19:32:00.799+01:00 DEBUG 50871 --- [auth-service] [nio-8084-exec-2] o.s.security.web.FilterChainProxy        : Secured POST /api/auth/register
2025-11-20T19:32:00.800+01:00  INFO 50871 --- [auth-service] [nio-8084-exec-2] c.b.auth.controller.AuthController       : POST /api/auth/register - Email: dual_test_1763663519@balconazo.com
2025-11-20T19:32:00.801+01:00  INFO 50871 --- [auth-service] [nio-8084-exec-2] com.balconazo.auth.service.AuthService   : Registrando nuevo usuario: dual_test_1763663519@balconazo.com
2025-11-20T19:32:00.802+01:00 DEBUG 50871 --- [auth-service] [nio-8084-exec-2] org.hibernate.SQL                        : 
    select
        u1_0.id 
    from
        users u1_0 
    where
        u1_0.email=? 
    limit
        ?
Hibernate: 
    select
        u1_0.id 
    from
        users u1_0 
    where
        u1_0.email=? 
    limit
        ?
2025-11-20T19:32:00.887+01:00  INFO 50871 --- [auth-service] [nio-8084-exec-2] com.balconazo.auth.service.AuthService   : Usuario registrado exitosamente con ID: ade53e31-1b35-49af-b154-682a8b230ff0 (isHost=false, isGuest=true)
2025-11-20T19:32:00.887+01:00 DEBUG 50871 --- [auth-service] [nio-8084-exec-2] org.hibernate.SQL                        : 
    insert 
    into
        users
        (active, created_at, email, is_guest, is_host, name, password_hash, phone, profile_image_url, updated_at, id) 
    values
        (?, ?, ?, ?, ?, ?, ?, ?, ?, ?, ?)
Hibernate: 
    insert 
    into
        users
        (active, created_at, email, is_guest, is_host, name, password_hash, phone, profile_image_url, updated_at, id) 
    values
        (?, ?, ?, ?, ?, ?, ?, ?, ?, ?, ?)
2025-11-20T19:32:00.933+01:00 DEBUG 50871 --- [auth-service] [nio-8084-exec-3] o.s.security.web.FilterChainProxy        : Securing POST /api/auth/login
2025-11-20T19:32:00.934+01:00 DEBUG 50871 --- [auth-service] [nio-8084-exec-3] o.s.s.w.a.AnonymousAuthenticationFilter  : Set SecurityContextHolder to anonymous SecurityContext
2025-11-20T19:32:00.934+01:00 DEBUG 50871 --- [auth-service] [nio-8084-exec-3] o.s.security.web.FilterChainProxy        : Secured POST /api/auth/login
2025-11-20T19:32:00.935+01:00  INFO 50871 --- [auth-service] [nio-8084-exec-3] c.b.auth.controller.AuthController       : POST /api/auth/login - Email: dual_test_1763663519@balconazo.com
2025-11-20T19:32:00.938+01:00  INFO 50871 --- [auth-service] [nio-8084-exec-3] com.balconazo.auth.service.AuthService   : Intento de login para: dual_test_1763663519@balconazo.com
2025-11-20T19:32:00.939+01:00 DEBUG 50871 --- [auth-service] [nio-8084-exec-3] org.hibernate.SQL                        : 
    select
        u1_0.id,
        u1_0.active,
        u1_0.created_at,
        u1_0.email,
        u1_0.is_guest,
        u1_0.is_host,
        u1_0.name,
        u1_0.password_hash,
        u1_0.phone,
        u1_0.profile_image_url,
        u1_0.updated_at 
    from
        users u1_0 
    where
        u1_0.email=?
Hibernate: 
    select
        u1_0.id,
        u1_0.active,
        u1_0.created_at,
        u1_0.email,
        u1_0.is_guest,
        u1_0.is_host,
        u1_0.name,
        u1_0.password_hash,
        u1_0.phone,
        u1_0.profile_image_url,
        u1_0.updated_at 
    from
        users u1_0 
    where
        u1_0.email=?
2025-11-20T19:32:01.032+01:00  INFO 50871 --- [auth-service] [nio-8084-exec-3] com.balconazo.auth.service.AuthService   : Login exitoso para usuario: dual_test_1763663519@balconazo.com (isHost=false, isGuest=true)
2025-11-20T19:32:01.032+01:00 DEBUG 50871 --- [auth-service] [nio-8084-exec-3] org.hibernate.SQL                        : 
    insert 
    into
        refresh_tokens
        (created_at, expires_at, token, user_id, id) 
    values
        (?, ?, ?, ?, ?)
Hibernate: 
    insert 
    into
        refresh_tokens
        (created_at, expires_at, token, user_id, id) 
    values
        (?, ?, ?, ?, ?)
2025-11-20T19:32:01.079+01:00 DEBUG 50871 --- [auth-service] [nio-8084-exec-4] o.s.security.web.FilterChainProxy        : Securing GET /api/auth/me
2025-11-20T19:32:01.080+01:00 DEBUG 50871 --- [auth-service] [nio-8084-exec-4] o.s.s.w.a.AnonymousAuthenticationFilter  : Set SecurityContextHolder to anonymous SecurityContext
2025-11-20T19:32:01.080+01:00 DEBUG 50871 --- [auth-service] [nio-8084-exec-4] o.s.security.web.FilterChainProxy        : Secured GET /api/auth/me
2025-11-20T19:32:01.082+01:00  INFO 50871 --- [auth-service] [nio-8084-exec-4] c.b.auth.controller.AuthController       : GET /api/auth/me - UserId: 61551f8f-53d2-426c-ae84-628d44c6cd05
2025-11-20T19:32:01.085+01:00 DEBUG 50871 --- [auth-service] [nio-8084-exec-4] org.hibernate.SQL                        : 
    select
        u1_0.id,
        u1_0.active,
        u1_0.created_at,
        u1_0.email,
        u1_0.is_guest,
        u1_0.is_host,
        u1_0.name,
        u1_0.password_hash,
        u1_0.phone,
        u1_0.profile_image_url,
        u1_0.updated_at 
    from
        users u1_0 
    where
        u1_0.id=?
Hibernate: 
    select
        u1_0.id,
        u1_0.active,
        u1_0.created_at,
        u1_0.email,
        u1_0.is_guest,
        u1_0.is_host,
        u1_0.name,
        u1_0.password_hash,
        u1_0.phone,
        u1_0.profile_image_url,
        u1_0.updated_at 
    from
        users u1_0 
    where
        u1_0.id=?
2025-11-20T19:32:01.139+01:00 DEBUG 50871 --- [auth-service] [nio-8084-exec-5] o.s.security.web.FilterChainProxy        : Securing GET /api/auth/me
2025-11-20T19:32:01.139+01:00 DEBUG 50871 --- [auth-service] [nio-8084-exec-5] o.s.s.w.a.AnonymousAuthenticationFilter  : Set SecurityContextHolder to anonymous SecurityContext
2025-11-20T19:32:01.139+01:00 DEBUG 50871 --- [auth-service] [nio-8084-exec-5] o.s.security.web.FilterChainProxy        : Secured GET /api/auth/me
2025-11-20T19:32:01.141+01:00  INFO 50871 --- [auth-service] [nio-8084-exec-5] c.b.auth.controller.AuthController       : GET /api/auth/me - UserId: 2cf71a1d-388b-410d-bc8f-0a4cccf6d5e0
2025-11-20T19:32:01.142+01:00 DEBUG 50871 --- [auth-service] [nio-8084-exec-5] org.hibernate.SQL                        : 
    select
        u1_0.id,
        u1_0.active,
        u1_0.created_at,
        u1_0.email,
        u1_0.is_guest,
        u1_0.is_host,
        u1_0.name,
        u1_0.password_hash,
        u1_0.phone,
        u1_0.profile_image_url,
        u1_0.updated_at 
    from
        users u1_0 
    where
        u1_0.id=?
Hibernate: 
    select
        u1_0.id,
        u1_0.active,
        u1_0.created_at,
        u1_0.email,
        u1_0.is_guest,
        u1_0.is_host,
        u1_0.name,
        u1_0.password_hash,
        u1_0.phone,
        u1_0.profile_image_url,
        u1_0.updated_at 
    from
        users u1_0 
    where
        u1_0.id=?
2025-11-20T19:32:01.186+01:00 DEBUG 50871 --- [auth-service] [nio-8084-exec-6] o.s.security.web.FilterChainProxy        : Securing GET /api/auth/me
2025-11-20T19:32:01.187+01:00 DEBUG 50871 --- [auth-service] [nio-8084-exec-6] o.s.s.w.a.AnonymousAuthenticationFilter  : Set SecurityContextHolder to anonymous SecurityContext
2025-11-20T19:32:01.187+01:00 DEBUG 50871 --- [auth-service] [nio-8084-exec-6] o.s.security.web.FilterChainProxy        : Secured GET /api/auth/me
2025-11-20T19:32:01.187+01:00  WARN 50871 --- [auth-service] [nio-8084-exec-6] c.b.auth.controller.AuthController       : GET /api/auth/me called without valid authentication
2025-11-20T19:32:12.567+01:00 DEBUG 50871 --- [auth-service] [nio-8084-exec-7] o.s.security.web.FilterChainProxy        : Securing GET /actuator/health
2025-11-20T19:32:12.569+01:00 DEBUG 50871 --- [auth-service] [nio-8084-exec-7] o.s.s.w.a.AnonymousAuthenticationFilter  : Set SecurityContextHolder to anonymous SecurityContext
2025-11-20T19:32:12.570+01:00 DEBUG 50871 --- [auth-service] [nio-8084-exec-7] o.s.security.web.FilterChainProxy        : Secured GET /actuator/health
2025-11-20T19:33:39.783+01:00 DEBUG 50871 --- [auth-service] [io-8084-exec-10] o.s.security.web.FilterChainProxy        : Securing POST /api/auth/register
2025-11-20T19:33:39.785+01:00 DEBUG 50871 --- [auth-service] [io-8084-exec-10] o.s.s.w.a.AnonymousAuthenticationFilter  : Set SecurityContextHolder to anonymous SecurityContext
2025-11-20T19:33:39.786+01:00 DEBUG 50871 --- [auth-service] [io-8084-exec-10] o.s.security.web.FilterChainProxy        : Secured POST /api/auth/register
2025-11-20T19:33:39.794+01:00  INFO 50871 --- [auth-service] [io-8084-exec-10] c.b.auth.controller.AuthController       : POST /api/auth/register - Email: host_test_1763663619@balconazo.com
2025-11-20T19:33:39.807+01:00  INFO 50871 --- [auth-service] [io-8084-exec-10] com.balconazo.auth.service.AuthService   : Registrando nuevo usuario: host_test_1763663619@balconazo.com
2025-11-20T19:33:39.813+01:00 DEBUG 50871 --- [auth-service] [io-8084-exec-10] org.hibernate.SQL                        : 
    select
        u1_0.id 
    from
        users u1_0 
    where
        u1_0.email=? 
    limit
        ?
Hibernate: 
    select
        u1_0.id 
    from
        users u1_0 
    where
        u1_0.email=? 
    limit
        ?
2025-11-20T19:33:39.919+01:00  INFO 50871 --- [auth-service] [io-8084-exec-10] com.balconazo.auth.service.AuthService   : Usuario registrado exitosamente con ID: b9335efa-9892-4b94-8dce-15c86e3537bd (isHost=false, isGuest=true)
2025-11-20T19:33:39.920+01:00 DEBUG 50871 --- [auth-service] [io-8084-exec-10] org.hibernate.SQL                        : 
    insert 
    into
        users
        (active, created_at, email, is_guest, is_host, name, password_hash, phone, profile_image_url, updated_at, id) 
    values
        (?, ?, ?, ?, ?, ?, ?, ?, ?, ?, ?)
Hibernate: 
    insert 
    into
        users
        (active, created_at, email, is_guest, is_host, name, password_hash, phone, profile_image_url, updated_at, id) 
    values
        (?, ?, ?, ?, ?, ?, ?, ?, ?, ?, ?)
2025-11-20T19:33:40.000+01:00 DEBUG 50871 --- [auth-service] [nio-8084-exec-1] o.s.security.web.FilterChainProxy        : Securing POST /api/auth/login
2025-11-20T19:33:40.000+01:00 DEBUG 50871 --- [auth-service] [nio-8084-exec-1] o.s.s.w.a.AnonymousAuthenticationFilter  : Set SecurityContextHolder to anonymous SecurityContext
2025-11-20T19:33:40.000+01:00 DEBUG 50871 --- [auth-service] [nio-8084-exec-1] o.s.security.web.FilterChainProxy        : Secured POST /api/auth/login
2025-11-20T19:33:40.001+01:00  INFO 50871 --- [auth-service] [nio-8084-exec-1] c.b.auth.controller.AuthController       : POST /api/auth/login - Email: host_test_1763663619@balconazo.com
2025-11-20T19:33:40.002+01:00  INFO 50871 --- [auth-service] [nio-8084-exec-1] com.balconazo.auth.service.AuthService   : Intento de login para: host_test_1763663619@balconazo.com
2025-11-20T19:33:40.003+01:00 DEBUG 50871 --- [auth-service] [nio-8084-exec-1] org.hibernate.SQL                        : 
    select
        u1_0.id,
        u1_0.active,
        u1_0.created_at,
        u1_0.email,
        u1_0.is_guest,
        u1_0.is_host,
        u1_0.name,
        u1_0.password_hash,
        u1_0.phone,
        u1_0.profile_image_url,
        u1_0.updated_at 
    from
        users u1_0 
    where
        u1_0.email=?
Hibernate: 
    select
        u1_0.id,
        u1_0.active,
        u1_0.created_at,
        u1_0.email,
        u1_0.is_guest,
        u1_0.is_host,
        u1_0.name,
        u1_0.password_hash,
        u1_0.phone,
        u1_0.profile_image_url,
        u1_0.updated_at 
    from
        users u1_0 
    where
        u1_0.email=?
2025-11-20T19:33:40.099+01:00  INFO 50871 --- [auth-service] [nio-8084-exec-1] com.balconazo.auth.service.AuthService   : Login exitoso para usuario: host_test_1763663619@balconazo.com (isHost=false, isGuest=true)
2025-11-20T19:33:40.099+01:00 DEBUG 50871 --- [auth-service] [nio-8084-exec-1] org.hibernate.SQL                        : 
    insert 
    into
        refresh_tokens
        (created_at, expires_at, token, user_id, id) 
    values
        (?, ?, ?, ?, ?)
Hibernate: 
    insert 
    into
        refresh_tokens
        (created_at, expires_at, token, user_id, id) 
    values
        (?, ?, ?, ?, ?)
2025-11-20T19:33:40.149+01:00 DEBUG 50871 --- [auth-service] [nio-8084-exec-2] o.s.security.web.FilterChainProxy        : Securing POST /api/auth/register
2025-11-20T19:33:40.150+01:00 DEBUG 50871 --- [auth-service] [nio-8084-exec-2] o.s.s.w.a.AnonymousAuthenticationFilter  : Set SecurityContextHolder to anonymous SecurityContext
2025-11-20T19:33:40.150+01:00 DEBUG 50871 --- [auth-service] [nio-8084-exec-2] o.s.security.web.FilterChainProxy        : Secured POST /api/auth/register
2025-11-20T19:33:40.150+01:00  INFO 50871 --- [auth-service] [nio-8084-exec-2] c.b.auth.controller.AuthController       : POST /api/auth/register - Email: guest_test_1763663619@balconazo.com
2025-11-20T19:33:40.152+01:00  INFO 50871 --- [auth-service] [nio-8084-exec-2] com.balconazo.auth.service.AuthService   : Registrando nuevo usuario: guest_test_1763663619@balconazo.com
2025-11-20T19:33:40.152+01:00 DEBUG 50871 --- [auth-service] [nio-8084-exec-2] org.hibernate.SQL                        : 
    select
        u1_0.id 
    from
        users u1_0 
    where
        u1_0.email=? 
    limit
        ?
Hibernate: 
    select
        u1_0.id 
    from
        users u1_0 
    where
        u1_0.email=? 
    limit
        ?
2025-11-20T19:33:40.272+01:00  INFO 50871 --- [auth-service] [nio-8084-exec-2] com.balconazo.auth.service.AuthService   : Usuario registrado exitosamente con ID: 68ca5ba9-bfe3-4f94-8d38-a3578ad6c777 (isHost=false, isGuest=true)
2025-11-20T19:33:40.273+01:00 DEBUG 50871 --- [auth-service] [nio-8084-exec-2] org.hibernate.SQL                        : 
    insert 
    into
        users
        (active, created_at, email, is_guest, is_host, name, password_hash, phone, profile_image_url, updated_at, id) 
    values
        (?, ?, ?, ?, ?, ?, ?, ?, ?, ?, ?)
Hibernate: 
    insert 
    into
        users
        (active, created_at, email, is_guest, is_host, name, password_hash, phone, profile_image_url, updated_at, id) 
    values
        (?, ?, ?, ?, ?, ?, ?, ?, ?, ?, ?)
2025-11-20T19:33:40.327+01:00 DEBUG 50871 --- [auth-service] [nio-8084-exec-3] o.s.security.web.FilterChainProxy        : Securing POST /api/auth/login
2025-11-20T19:33:40.328+01:00 DEBUG 50871 --- [auth-service] [nio-8084-exec-3] o.s.s.w.a.AnonymousAuthenticationFilter  : Set SecurityContextHolder to anonymous SecurityContext
2025-11-20T19:33:40.328+01:00 DEBUG 50871 --- [auth-service] [nio-8084-exec-3] o.s.security.web.FilterChainProxy        : Secured POST /api/auth/login
2025-11-20T19:33:40.329+01:00  INFO 50871 --- [auth-service] [nio-8084-exec-3] c.b.auth.controller.AuthController       : POST /api/auth/login - Email: guest_test_1763663619@balconazo.com
2025-11-20T19:33:40.331+01:00  INFO 50871 --- [auth-service] [nio-8084-exec-3] com.balconazo.auth.service.AuthService   : Intento de login para: guest_test_1763663619@balconazo.com
2025-11-20T19:33:40.332+01:00 DEBUG 50871 --- [auth-service] [nio-8084-exec-3] org.hibernate.SQL                        : 
    select
        u1_0.id,
        u1_0.active,
        u1_0.created_at,
        u1_0.email,
        u1_0.is_guest,
        u1_0.is_host,
        u1_0.name,
        u1_0.password_hash,
        u1_0.phone,
        u1_0.profile_image_url,
        u1_0.updated_at 
    from
        users u1_0 
    where
        u1_0.email=?
Hibernate: 
    select
        u1_0.id,
        u1_0.active,
        u1_0.created_at,
        u1_0.email,
        u1_0.is_guest,
        u1_0.is_host,
        u1_0.name,
        u1_0.password_hash,
        u1_0.phone,
        u1_0.profile_image_url,
        u1_0.updated_at 
    from
        users u1_0 
    where
        u1_0.email=?
2025-11-20T19:33:40.428+01:00  INFO 50871 --- [auth-service] [nio-8084-exec-3] com.balconazo.auth.service.AuthService   : Login exitoso para usuario: guest_test_1763663619@balconazo.com (isHost=false, isGuest=true)
2025-11-20T19:33:40.428+01:00 DEBUG 50871 --- [auth-service] [nio-8084-exec-3] org.hibernate.SQL                        : 
    insert 
    into
        refresh_tokens
        (created_at, expires_at, token, user_id, id) 
    values
        (?, ?, ?, ?, ?)
Hibernate: 
    insert 
    into
        refresh_tokens
        (created_at, expires_at, token, user_id, id) 
    values
        (?, ?, ?, ?, ?)
2025-11-20T19:33:40.476+01:00 DEBUG 50871 --- [auth-service] [nio-8084-exec-4] o.s.security.web.FilterChainProxy        : Securing POST /api/auth/register
2025-11-20T19:33:40.476+01:00 DEBUG 50871 --- [auth-service] [nio-8084-exec-4] o.s.s.w.a.AnonymousAuthenticationFilter  : Set SecurityContextHolder to anonymous SecurityContext
2025-11-20T19:33:40.476+01:00 DEBUG 50871 --- [auth-service] [nio-8084-exec-4] o.s.security.web.FilterChainProxy        : Secured POST /api/auth/register
2025-11-20T19:33:40.477+01:00  INFO 50871 --- [auth-service] [nio-8084-exec-4] c.b.auth.controller.AuthController       : POST /api/auth/register - Email: dual_test_1763663619@balconazo.com
2025-11-20T19:33:40.479+01:00  INFO 50871 --- [auth-service] [nio-8084-exec-4] com.balconazo.auth.service.AuthService   : Registrando nuevo usuario: dual_test_1763663619@balconazo.com
2025-11-20T19:33:40.479+01:00 DEBUG 50871 --- [auth-service] [nio-8084-exec-4] org.hibernate.SQL                        : 
    select
        u1_0.id 
    from
        users u1_0 
    where
        u1_0.email=? 
    limit
        ?
Hibernate: 
    select
        u1_0.id 
    from
        users u1_0 
    where
        u1_0.email=? 
    limit
        ?
2025-11-20T19:33:40.573+01:00  INFO 50871 --- [auth-service] [nio-8084-exec-4] com.balconazo.auth.service.AuthService   : Usuario registrado exitosamente con ID: 69be246a-5bcc-4ed8-b078-4ad7d665acb9 (isHost=false, isGuest=true)
2025-11-20T19:33:40.574+01:00 DEBUG 50871 --- [auth-service] [nio-8084-exec-4] org.hibernate.SQL                        : 
    insert 
    into
        users
        (active, created_at, email, is_guest, is_host, name, password_hash, phone, profile_image_url, updated_at, id) 
    values
        (?, ?, ?, ?, ?, ?, ?, ?, ?, ?, ?)
Hibernate: 
    insert 
    into
        users
        (active, created_at, email, is_guest, is_host, name, password_hash, phone, profile_image_url, updated_at, id) 
    values
        (?, ?, ?, ?, ?, ?, ?, ?, ?, ?, ?)
2025-11-20T19:33:40.624+01:00 DEBUG 50871 --- [auth-service] [nio-8084-exec-5] o.s.security.web.FilterChainProxy        : Securing POST /api/auth/login
2025-11-20T19:33:40.624+01:00 DEBUG 50871 --- [auth-service] [nio-8084-exec-5] o.s.s.w.a.AnonymousAuthenticationFilter  : Set SecurityContextHolder to anonymous SecurityContext
2025-11-20T19:33:40.625+01:00 DEBUG 50871 --- [auth-service] [nio-8084-exec-5] o.s.security.web.FilterChainProxy        : Secured POST /api/auth/login
2025-11-20T19:33:40.626+01:00  INFO 50871 --- [auth-service] [nio-8084-exec-5] c.b.auth.controller.AuthController       : POST /api/auth/login - Email: dual_test_1763663619@balconazo.com
2025-11-20T19:33:40.627+01:00  INFO 50871 --- [auth-service] [nio-8084-exec-5] com.balconazo.auth.service.AuthService   : Intento de login para: dual_test_1763663619@balconazo.com
2025-11-20T19:33:40.628+01:00 DEBUG 50871 --- [auth-service] [nio-8084-exec-5] org.hibernate.SQL                        : 
    select
        u1_0.id,
        u1_0.active,
        u1_0.created_at,
        u1_0.email,
        u1_0.is_guest,
        u1_0.is_host,
        u1_0.name,
        u1_0.password_hash,
        u1_0.phone,
        u1_0.profile_image_url,
        u1_0.updated_at 
    from
        users u1_0 
    where
        u1_0.email=?
Hibernate: 
    select
        u1_0.id,
        u1_0.active,
        u1_0.created_at,
        u1_0.email,
        u1_0.is_guest,
        u1_0.is_host,
        u1_0.name,
        u1_0.password_hash,
        u1_0.phone,
        u1_0.profile_image_url,
        u1_0.updated_at 
    from
        users u1_0 
    where
        u1_0.email=?
2025-11-20T19:33:40.715+01:00  INFO 50871 --- [auth-service] [nio-8084-exec-5] com.balconazo.auth.service.AuthService   : Login exitoso para usuario: dual_test_1763663619@balconazo.com (isHost=false, isGuest=true)
2025-11-20T19:33:40.715+01:00 DEBUG 50871 --- [auth-service] [nio-8084-exec-5] org.hibernate.SQL                        : 
    insert 
    into
        refresh_tokens
        (created_at, expires_at, token, user_id, id) 
    values
        (?, ?, ?, ?, ?)
Hibernate: 
    insert 
    into
        refresh_tokens
        (created_at, expires_at, token, user_id, id) 
    values
        (?, ?, ?, ?, ?)
2025-11-20T19:33:40.774+01:00 DEBUG 50871 --- [auth-service] [nio-8084-exec-6] o.s.security.web.FilterChainProxy        : Securing GET /api/auth/me
2025-11-20T19:33:40.774+01:00 DEBUG 50871 --- [auth-service] [nio-8084-exec-6] o.s.s.w.a.AnonymousAuthenticationFilter  : Set SecurityContextHolder to anonymous SecurityContext
2025-11-20T19:33:40.774+01:00 DEBUG 50871 --- [auth-service] [nio-8084-exec-6] o.s.security.web.FilterChainProxy        : Secured GET /api/auth/me
2025-11-20T19:33:40.777+01:00  INFO 50871 --- [auth-service] [nio-8084-exec-6] c.b.auth.controller.AuthController       : GET /api/auth/me - UserId: b9335efa-9892-4b94-8dce-15c86e3537bd
2025-11-20T19:33:40.779+01:00 DEBUG 50871 --- [auth-service] [nio-8084-exec-6] org.hibernate.SQL                        : 
    select
        u1_0.id,
        u1_0.active,
        u1_0.created_at,
        u1_0.email,
        u1_0.is_guest,
        u1_0.is_host,
        u1_0.name,
        u1_0.password_hash,
        u1_0.phone,
        u1_0.profile_image_url,
        u1_0.updated_at 
    from
        users u1_0 
    where
        u1_0.id=?
Hibernate: 
    select
        u1_0.id,
        u1_0.active,
        u1_0.created_at,
        u1_0.email,
        u1_0.is_guest,
        u1_0.is_host,
        u1_0.name,
        u1_0.password_hash,
        u1_0.phone,
        u1_0.profile_image_url,
        u1_0.updated_at 
    from
        users u1_0 
    where
        u1_0.id=?
2025-11-20T19:33:40.863+01:00 DEBUG 50871 --- [auth-service] [nio-8084-exec-7] o.s.security.web.FilterChainProxy        : Securing GET /api/auth/me
2025-11-20T19:33:40.863+01:00 DEBUG 50871 --- [auth-service] [nio-8084-exec-7] o.s.s.w.a.AnonymousAuthenticationFilter  : Set SecurityContextHolder to anonymous SecurityContext
2025-11-20T19:33:40.863+01:00 DEBUG 50871 --- [auth-service] [nio-8084-exec-7] o.s.security.web.FilterChainProxy        : Secured GET /api/auth/me
2025-11-20T19:33:40.867+01:00  INFO 50871 --- [auth-service] [nio-8084-exec-7] c.b.auth.controller.AuthController       : GET /api/auth/me - UserId: 68ca5ba9-bfe3-4f94-8d38-a3578ad6c777
2025-11-20T19:33:40.868+01:00 DEBUG 50871 --- [auth-service] [nio-8084-exec-7] org.hibernate.SQL                        : 
    select
        u1_0.id,
        u1_0.active,
        u1_0.created_at,
        u1_0.email,
        u1_0.is_guest,
        u1_0.is_host,
        u1_0.name,
        u1_0.password_hash,
        u1_0.phone,
        u1_0.profile_image_url,
        u1_0.updated_at 
    from
        users u1_0 
    where
        u1_0.id=?
Hibernate: 
    select
        u1_0.id,
        u1_0.active,
        u1_0.created_at,
        u1_0.email,
        u1_0.is_guest,
        u1_0.is_host,
        u1_0.name,
        u1_0.password_hash,
        u1_0.phone,
        u1_0.profile_image_url,
        u1_0.updated_at 
    from
        users u1_0 
    where
        u1_0.id=?
2025-11-20T19:33:40.905+01:00 DEBUG 50871 --- [auth-service] [nio-8084-exec-8] o.s.security.web.FilterChainProxy        : Securing GET /api/auth/me
2025-11-20T19:33:40.906+01:00 DEBUG 50871 --- [auth-service] [nio-8084-exec-8] o.s.s.w.a.AnonymousAuthenticationFilter  : Set SecurityContextHolder to anonymous SecurityContext
2025-11-20T19:33:40.906+01:00 DEBUG 50871 --- [auth-service] [nio-8084-exec-8] o.s.security.web.FilterChainProxy        : Secured GET /api/auth/me
2025-11-20T19:33:40.906+01:00  WARN 50871 --- [auth-service] [nio-8084-exec-8] c.b.auth.controller.AuthController       : GET /api/auth/me called without valid authentication
2025-11-20T19:34:16.937+01:00 DEBUG 50871 --- [auth-service] [nio-8084-exec-9] o.s.security.web.FilterChainProxy        : Securing POST /api/auth/register
2025-11-20T19:34:16.939+01:00 DEBUG 50871 --- [auth-service] [nio-8084-exec-9] o.s.s.w.a.AnonymousAuthenticationFilter  : Set SecurityContextHolder to anonymous SecurityContext
2025-11-20T19:34:16.940+01:00 DEBUG 50871 --- [auth-service] [nio-8084-exec-9] o.s.security.web.FilterChainProxy        : Secured POST /api/auth/register
2025-11-20T19:34:16.947+01:00  INFO 50871 --- [auth-service] [nio-8084-exec-9] c.b.auth.controller.AuthController       : POST /api/auth/register - Email: host_test_1763663656@balconazo.com
2025-11-20T19:34:16.953+01:00  INFO 50871 --- [auth-service] [nio-8084-exec-9] com.balconazo.auth.service.AuthService   : Registrando nuevo usuario: host_test_1763663656@balconazo.com
2025-11-20T19:34:16.959+01:00 DEBUG 50871 --- [auth-service] [nio-8084-exec-9] org.hibernate.SQL                        : 
    select
        u1_0.id 
    from
        users u1_0 
    where
        u1_0.email=? 
    limit
        ?
Hibernate: 
    select
        u1_0.id 
    from
        users u1_0 
    where
        u1_0.email=? 
    limit
        ?
2025-11-20T19:34:17.054+01:00  INFO 50871 --- [auth-service] [nio-8084-exec-9] com.balconazo.auth.service.AuthService   : Usuario registrado exitosamente con ID: 775aab22-021d-4fbe-bd37-39a1c114f641 (isHost=false, isGuest=true)
2025-11-20T19:34:17.055+01:00 DEBUG 50871 --- [auth-service] [nio-8084-exec-9] org.hibernate.SQL                        : 
    insert 
    into
        users
        (active, created_at, email, is_guest, is_host, name, password_hash, phone, profile_image_url, updated_at, id) 
    values
        (?, ?, ?, ?, ?, ?, ?, ?, ?, ?, ?)
Hibernate: 
    insert 
    into
        users
        (active, created_at, email, is_guest, is_host, name, password_hash, phone, profile_image_url, updated_at, id) 
    values
        (?, ?, ?, ?, ?, ?, ?, ?, ?, ?, ?)
2025-11-20T19:34:17.115+01:00 DEBUG 50871 --- [auth-service] [io-8084-exec-10] o.s.security.web.FilterChainProxy        : Securing POST /api/auth/login
2025-11-20T19:34:17.116+01:00 DEBUG 50871 --- [auth-service] [io-8084-exec-10] o.s.s.w.a.AnonymousAuthenticationFilter  : Set SecurityContextHolder to anonymous SecurityContext
2025-11-20T19:34:17.116+01:00 DEBUG 50871 --- [auth-service] [io-8084-exec-10] o.s.security.web.FilterChainProxy        : Secured POST /api/auth/login
2025-11-20T19:34:17.118+01:00  INFO 50871 --- [auth-service] [io-8084-exec-10] c.b.auth.controller.AuthController       : POST /api/auth/login - Email: host_test_1763663656@balconazo.com
2025-11-20T19:34:17.125+01:00  INFO 50871 --- [auth-service] [io-8084-exec-10] com.balconazo.auth.service.AuthService   : Intento de login para: host_test_1763663656@balconazo.com
2025-11-20T19:34:17.126+01:00 DEBUG 50871 --- [auth-service] [io-8084-exec-10] org.hibernate.SQL                        : 
    select
        u1_0.id,
        u1_0.active,
        u1_0.created_at,
        u1_0.email,
        u1_0.is_guest,
        u1_0.is_host,
        u1_0.name,
        u1_0.password_hash,
        u1_0.phone,
        u1_0.profile_image_url,
        u1_0.updated_at 
    from
        users u1_0 
    where
        u1_0.email=?
Hibernate: 
    select
        u1_0.id,
        u1_0.active,
        u1_0.created_at,
        u1_0.email,
        u1_0.is_guest,
        u1_0.is_host,
        u1_0.name,
        u1_0.password_hash,
        u1_0.phone,
        u1_0.profile_image_url,
        u1_0.updated_at 
    from
        users u1_0 
    where
        u1_0.email=?
2025-11-20T19:34:17.214+01:00  INFO 50871 --- [auth-service] [io-8084-exec-10] com.balconazo.auth.service.AuthService   : Login exitoso para usuario: host_test_1763663656@balconazo.com (isHost=false, isGuest=true)
2025-11-20T19:34:17.214+01:00 DEBUG 50871 --- [auth-service] [io-8084-exec-10] org.hibernate.SQL                        : 
    insert 
    into
        refresh_tokens
        (created_at, expires_at, token, user_id, id) 
    values
        (?, ?, ?, ?, ?)
Hibernate: 
    insert 
    into
        refresh_tokens
        (created_at, expires_at, token, user_id, id) 
    values
        (?, ?, ?, ?, ?)
2025-11-20T19:34:17.261+01:00 DEBUG 50871 --- [auth-service] [nio-8084-exec-1] o.s.security.web.FilterChainProxy        : Securing POST /api/auth/register
2025-11-20T19:34:17.262+01:00 DEBUG 50871 --- [auth-service] [nio-8084-exec-1] o.s.s.w.a.AnonymousAuthenticationFilter  : Set SecurityContextHolder to anonymous SecurityContext
2025-11-20T19:34:17.262+01:00 DEBUG 50871 --- [auth-service] [nio-8084-exec-1] o.s.security.web.FilterChainProxy        : Secured POST /api/auth/register
2025-11-20T19:34:17.263+01:00  INFO 50871 --- [auth-service] [nio-8084-exec-1] c.b.auth.controller.AuthController       : POST /api/auth/register - Email: guest_test_1763663656@balconazo.com
2025-11-20T19:34:17.270+01:00  INFO 50871 --- [auth-service] [nio-8084-exec-1] com.balconazo.auth.service.AuthService   : Registrando nuevo usuario: guest_test_1763663656@balconazo.com
2025-11-20T19:34:17.271+01:00 DEBUG 50871 --- [auth-service] [nio-8084-exec-1] org.hibernate.SQL                        : 
    select
        u1_0.id 
    from
        users u1_0 
    where
        u1_0.email=? 
    limit
        ?
Hibernate: 
    select
        u1_0.id 
    from
        users u1_0 
    where
        u1_0.email=? 
    limit
        ?
2025-11-20T19:34:17.354+01:00  INFO 50871 --- [auth-service] [nio-8084-exec-1] com.balconazo.auth.service.AuthService   : Usuario registrado exitosamente con ID: 6541c1ad-fbba-47ca-86e0-451cd5654866 (isHost=false, isGuest=true)
2025-11-20T19:34:17.354+01:00 DEBUG 50871 --- [auth-service] [nio-8084-exec-1] org.hibernate.SQL                        : 
    insert 
    into
        users
        (active, created_at, email, is_guest, is_host, name, password_hash, phone, profile_image_url, updated_at, id) 
    values
        (?, ?, ?, ?, ?, ?, ?, ?, ?, ?, ?)
Hibernate: 
    insert 
    into
        users
        (active, created_at, email, is_guest, is_host, name, password_hash, phone, profile_image_url, updated_at, id) 
    values
        (?, ?, ?, ?, ?, ?, ?, ?, ?, ?, ?)
2025-11-20T19:34:17.401+01:00 DEBUG 50871 --- [auth-service] [nio-8084-exec-2] o.s.security.web.FilterChainProxy        : Securing POST /api/auth/login
2025-11-20T19:34:17.401+01:00 DEBUG 50871 --- [auth-service] [nio-8084-exec-2] o.s.s.w.a.AnonymousAuthenticationFilter  : Set SecurityContextHolder to anonymous SecurityContext
2025-11-20T19:34:17.402+01:00 DEBUG 50871 --- [auth-service] [nio-8084-exec-2] o.s.security.web.FilterChainProxy        : Secured POST /api/auth/login
2025-11-20T19:34:17.402+01:00  INFO 50871 --- [auth-service] [nio-8084-exec-2] c.b.auth.controller.AuthController       : POST /api/auth/login - Email: guest_test_1763663656@balconazo.com
2025-11-20T19:34:17.403+01:00  INFO 50871 --- [auth-service] [nio-8084-exec-2] com.balconazo.auth.service.AuthService   : Intento de login para: guest_test_1763663656@balconazo.com
2025-11-20T19:34:17.404+01:00 DEBUG 50871 --- [auth-service] [nio-8084-exec-2] org.hibernate.SQL                        : 
    select
        u1_0.id,
        u1_0.active,
        u1_0.created_at,
        u1_0.email,
        u1_0.is_guest,
        u1_0.is_host,
        u1_0.name,
        u1_0.password_hash,
        u1_0.phone,
        u1_0.profile_image_url,
        u1_0.updated_at 
    from
        users u1_0 
    where
        u1_0.email=?
Hibernate: 
    select
        u1_0.id,
        u1_0.active,
        u1_0.created_at,
        u1_0.email,
        u1_0.is_guest,
        u1_0.is_host,
        u1_0.name,
        u1_0.password_hash,
        u1_0.phone,
        u1_0.profile_image_url,
        u1_0.updated_at 
    from
        users u1_0 
    where
        u1_0.email=?
2025-11-20T19:34:17.488+01:00  INFO 50871 --- [auth-service] [nio-8084-exec-2] com.balconazo.auth.service.AuthService   : Login exitoso para usuario: guest_test_1763663656@balconazo.com (isHost=false, isGuest=true)
2025-11-20T19:34:17.489+01:00 DEBUG 50871 --- [auth-service] [nio-8084-exec-2] org.hibernate.SQL                        : 
    insert 
    into
        refresh_tokens
        (created_at, expires_at, token, user_id, id) 
    values
        (?, ?, ?, ?, ?)
Hibernate: 
    insert 
    into
        refresh_tokens
        (created_at, expires_at, token, user_id, id) 
    values
        (?, ?, ?, ?, ?)
2025-11-20T19:34:17.536+01:00 DEBUG 50871 --- [auth-service] [nio-8084-exec-3] o.s.security.web.FilterChainProxy        : Securing POST /api/auth/register
2025-11-20T19:34:17.536+01:00 DEBUG 50871 --- [auth-service] [nio-8084-exec-3] o.s.s.w.a.AnonymousAuthenticationFilter  : Set SecurityContextHolder to anonymous SecurityContext
2025-11-20T19:34:17.537+01:00 DEBUG 50871 --- [auth-service] [nio-8084-exec-3] o.s.security.web.FilterChainProxy        : Secured POST /api/auth/register
2025-11-20T19:34:17.537+01:00  INFO 50871 --- [auth-service] [nio-8084-exec-3] c.b.auth.controller.AuthController       : POST /api/auth/register - Email: dual_test_1763663656@balconazo.com
2025-11-20T19:34:17.538+01:00  INFO 50871 --- [auth-service] [nio-8084-exec-3] com.balconazo.auth.service.AuthService   : Registrando nuevo usuario: dual_test_1763663656@balconazo.com
2025-11-20T19:34:17.539+01:00 DEBUG 50871 --- [auth-service] [nio-8084-exec-3] org.hibernate.SQL                        : 
    select
        u1_0.id 
    from
        users u1_0 
    where
        u1_0.email=? 
    limit
        ?
Hibernate: 
    select
        u1_0.id 
    from
        users u1_0 
    where
        u1_0.email=? 
    limit
        ?
2025-11-20T19:34:17.621+01:00  INFO 50871 --- [auth-service] [nio-8084-exec-3] com.balconazo.auth.service.AuthService   : Usuario registrado exitosamente con ID: e717355e-189b-4ed8-baaa-eb133b1d0877 (isHost=false, isGuest=true)
2025-11-20T19:34:17.621+01:00 DEBUG 50871 --- [auth-service] [nio-8084-exec-3] org.hibernate.SQL                        : 
    insert 
    into
        users
        (active, created_at, email, is_guest, is_host, name, password_hash, phone, profile_image_url, updated_at, id) 
    values
        (?, ?, ?, ?, ?, ?, ?, ?, ?, ?, ?)
Hibernate: 
    insert 
    into
        users
        (active, created_at, email, is_guest, is_host, name, password_hash, phone, profile_image_url, updated_at, id) 
    values
        (?, ?, ?, ?, ?, ?, ?, ?, ?, ?, ?)
2025-11-20T19:34:17.683+01:00 DEBUG 50871 --- [auth-service] [nio-8084-exec-4] o.s.security.web.FilterChainProxy        : Securing POST /api/auth/login
2025-11-20T19:34:17.683+01:00 DEBUG 50871 --- [auth-service] [nio-8084-exec-4] o.s.s.w.a.AnonymousAuthenticationFilter  : Set SecurityContextHolder to anonymous SecurityContext
2025-11-20T19:34:17.683+01:00 DEBUG 50871 --- [auth-service] [nio-8084-exec-4] o.s.security.web.FilterChainProxy        : Secured POST /api/auth/login
2025-11-20T19:34:17.684+01:00  INFO 50871 --- [auth-service] [nio-8084-exec-4] c.b.auth.controller.AuthController       : POST /api/auth/login - Email: dual_test_1763663656@balconazo.com
2025-11-20T19:34:17.686+01:00  INFO 50871 --- [auth-service] [nio-8084-exec-4] com.balconazo.auth.service.AuthService   : Intento de login para: dual_test_1763663656@balconazo.com
2025-11-20T19:34:17.687+01:00 DEBUG 50871 --- [auth-service] [nio-8084-exec-4] org.hibernate.SQL                        : 
    select
        u1_0.id,
        u1_0.active,
        u1_0.created_at,
        u1_0.email,
        u1_0.is_guest,
        u1_0.is_host,
        u1_0.name,
        u1_0.password_hash,
        u1_0.phone,
        u1_0.profile_image_url,
        u1_0.updated_at 
    from
        users u1_0 
    where
        u1_0.email=?
Hibernate: 
    select
        u1_0.id,
        u1_0.active,
        u1_0.created_at,
        u1_0.email,
        u1_0.is_guest,
        u1_0.is_host,
        u1_0.name,
        u1_0.password_hash,
        u1_0.phone,
        u1_0.profile_image_url,
        u1_0.updated_at 
    from
        users u1_0 
    where
        u1_0.email=?
2025-11-20T19:34:17.797+01:00  INFO 50871 --- [auth-service] [nio-8084-exec-4] com.balconazo.auth.service.AuthService   : Login exitoso para usuario: dual_test_1763663656@balconazo.com (isHost=false, isGuest=true)
2025-11-20T19:34:17.798+01:00 DEBUG 50871 --- [auth-service] [nio-8084-exec-4] org.hibernate.SQL                        : 
    insert 
    into
        refresh_tokens
        (created_at, expires_at, token, user_id, id) 
    values
        (?, ?, ?, ?, ?)
Hibernate: 
    insert 
    into
        refresh_tokens
        (created_at, expires_at, token, user_id, id) 
    values
        (?, ?, ?, ?, ?)
2025-11-20T19:34:17.847+01:00 DEBUG 50871 --- [auth-service] [nio-8084-exec-5] o.s.security.web.FilterChainProxy        : Securing GET /api/auth/me
2025-11-20T19:34:17.847+01:00 DEBUG 50871 --- [auth-service] [nio-8084-exec-5] o.s.s.w.a.AnonymousAuthenticationFilter  : Set SecurityContextHolder to anonymous SecurityContext
2025-11-20T19:34:17.847+01:00 DEBUG 50871 --- [auth-service] [nio-8084-exec-5] o.s.security.web.FilterChainProxy        : Secured GET /api/auth/me
2025-11-20T19:34:17.850+01:00  INFO 50871 --- [auth-service] [nio-8084-exec-5] c.b.auth.controller.AuthController       : GET /api/auth/me - UserId: 775aab22-021d-4fbe-bd37-39a1c114f641
2025-11-20T19:34:17.851+01:00 DEBUG 50871 --- [auth-service] [nio-8084-exec-5] org.hibernate.SQL                        : 
    select
        u1_0.id,
        u1_0.active,
        u1_0.created_at,
        u1_0.email,
        u1_0.is_guest,
        u1_0.is_host,
        u1_0.name,
        u1_0.password_hash,
        u1_0.phone,
        u1_0.profile_image_url,
        u1_0.updated_at 
    from
        users u1_0 
    where
        u1_0.id=?
Hibernate: 
    select
        u1_0.id,
        u1_0.active,
        u1_0.created_at,
        u1_0.email,
        u1_0.is_guest,
        u1_0.is_host,
        u1_0.name,
        u1_0.password_hash,
        u1_0.phone,
        u1_0.profile_image_url,
        u1_0.updated_at 
    from
        users u1_0 
    where
        u1_0.id=?
2025-11-20T19:34:17.898+01:00 DEBUG 50871 --- [auth-service] [nio-8084-exec-6] o.s.security.web.FilterChainProxy        : Securing GET /api/auth/me
2025-11-20T19:34:17.899+01:00 DEBUG 50871 --- [auth-service] [nio-8084-exec-6] o.s.s.w.a.AnonymousAuthenticationFilter  : Set SecurityContextHolder to anonymous SecurityContext
2025-11-20T19:34:17.899+01:00 DEBUG 50871 --- [auth-service] [nio-8084-exec-6] o.s.security.web.FilterChainProxy        : Secured GET /api/auth/me
2025-11-20T19:34:17.901+01:00  INFO 50871 --- [auth-service] [nio-8084-exec-6] c.b.auth.controller.AuthController       : GET /api/auth/me - UserId: 6541c1ad-fbba-47ca-86e0-451cd5654866
2025-11-20T19:34:17.902+01:00 DEBUG 50871 --- [auth-service] [nio-8084-exec-6] org.hibernate.SQL                        : 
    select
        u1_0.id,
        u1_0.active,
        u1_0.created_at,
        u1_0.email,
        u1_0.is_guest,
        u1_0.is_host,
        u1_0.name,
        u1_0.password_hash,
        u1_0.phone,
        u1_0.profile_image_url,
        u1_0.updated_at 
    from
        users u1_0 
    where
        u1_0.id=?
Hibernate: 
    select
        u1_0.id,
        u1_0.active,
        u1_0.created_at,
        u1_0.email,
        u1_0.is_guest,
        u1_0.is_host,
        u1_0.name,
        u1_0.password_hash,
        u1_0.phone,
        u1_0.profile_image_url,
        u1_0.updated_at 
    from
        users u1_0 
    where
        u1_0.id=?
2025-11-20T19:34:17.939+01:00 DEBUG 50871 --- [auth-service] [nio-8084-exec-7] o.s.security.web.FilterChainProxy        : Securing GET /api/auth/me
2025-11-20T19:34:17.940+01:00 DEBUG 50871 --- [auth-service] [nio-8084-exec-7] o.s.s.w.a.AnonymousAuthenticationFilter  : Set SecurityContextHolder to anonymous SecurityContext
2025-11-20T19:34:17.940+01:00 DEBUG 50871 --- [auth-service] [nio-8084-exec-7] o.s.security.web.FilterChainProxy        : Secured GET /api/auth/me
2025-11-20T19:34:17.940+01:00  WARN 50871 --- [auth-service] [nio-8084-exec-7] c.b.auth.controller.AuthController       : GET /api/auth/me called without valid authentication
2025-11-20T19:34:48.307+01:00  INFO 50871 --- [auth-service] [rap-executor-%d] c.n.d.s.r.aws.ConfigClusterResolver      : Resolving eureka endpoints via configuration
2025-11-20T19:39:48.313+01:00  INFO 50871 --- [auth-service] [rap-executor-%d] c.n.d.s.r.aws.ConfigClusterResolver      : Resolving eureka endpoints via configuration
2025-11-20T19:42:36.158+01:00 DEBUG 50871 --- [auth-service] [nio-8084-exec-9] o.s.security.web.FilterChainProxy        : Securing POST /api/auth/register
2025-11-20T19:42:36.162+01:00 DEBUG 50871 --- [auth-service] [nio-8084-exec-9] o.s.s.w.a.AnonymousAuthenticationFilter  : Set SecurityContextHolder to anonymous SecurityContext
2025-11-20T19:42:36.164+01:00 DEBUG 50871 --- [auth-service] [nio-8084-exec-9] o.s.security.web.FilterChainProxy        : Secured POST /api/auth/register
2025-11-20T19:42:36.169+01:00  INFO 50871 --- [auth-service] [nio-8084-exec-9] c.b.auth.controller.AuthController       : POST /api/auth/register - Email: host_test_1763664156@balconazo.com
2025-11-20T19:42:36.180+01:00  INFO 50871 --- [auth-service] [nio-8084-exec-9] com.balconazo.auth.service.AuthService   : Registrando nuevo usuario: host_test_1763664156@balconazo.com
2025-11-20T19:42:36.185+01:00 DEBUG 50871 --- [auth-service] [nio-8084-exec-9] org.hibernate.SQL                        : 
    select
        u1_0.id 
    from
        users u1_0 
    where
        u1_0.email=? 
    limit
        ?
Hibernate: 
    select
        u1_0.id 
    from
        users u1_0 
    where
        u1_0.email=? 
    limit
        ?
2025-11-20T19:42:36.280+01:00  INFO 50871 --- [auth-service] [nio-8084-exec-9] com.balconazo.auth.service.AuthService   : Usuario registrado exitosamente con ID: 84cd896f-e969-4492-8c57-598c7b5710ad (isHost=false, isGuest=true)
2025-11-20T19:42:36.281+01:00 DEBUG 50871 --- [auth-service] [nio-8084-exec-9] org.hibernate.SQL                        : 
    insert 
    into
        users
        (active, created_at, email, is_guest, is_host, name, password_hash, phone, profile_image_url, updated_at, id) 
    values
        (?, ?, ?, ?, ?, ?, ?, ?, ?, ?, ?)
Hibernate: 
    insert 
    into
        users
        (active, created_at, email, is_guest, is_host, name, password_hash, phone, profile_image_url, updated_at, id) 
    values
        (?, ?, ?, ?, ?, ?, ?, ?, ?, ?, ?)
2025-11-20T19:42:36.354+01:00 DEBUG 50871 --- [auth-service] [io-8084-exec-10] o.s.security.web.FilterChainProxy        : Securing POST /api/auth/login
2025-11-20T19:42:36.355+01:00 DEBUG 50871 --- [auth-service] [io-8084-exec-10] o.s.s.w.a.AnonymousAuthenticationFilter  : Set SecurityContextHolder to anonymous SecurityContext
2025-11-20T19:42:36.355+01:00 DEBUG 50871 --- [auth-service] [io-8084-exec-10] o.s.security.web.FilterChainProxy        : Secured POST /api/auth/login
2025-11-20T19:42:36.356+01:00  INFO 50871 --- [auth-service] [io-8084-exec-10] c.b.auth.controller.AuthController       : POST /api/auth/login - Email: host_test_1763664156@balconazo.com
2025-11-20T19:42:36.358+01:00  INFO 50871 --- [auth-service] [io-8084-exec-10] com.balconazo.auth.service.AuthService   : Intento de login para: host_test_1763664156@balconazo.com
2025-11-20T19:42:36.360+01:00 DEBUG 50871 --- [auth-service] [io-8084-exec-10] org.hibernate.SQL                        : 
    select
        u1_0.id,
        u1_0.active,
        u1_0.created_at,
        u1_0.email,
        u1_0.is_guest,
        u1_0.is_host,
        u1_0.name,
        u1_0.password_hash,
        u1_0.phone,
        u1_0.profile_image_url,
        u1_0.updated_at 
    from
        users u1_0 
    where
        u1_0.email=?
Hibernate: 
    select
        u1_0.id,
        u1_0.active,
        u1_0.created_at,
        u1_0.email,
        u1_0.is_guest,
        u1_0.is_host,
        u1_0.name,
        u1_0.password_hash,
        u1_0.phone,
        u1_0.profile_image_url,
        u1_0.updated_at 
    from
        users u1_0 
    where
        u1_0.email=?
2025-11-20T19:42:36.450+01:00  INFO 50871 --- [auth-service] [io-8084-exec-10] com.balconazo.auth.service.AuthService   : Login exitoso para usuario: host_test_1763664156@balconazo.com (isHost=false, isGuest=true)
2025-11-20T19:42:36.450+01:00 DEBUG 50871 --- [auth-service] [io-8084-exec-10] org.hibernate.SQL                        : 
    insert 
    into
        refresh_tokens
        (created_at, expires_at, token, user_id, id) 
    values
        (?, ?, ?, ?, ?)
Hibernate: 
    insert 
    into
        refresh_tokens
        (created_at, expires_at, token, user_id, id) 
    values
        (?, ?, ?, ?, ?)
2025-11-20T19:42:36.498+01:00 DEBUG 50871 --- [auth-service] [nio-8084-exec-1] o.s.security.web.FilterChainProxy        : Securing POST /api/auth/register
2025-11-20T19:42:36.499+01:00 DEBUG 50871 --- [auth-service] [nio-8084-exec-1] o.s.s.w.a.AnonymousAuthenticationFilter  : Set SecurityContextHolder to anonymous SecurityContext
2025-11-20T19:42:36.499+01:00 DEBUG 50871 --- [auth-service] [nio-8084-exec-1] o.s.security.web.FilterChainProxy        : Secured POST /api/auth/register
2025-11-20T19:42:36.500+01:00  INFO 50871 --- [auth-service] [nio-8084-exec-1] c.b.auth.controller.AuthController       : POST /api/auth/register - Email: guest_test_1763664156@balconazo.com
2025-11-20T19:42:36.505+01:00  INFO 50871 --- [auth-service] [nio-8084-exec-1] com.balconazo.auth.service.AuthService   : Registrando nuevo usuario: guest_test_1763664156@balconazo.com
2025-11-20T19:42:36.506+01:00 DEBUG 50871 --- [auth-service] [nio-8084-exec-1] org.hibernate.SQL                        : 
    select
        u1_0.id 
    from
        users u1_0 
    where
        u1_0.email=? 
    limit
        ?
Hibernate: 
    select
        u1_0.id 
    from
        users u1_0 
    where
        u1_0.email=? 
    limit
        ?
2025-11-20T19:42:36.589+01:00  INFO 50871 --- [auth-service] [nio-8084-exec-1] com.balconazo.auth.service.AuthService   : Usuario registrado exitosamente con ID: b7a5324f-4b96-4182-9697-95f62fe96505 (isHost=false, isGuest=true)
2025-11-20T19:42:36.589+01:00 DEBUG 50871 --- [auth-service] [nio-8084-exec-1] org.hibernate.SQL                        : 
    insert 
    into
        users
        (active, created_at, email, is_guest, is_host, name, password_hash, phone, profile_image_url, updated_at, id) 
    values
        (?, ?, ?, ?, ?, ?, ?, ?, ?, ?, ?)
Hibernate: 
    insert 
    into
        users
        (active, created_at, email, is_guest, is_host, name, password_hash, phone, profile_image_url, updated_at, id) 
    values
        (?, ?, ?, ?, ?, ?, ?, ?, ?, ?, ?)
2025-11-20T19:42:36.635+01:00 DEBUG 50871 --- [auth-service] [nio-8084-exec-2] o.s.security.web.FilterChainProxy        : Securing POST /api/auth/login
2025-11-20T19:42:36.636+01:00 DEBUG 50871 --- [auth-service] [nio-8084-exec-2] o.s.s.w.a.AnonymousAuthenticationFilter  : Set SecurityContextHolder to anonymous SecurityContext
2025-11-20T19:42:36.636+01:00 DEBUG 50871 --- [auth-service] [nio-8084-exec-2] o.s.security.web.FilterChainProxy        : Secured POST /api/auth/login
2025-11-20T19:42:36.637+01:00  INFO 50871 --- [auth-service] [nio-8084-exec-2] c.b.auth.controller.AuthController       : POST /api/auth/login - Email: guest_test_1763664156@balconazo.com
2025-11-20T19:42:36.638+01:00  INFO 50871 --- [auth-service] [nio-8084-exec-2] com.balconazo.auth.service.AuthService   : Intento de login para: guest_test_1763664156@balconazo.com
2025-11-20T19:42:36.639+01:00 DEBUG 50871 --- [auth-service] [nio-8084-exec-2] org.hibernate.SQL                        : 
    select
        u1_0.id,
        u1_0.active,
        u1_0.created_at,
        u1_0.email,
        u1_0.is_guest,
        u1_0.is_host,
        u1_0.name,
        u1_0.password_hash,
        u1_0.phone,
        u1_0.profile_image_url,
        u1_0.updated_at 
    from
        users u1_0 
    where
        u1_0.email=?
Hibernate: 
    select
        u1_0.id,
        u1_0.active,
        u1_0.created_at,
        u1_0.email,
        u1_0.is_guest,
        u1_0.is_host,
        u1_0.name,
        u1_0.password_hash,
        u1_0.phone,
        u1_0.profile_image_url,
        u1_0.updated_at 
    from
        users u1_0 
    where
        u1_0.email=?
2025-11-20T19:42:36.737+01:00  INFO 50871 --- [auth-service] [nio-8084-exec-2] com.balconazo.auth.service.AuthService   : Login exitoso para usuario: guest_test_1763664156@balconazo.com (isHost=false, isGuest=true)
2025-11-20T19:42:36.739+01:00 DEBUG 50871 --- [auth-service] [nio-8084-exec-2] org.hibernate.SQL                        : 
    insert 
    into
        refresh_tokens
        (created_at, expires_at, token, user_id, id) 
    values
        (?, ?, ?, ?, ?)
Hibernate: 
    insert 
    into
        refresh_tokens
        (created_at, expires_at, token, user_id, id) 
    values
        (?, ?, ?, ?, ?)
2025-11-20T19:42:36.795+01:00 DEBUG 50871 --- [auth-service] [nio-8084-exec-3] o.s.security.web.FilterChainProxy        : Securing POST /api/auth/register
2025-11-20T19:42:36.795+01:00 DEBUG 50871 --- [auth-service] [nio-8084-exec-3] o.s.s.w.a.AnonymousAuthenticationFilter  : Set SecurityContextHolder to anonymous SecurityContext
2025-11-20T19:42:36.795+01:00 DEBUG 50871 --- [auth-service] [nio-8084-exec-3] o.s.security.web.FilterChainProxy        : Secured POST /api/auth/register
2025-11-20T19:42:36.796+01:00  INFO 50871 --- [auth-service] [nio-8084-exec-3] c.b.auth.controller.AuthController       : POST /api/auth/register - Email: dual_test_1763664156@balconazo.com
2025-11-20T19:42:36.797+01:00  INFO 50871 --- [auth-service] [nio-8084-exec-3] com.balconazo.auth.service.AuthService   : Registrando nuevo usuario: dual_test_1763664156@balconazo.com
2025-11-20T19:42:36.798+01:00 DEBUG 50871 --- [auth-service] [nio-8084-exec-3] org.hibernate.SQL                        : 
    select
        u1_0.id 
    from
        users u1_0 
    where
        u1_0.email=? 
    limit
        ?
Hibernate: 
    select
        u1_0.id 
    from
        users u1_0 
    where
        u1_0.email=? 
    limit
        ?
2025-11-20T19:42:36.906+01:00  INFO 50871 --- [auth-service] [nio-8084-exec-3] com.balconazo.auth.service.AuthService   : Usuario registrado exitosamente con ID: c0feb001-6fae-4ec7-9f06-4767eb5c295f (isHost=false, isGuest=true)
2025-11-20T19:42:36.907+01:00 DEBUG 50871 --- [auth-service] [nio-8084-exec-3] org.hibernate.SQL                        : 
    insert 
    into
        users
        (active, created_at, email, is_guest, is_host, name, password_hash, phone, profile_image_url, updated_at, id) 
    values
        (?, ?, ?, ?, ?, ?, ?, ?, ?, ?, ?)
Hibernate: 
    insert 
    into
        users
        (active, created_at, email, is_guest, is_host, name, password_hash, phone, profile_image_url, updated_at, id) 
    values
        (?, ?, ?, ?, ?, ?, ?, ?, ?, ?, ?)
2025-11-20T19:42:36.958+01:00 DEBUG 50871 --- [auth-service] [nio-8084-exec-4] o.s.security.web.FilterChainProxy        : Securing POST /api/auth/login
2025-11-20T19:42:36.959+01:00 DEBUG 50871 --- [auth-service] [nio-8084-exec-4] o.s.s.w.a.AnonymousAuthenticationFilter  : Set SecurityContextHolder to anonymous SecurityContext
2025-11-20T19:42:36.959+01:00 DEBUG 50871 --- [auth-service] [nio-8084-exec-4] o.s.security.web.FilterChainProxy        : Secured POST /api/auth/login
2025-11-20T19:42:36.959+01:00  INFO 50871 --- [auth-service] [nio-8084-exec-4] c.b.auth.controller.AuthController       : POST /api/auth/login - Email: dual_test_1763664156@balconazo.com
2025-11-20T19:42:36.960+01:00  INFO 50871 --- [auth-service] [nio-8084-exec-4] com.balconazo.auth.service.AuthService   : Intento de login para: dual_test_1763664156@balconazo.com
2025-11-20T19:42:36.961+01:00 DEBUG 50871 --- [auth-service] [nio-8084-exec-4] org.hibernate.SQL                        : 
    select
        u1_0.id,
        u1_0.active,
        u1_0.created_at,
        u1_0.email,
        u1_0.is_guest,
        u1_0.is_host,
        u1_0.name,
        u1_0.password_hash,
        u1_0.phone,
        u1_0.profile_image_url,
        u1_0.updated_at 
    from
        users u1_0 
    where
        u1_0.email=?
Hibernate: 
    select
        u1_0.id,
        u1_0.active,
        u1_0.created_at,
        u1_0.email,
        u1_0.is_guest,
        u1_0.is_host,
        u1_0.name,
        u1_0.password_hash,
        u1_0.phone,
        u1_0.profile_image_url,
        u1_0.updated_at 
    from
        users u1_0 
    where
        u1_0.email=?
2025-11-20T19:42:37.048+01:00  INFO 50871 --- [auth-service] [nio-8084-exec-4] com.balconazo.auth.service.AuthService   : Login exitoso para usuario: dual_test_1763664156@balconazo.com (isHost=false, isGuest=true)
2025-11-20T19:42:37.048+01:00 DEBUG 50871 --- [auth-service] [nio-8084-exec-4] org.hibernate.SQL                        : 
    insert 
    into
        refresh_tokens
        (created_at, expires_at, token, user_id, id) 
    values
        (?, ?, ?, ?, ?)
Hibernate: 
    insert 
    into
        refresh_tokens
        (created_at, expires_at, token, user_id, id) 
    values
        (?, ?, ?, ?, ?)
2025-11-20T19:42:37.098+01:00 DEBUG 50871 --- [auth-service] [nio-8084-exec-5] o.s.security.web.FilterChainProxy        : Securing GET /api/auth/me
2025-11-20T19:42:37.098+01:00 DEBUG 50871 --- [auth-service] [nio-8084-exec-5] o.s.s.w.a.AnonymousAuthenticationFilter  : Set SecurityContextHolder to anonymous SecurityContext
2025-11-20T19:42:37.098+01:00 DEBUG 50871 --- [auth-service] [nio-8084-exec-5] o.s.security.web.FilterChainProxy        : Secured GET /api/auth/me
2025-11-20T19:42:37.104+01:00  INFO 50871 --- [auth-service] [nio-8084-exec-5] c.b.auth.controller.AuthController       : GET /api/auth/me - UserId: 84cd896f-e969-4492-8c57-598c7b5710ad
2025-11-20T19:42:37.106+01:00 DEBUG 50871 --- [auth-service] [nio-8084-exec-5] org.hibernate.SQL                        : 
    select
        u1_0.id,
        u1_0.active,
        u1_0.created_at,
        u1_0.email,
        u1_0.is_guest,
        u1_0.is_host,
        u1_0.name,
        u1_0.password_hash,
        u1_0.phone,
        u1_0.profile_image_url,
        u1_0.updated_at 
    from
        users u1_0 
    where
        u1_0.id=?
Hibernate: 
    select
        u1_0.id,
        u1_0.active,
        u1_0.created_at,
        u1_0.email,
        u1_0.is_guest,
        u1_0.is_host,
        u1_0.name,
        u1_0.password_hash,
        u1_0.phone,
        u1_0.profile_image_url,
        u1_0.updated_at 
    from
        users u1_0 
    where
        u1_0.id=?
2025-11-20T19:42:37.156+01:00 DEBUG 50871 --- [auth-service] [nio-8084-exec-6] o.s.security.web.FilterChainProxy        : Securing GET /api/auth/me
2025-11-20T19:42:37.157+01:00 DEBUG 50871 --- [auth-service] [nio-8084-exec-6] o.s.s.w.a.AnonymousAuthenticationFilter  : Set SecurityContextHolder to anonymous SecurityContext
2025-11-20T19:42:37.157+01:00 DEBUG 50871 --- [auth-service] [nio-8084-exec-6] o.s.security.web.FilterChainProxy        : Secured GET /api/auth/me
2025-11-20T19:42:37.159+01:00  INFO 50871 --- [auth-service] [nio-8084-exec-6] c.b.auth.controller.AuthController       : GET /api/auth/me - UserId: b7a5324f-4b96-4182-9697-95f62fe96505
2025-11-20T19:42:37.161+01:00 DEBUG 50871 --- [auth-service] [nio-8084-exec-6] org.hibernate.SQL                        : 
    select
        u1_0.id,
        u1_0.active,
        u1_0.created_at,
        u1_0.email,
        u1_0.is_guest,
        u1_0.is_host,
        u1_0.name,
        u1_0.password_hash,
        u1_0.phone,
        u1_0.profile_image_url,
        u1_0.updated_at 
    from
        users u1_0 
    where
        u1_0.id=?
Hibernate: 
    select
        u1_0.id,
        u1_0.active,
        u1_0.created_at,
        u1_0.email,
        u1_0.is_guest,
        u1_0.is_host,
        u1_0.name,
        u1_0.password_hash,
        u1_0.phone,
        u1_0.profile_image_url,
        u1_0.updated_at 
    from
        users u1_0 
    where
        u1_0.id=?
2025-11-20T19:42:37.200+01:00 DEBUG 50871 --- [auth-service] [nio-8084-exec-7] o.s.security.web.FilterChainProxy        : Securing GET /api/auth/me
2025-11-20T19:42:37.200+01:00 DEBUG 50871 --- [auth-service] [nio-8084-exec-7] o.s.s.w.a.AnonymousAuthenticationFilter  : Set SecurityContextHolder to anonymous SecurityContext
2025-11-20T19:42:37.200+01:00 DEBUG 50871 --- [auth-service] [nio-8084-exec-7] o.s.security.web.FilterChainProxy        : Secured GET /api/auth/me
2025-11-20T19:42:37.200+01:00  WARN 50871 --- [auth-service] [nio-8084-exec-7] c.b.auth.controller.AuthController       : GET /api/auth/me called without valid authentication
2025-11-20T19:42:45.385+01:00 DEBUG 50871 --- [auth-service] [nio-8084-exec-8] o.s.security.web.FilterChainProxy        : Securing POST /api/auth/register
2025-11-20T19:42:45.387+01:00 DEBUG 50871 --- [auth-service] [nio-8084-exec-8] o.s.s.w.a.AnonymousAuthenticationFilter  : Set SecurityContextHolder to anonymous SecurityContext
2025-11-20T19:42:45.388+01:00 DEBUG 50871 --- [auth-service] [nio-8084-exec-8] o.s.security.web.FilterChainProxy        : Secured POST /api/auth/register
2025-11-20T19:42:45.396+01:00  INFO 50871 --- [auth-service] [nio-8084-exec-8] c.b.auth.controller.AuthController       : POST /api/auth/register - Email: host_test_1763664165@balconazo.com
2025-11-20T19:42:45.403+01:00  INFO 50871 --- [auth-service] [nio-8084-exec-8] com.balconazo.auth.service.AuthService   : Registrando nuevo usuario: host_test_1763664165@balconazo.com
2025-11-20T19:42:45.406+01:00 DEBUG 50871 --- [auth-service] [nio-8084-exec-8] org.hibernate.SQL                        : 
    select
        u1_0.id 
    from
        users u1_0 
    where
        u1_0.email=? 
    limit
        ?
Hibernate: 
    select
        u1_0.id 
    from
        users u1_0 
    where
        u1_0.email=? 
    limit
        ?
2025-11-20T19:42:45.498+01:00  INFO 50871 --- [auth-service] [nio-8084-exec-8] com.balconazo.auth.service.AuthService   : Usuario registrado exitosamente con ID: cc1002b5-23c5-4593-aa34-df87812988a1 (isHost=false, isGuest=true)
2025-11-20T19:42:45.501+01:00 DEBUG 50871 --- [auth-service] [nio-8084-exec-8] org.hibernate.SQL                        : 
    insert 
    into
        users
        (active, created_at, email, is_guest, is_host, name, password_hash, phone, profile_image_url, updated_at, id) 
    values
        (?, ?, ?, ?, ?, ?, ?, ?, ?, ?, ?)
Hibernate: 
    insert 
    into
        users
        (active, created_at, email, is_guest, is_host, name, password_hash, phone, profile_image_url, updated_at, id) 
    values
        (?, ?, ?, ?, ?, ?, ?, ?, ?, ?, ?)
2025-11-20T19:42:45.579+01:00 DEBUG 50871 --- [auth-service] [nio-8084-exec-9] o.s.security.web.FilterChainProxy        : Securing POST /api/auth/login
2025-11-20T19:42:45.579+01:00 DEBUG 50871 --- [auth-service] [nio-8084-exec-9] o.s.s.w.a.AnonymousAuthenticationFilter  : Set SecurityContextHolder to anonymous SecurityContext
2025-11-20T19:42:45.579+01:00 DEBUG 50871 --- [auth-service] [nio-8084-exec-9] o.s.security.web.FilterChainProxy        : Secured POST /api/auth/login
2025-11-20T19:42:45.580+01:00  INFO 50871 --- [auth-service] [nio-8084-exec-9] c.b.auth.controller.AuthController       : POST /api/auth/login - Email: host_test_1763664165@balconazo.com
2025-11-20T19:42:45.581+01:00  INFO 50871 --- [auth-service] [nio-8084-exec-9] com.balconazo.auth.service.AuthService   : Intento de login para: host_test_1763664165@balconazo.com
2025-11-20T19:42:45.582+01:00 DEBUG 50871 --- [auth-service] [nio-8084-exec-9] org.hibernate.SQL                        : 
    select
        u1_0.id,
        u1_0.active,
        u1_0.created_at,
        u1_0.email,
        u1_0.is_guest,
        u1_0.is_host,
        u1_0.name,
        u1_0.password_hash,
        u1_0.phone,
        u1_0.profile_image_url,
        u1_0.updated_at 
    from
        users u1_0 
    where
        u1_0.email=?
Hibernate: 
    select
        u1_0.id,
        u1_0.active,
        u1_0.created_at,
        u1_0.email,
        u1_0.is_guest,
        u1_0.is_host,
        u1_0.name,
        u1_0.password_hash,
        u1_0.phone,
        u1_0.profile_image_url,
        u1_0.updated_at 
    from
        users u1_0 
    where
        u1_0.email=?
2025-11-20T19:42:45.669+01:00  INFO 50871 --- [auth-service] [nio-8084-exec-9] com.balconazo.auth.service.AuthService   : Login exitoso para usuario: host_test_1763664165@balconazo.com (isHost=false, isGuest=true)
2025-11-20T19:42:45.670+01:00 DEBUG 50871 --- [auth-service] [nio-8084-exec-9] org.hibernate.SQL                        : 
    insert 
    into
        refresh_tokens
        (created_at, expires_at, token, user_id, id) 
    values
        (?, ?, ?, ?, ?)
Hibernate: 
    insert 
    into
        refresh_tokens
        (created_at, expires_at, token, user_id, id) 
    values
        (?, ?, ?, ?, ?)
2025-11-20T19:42:45.724+01:00 DEBUG 50871 --- [auth-service] [io-8084-exec-10] o.s.security.web.FilterChainProxy        : Securing POST /api/auth/register
2025-11-20T19:42:45.724+01:00 DEBUG 50871 --- [auth-service] [io-8084-exec-10] o.s.s.w.a.AnonymousAuthenticationFilter  : Set SecurityContextHolder to anonymous SecurityContext
2025-11-20T19:42:45.724+01:00 DEBUG 50871 --- [auth-service] [io-8084-exec-10] o.s.security.web.FilterChainProxy        : Secured POST /api/auth/register
2025-11-20T19:42:45.725+01:00  INFO 50871 --- [auth-service] [io-8084-exec-10] c.b.auth.controller.AuthController       : POST /api/auth/register - Email: guest_test_1763664165@balconazo.com
2025-11-20T19:42:45.726+01:00  INFO 50871 --- [auth-service] [io-8084-exec-10] com.balconazo.auth.service.AuthService   : Registrando nuevo usuario: guest_test_1763664165@balconazo.com
2025-11-20T19:42:45.727+01:00 DEBUG 50871 --- [auth-service] [io-8084-exec-10] org.hibernate.SQL                        : 
    select
        u1_0.id 
    from
        users u1_0 
    where
        u1_0.email=? 
    limit
        ?
Hibernate: 
    select
        u1_0.id 
    from
        users u1_0 
    where
        u1_0.email=? 
    limit
        ?
2025-11-20T19:42:45.809+01:00  INFO 50871 --- [auth-service] [io-8084-exec-10] com.balconazo.auth.service.AuthService   : Usuario registrado exitosamente con ID: 650176c0-5a73-459b-b198-f012353b05b8 (isHost=false, isGuest=true)
2025-11-20T19:42:45.809+01:00 DEBUG 50871 --- [auth-service] [io-8084-exec-10] org.hibernate.SQL                        : 
    insert 
    into
        users
        (active, created_at, email, is_guest, is_host, name, password_hash, phone, profile_image_url, updated_at, id) 
    values
        (?, ?, ?, ?, ?, ?, ?, ?, ?, ?, ?)
Hibernate: 
    insert 
    into
        users
        (active, created_at, email, is_guest, is_host, name, password_hash, phone, profile_image_url, updated_at, id) 
    values
        (?, ?, ?, ?, ?, ?, ?, ?, ?, ?, ?)
2025-11-20T19:42:45.857+01:00 DEBUG 50871 --- [auth-service] [nio-8084-exec-1] o.s.security.web.FilterChainProxy        : Securing POST /api/auth/login
2025-11-20T19:42:45.857+01:00 DEBUG 50871 --- [auth-service] [nio-8084-exec-1] o.s.s.w.a.AnonymousAuthenticationFilter  : Set SecurityContextHolder to anonymous SecurityContext
2025-11-20T19:42:45.857+01:00 DEBUG 50871 --- [auth-service] [nio-8084-exec-1] o.s.security.web.FilterChainProxy        : Secured POST /api/auth/login
2025-11-20T19:42:45.858+01:00  INFO 50871 --- [auth-service] [nio-8084-exec-1] c.b.auth.controller.AuthController       : POST /api/auth/login - Email: guest_test_1763664165@balconazo.com
2025-11-20T19:42:45.859+01:00  INFO 50871 --- [auth-service] [nio-8084-exec-1] com.balconazo.auth.service.AuthService   : Intento de login para: guest_test_1763664165@balconazo.com
2025-11-20T19:42:45.860+01:00 DEBUG 50871 --- [auth-service] [nio-8084-exec-1] org.hibernate.SQL                        : 
    select
        u1_0.id,
        u1_0.active,
        u1_0.created_at,
        u1_0.email,
        u1_0.is_guest,
        u1_0.is_host,
        u1_0.name,
        u1_0.password_hash,
        u1_0.phone,
        u1_0.profile_image_url,
        u1_0.updated_at 
    from
        users u1_0 
    where
        u1_0.email=?
Hibernate: 
    select
        u1_0.id,
        u1_0.active,
        u1_0.created_at,
        u1_0.email,
        u1_0.is_guest,
        u1_0.is_host,
        u1_0.name,
        u1_0.password_hash,
        u1_0.phone,
        u1_0.profile_image_url,
        u1_0.updated_at 
    from
        users u1_0 
    where
        u1_0.email=?
2025-11-20T19:42:45.947+01:00  INFO 50871 --- [auth-service] [nio-8084-exec-1] com.balconazo.auth.service.AuthService   : Login exitoso para usuario: guest_test_1763664165@balconazo.com (isHost=false, isGuest=true)
2025-11-20T19:42:45.947+01:00 DEBUG 50871 --- [auth-service] [nio-8084-exec-1] org.hibernate.SQL                        : 
    insert 
    into
        refresh_tokens
        (created_at, expires_at, token, user_id, id) 
    values
        (?, ?, ?, ?, ?)
Hibernate: 
    insert 
    into
        refresh_tokens
        (created_at, expires_at, token, user_id, id) 
    values
        (?, ?, ?, ?, ?)
2025-11-20T19:42:46.116+01:00 DEBUG 50871 --- [auth-service] [nio-8084-exec-2] o.s.security.web.FilterChainProxy        : Securing POST /api/auth/register
2025-11-20T19:42:46.117+01:00 DEBUG 50871 --- [auth-service] [nio-8084-exec-2] o.s.s.w.a.AnonymousAuthenticationFilter  : Set SecurityContextHolder to anonymous SecurityContext
2025-11-20T19:42:46.117+01:00 DEBUG 50871 --- [auth-service] [nio-8084-exec-2] o.s.security.web.FilterChainProxy        : Secured POST /api/auth/register
2025-11-20T19:42:46.117+01:00  INFO 50871 --- [auth-service] [nio-8084-exec-2] c.b.auth.controller.AuthController       : POST /api/auth/register - Email: dual_test_1763664165@balconazo.com
2025-11-20T19:42:46.120+01:00  INFO 50871 --- [auth-service] [nio-8084-exec-2] com.balconazo.auth.service.AuthService   : Registrando nuevo usuario: dual_test_1763664165@balconazo.com
2025-11-20T19:42:46.121+01:00 DEBUG 50871 --- [auth-service] [nio-8084-exec-2] org.hibernate.SQL                        : 
    select
        u1_0.id 
    from
        users u1_0 
    where
        u1_0.email=? 
    limit
        ?
Hibernate: 
    select
        u1_0.id 
    from
        users u1_0 
    where
        u1_0.email=? 
    limit
        ?
2025-11-20T19:42:46.202+01:00  INFO 50871 --- [auth-service] [nio-8084-exec-2] com.balconazo.auth.service.AuthService   : Usuario registrado exitosamente con ID: adda9346-654e-48d8-964d-5200eabce8cc (isHost=false, isGuest=true)
2025-11-20T19:42:46.202+01:00 DEBUG 50871 --- [auth-service] [nio-8084-exec-2] org.hibernate.SQL                        : 
    insert 
    into
        users
        (active, created_at, email, is_guest, is_host, name, password_hash, phone, profile_image_url, updated_at, id) 
    values
        (?, ?, ?, ?, ?, ?, ?, ?, ?, ?, ?)
Hibernate: 
    insert 
    into
        users
        (active, created_at, email, is_guest, is_host, name, password_hash, phone, profile_image_url, updated_at, id) 
    values
        (?, ?, ?, ?, ?, ?, ?, ?, ?, ?, ?)
2025-11-20T19:42:46.252+01:00 DEBUG 50871 --- [auth-service] [nio-8084-exec-3] o.s.security.web.FilterChainProxy        : Securing POST /api/auth/login
2025-11-20T19:42:46.252+01:00 DEBUG 50871 --- [auth-service] [nio-8084-exec-3] o.s.s.w.a.AnonymousAuthenticationFilter  : Set SecurityContextHolder to anonymous SecurityContext
2025-11-20T19:42:46.252+01:00 DEBUG 50871 --- [auth-service] [nio-8084-exec-3] o.s.security.web.FilterChainProxy        : Secured POST /api/auth/login
2025-11-20T19:42:46.253+01:00  INFO 50871 --- [auth-service] [nio-8084-exec-3] c.b.auth.controller.AuthController       : POST /api/auth/login - Email: dual_test_1763664165@balconazo.com
2025-11-20T19:42:46.254+01:00  INFO 50871 --- [auth-service] [nio-8084-exec-3] com.balconazo.auth.service.AuthService   : Intento de login para: dual_test_1763664165@balconazo.com
2025-11-20T19:42:46.255+01:00 DEBUG 50871 --- [auth-service] [nio-8084-exec-3] org.hibernate.SQL                        : 
    select
        u1_0.id,
        u1_0.active,
        u1_0.created_at,
        u1_0.email,
        u1_0.is_guest,
        u1_0.is_host,
        u1_0.name,
        u1_0.password_hash,
        u1_0.phone,
        u1_0.profile_image_url,
        u1_0.updated_at 
    from
        users u1_0 
    where
        u1_0.email=?
Hibernate: 
    select
        u1_0.id,
        u1_0.active,
        u1_0.created_at,
        u1_0.email,
        u1_0.is_guest,
        u1_0.is_host,
        u1_0.name,
        u1_0.password_hash,
        u1_0.phone,
        u1_0.profile_image_url,
        u1_0.updated_at 
    from
        users u1_0 
    where
        u1_0.email=?
2025-11-20T19:42:46.340+01:00  INFO 50871 --- [auth-service] [nio-8084-exec-3] com.balconazo.auth.service.AuthService   : Login exitoso para usuario: dual_test_1763664165@balconazo.com (isHost=false, isGuest=true)
2025-11-20T19:42:46.340+01:00 DEBUG 50871 --- [auth-service] [nio-8084-exec-3] org.hibernate.SQL                        : 
    insert 
    into
        refresh_tokens
        (created_at, expires_at, token, user_id, id) 
    values
        (?, ?, ?, ?, ?)
Hibernate: 
    insert 
    into
        refresh_tokens
        (created_at, expires_at, token, user_id, id) 
    values
        (?, ?, ?, ?, ?)
2025-11-20T19:42:46.389+01:00 DEBUG 50871 --- [auth-service] [nio-8084-exec-4] o.s.security.web.FilterChainProxy        : Securing GET /api/auth/me
2025-11-20T19:42:46.389+01:00 DEBUG 50871 --- [auth-service] [nio-8084-exec-4] o.s.s.w.a.AnonymousAuthenticationFilter  : Set SecurityContextHolder to anonymous SecurityContext
2025-11-20T19:42:46.389+01:00 DEBUG 50871 --- [auth-service] [nio-8084-exec-4] o.s.security.web.FilterChainProxy        : Secured GET /api/auth/me
2025-11-20T19:42:46.392+01:00  INFO 50871 --- [auth-service] [nio-8084-exec-4] c.b.auth.controller.AuthController       : GET /api/auth/me - UserId: cc1002b5-23c5-4593-aa34-df87812988a1
2025-11-20T19:42:46.394+01:00 DEBUG 50871 --- [auth-service] [nio-8084-exec-4] org.hibernate.SQL                        : 
    select
        u1_0.id,
        u1_0.active,
        u1_0.created_at,
        u1_0.email,
        u1_0.is_guest,
        u1_0.is_host,
        u1_0.name,
        u1_0.password_hash,
        u1_0.phone,
        u1_0.profile_image_url,
        u1_0.updated_at 
    from
        users u1_0 
    where
        u1_0.id=?
Hibernate: 
    select
        u1_0.id,
        u1_0.active,
        u1_0.created_at,
        u1_0.email,
        u1_0.is_guest,
        u1_0.is_host,
        u1_0.name,
        u1_0.password_hash,
        u1_0.phone,
        u1_0.profile_image_url,
        u1_0.updated_at 
    from
        users u1_0 
    where
        u1_0.id=?
2025-11-20T19:42:46.445+01:00 DEBUG 50871 --- [auth-service] [nio-8084-exec-5] o.s.security.web.FilterChainProxy        : Securing GET /api/auth/me
2025-11-20T19:42:46.445+01:00 DEBUG 50871 --- [auth-service] [nio-8084-exec-5] o.s.s.w.a.AnonymousAuthenticationFilter  : Set SecurityContextHolder to anonymous SecurityContext
2025-11-20T19:42:46.445+01:00 DEBUG 50871 --- [auth-service] [nio-8084-exec-5] o.s.security.web.FilterChainProxy        : Secured GET /api/auth/me
2025-11-20T19:42:46.446+01:00  INFO 50871 --- [auth-service] [nio-8084-exec-5] c.b.auth.controller.AuthController       : GET /api/auth/me - UserId: 650176c0-5a73-459b-b198-f012353b05b8
2025-11-20T19:42:46.449+01:00 DEBUG 50871 --- [auth-service] [nio-8084-exec-5] org.hibernate.SQL                        : 
    select
        u1_0.id,
        u1_0.active,
        u1_0.created_at,
        u1_0.email,
        u1_0.is_guest,
        u1_0.is_host,
        u1_0.name,
        u1_0.password_hash,
        u1_0.phone,
        u1_0.profile_image_url,
        u1_0.updated_at 
    from
        users u1_0 
    where
        u1_0.id=?
Hibernate: 
    select
        u1_0.id,
        u1_0.active,
        u1_0.created_at,
        u1_0.email,
        u1_0.is_guest,
        u1_0.is_host,
        u1_0.name,
        u1_0.password_hash,
        u1_0.phone,
        u1_0.profile_image_url,
        u1_0.updated_at 
    from
        users u1_0 
    where
        u1_0.id=?
2025-11-20T19:42:46.490+01:00 DEBUG 50871 --- [auth-service] [nio-8084-exec-6] o.s.security.web.FilterChainProxy        : Securing GET /api/auth/me
2025-11-20T19:42:46.490+01:00 DEBUG 50871 --- [auth-service] [nio-8084-exec-6] o.s.s.w.a.AnonymousAuthenticationFilter  : Set SecurityContextHolder to anonymous SecurityContext
2025-11-20T19:42:46.491+01:00 DEBUG 50871 --- [auth-service] [nio-8084-exec-6] o.s.security.web.FilterChainProxy        : Secured GET /api/auth/me
2025-11-20T19:42:46.491+01:00  WARN 50871 --- [auth-service] [nio-8084-exec-6] c.b.auth.controller.AuthController       : GET /api/auth/me called without valid authentication
2025-11-20T19:43:03.007+01:00 DEBUG 50871 --- [auth-service] [nio-8084-exec-7] o.s.security.web.FilterChainProxy        : Securing POST /api/auth/register
2025-11-20T19:43:03.009+01:00 DEBUG 50871 --- [auth-service] [nio-8084-exec-7] o.s.s.w.a.AnonymousAuthenticationFilter  : Set SecurityContextHolder to anonymous SecurityContext
2025-11-20T19:43:03.010+01:00 DEBUG 50871 --- [auth-service] [nio-8084-exec-7] o.s.security.web.FilterChainProxy        : Secured POST /api/auth/register
2025-11-20T19:43:03.019+01:00  INFO 50871 --- [auth-service] [nio-8084-exec-7] c.b.auth.controller.AuthController       : POST /api/auth/register - Email: manualtest@balconazo.com
2025-11-20T19:43:03.026+01:00  INFO 50871 --- [auth-service] [nio-8084-exec-7] com.balconazo.auth.service.AuthService   : Registrando nuevo usuario: manualtest@balconazo.com
2025-11-20T19:43:03.039+01:00 DEBUG 50871 --- [auth-service] [nio-8084-exec-7] org.hibernate.SQL                        : 
    select
        u1_0.id 
    from
        users u1_0 
    where
        u1_0.email=? 
    limit
        ?
Hibernate: 
    select
        u1_0.id 
    from
        users u1_0 
    where
        u1_0.email=? 
    limit
        ?
2025-11-20T19:43:03.134+01:00  INFO 50871 --- [auth-service] [nio-8084-exec-7] com.balconazo.auth.service.AuthService   : Usuario registrado exitosamente con ID: 5653d787-4fe1-4854-a972-10b9726142af (isHost=false, isGuest=true)
2025-11-20T19:43:03.135+01:00 DEBUG 50871 --- [auth-service] [nio-8084-exec-7] org.hibernate.SQL                        : 
    insert 
    into
        users
        (active, created_at, email, is_guest, is_host, name, password_hash, phone, profile_image_url, updated_at, id) 
    values
        (?, ?, ?, ?, ?, ?, ?, ?, ?, ?, ?)
Hibernate: 
    insert 
    into
        users
        (active, created_at, email, is_guest, is_host, name, password_hash, phone, profile_image_url, updated_at, id) 
    values
        (?, ?, ?, ?, ?, ?, ?, ?, ?, ?, ?)
2025-11-20T19:43:09.123+01:00 DEBUG 50871 --- [auth-service] [nio-8084-exec-8] o.s.security.web.FilterChainProxy        : Securing POST /api/auth/login
2025-11-20T19:43:09.123+01:00 DEBUG 50871 --- [auth-service] [nio-8084-exec-8] o.s.s.w.a.AnonymousAuthenticationFilter  : Set SecurityContextHolder to anonymous SecurityContext
2025-11-20T19:43:09.123+01:00 DEBUG 50871 --- [auth-service] [nio-8084-exec-8] o.s.security.web.FilterChainProxy        : Secured POST /api/auth/login
2025-11-20T19:43:09.125+01:00  INFO 50871 --- [auth-service] [nio-8084-exec-8] c.b.auth.controller.AuthController       : POST /api/auth/login - Email: manualtest@balconazo.com
2025-11-20T19:43:09.129+01:00  INFO 50871 --- [auth-service] [nio-8084-exec-8] com.balconazo.auth.service.AuthService   : Intento de login para: manualtest@balconazo.com
2025-11-20T19:43:09.131+01:00 DEBUG 50871 --- [auth-service] [nio-8084-exec-8] org.hibernate.SQL                        : 
    select
        u1_0.id,
        u1_0.active,
        u1_0.created_at,
        u1_0.email,
        u1_0.is_guest,
        u1_0.is_host,
        u1_0.name,
        u1_0.password_hash,
        u1_0.phone,
        u1_0.profile_image_url,
        u1_0.updated_at 
    from
        users u1_0 
    where
        u1_0.email=?
Hibernate: 
    select
        u1_0.id,
        u1_0.active,
        u1_0.created_at,
        u1_0.email,
        u1_0.is_guest,
        u1_0.is_host,
        u1_0.name,
        u1_0.password_hash,
        u1_0.phone,
        u1_0.profile_image_url,
        u1_0.updated_at 
    from
        users u1_0 
    where
        u1_0.email=?
2025-11-20T19:43:09.216+01:00  INFO 50871 --- [auth-service] [nio-8084-exec-8] com.balconazo.auth.service.AuthService   : Login exitoso para usuario: manualtest@balconazo.com (isHost=false, isGuest=true)
2025-11-20T19:43:09.217+01:00 DEBUG 50871 --- [auth-service] [nio-8084-exec-8] org.hibernate.SQL                        : 
    insert 
    into
        refresh_tokens
        (created_at, expires_at, token, user_id, id) 
    values
        (?, ?, ?, ?, ?)
Hibernate: 
    insert 
    into
        refresh_tokens
        (created_at, expires_at, token, user_id, id) 
    values
        (?, ?, ?, ?, ?)
2025-11-20T19:43:16.839+01:00 DEBUG 50871 --- [auth-service] [nio-8084-exec-9] o.s.security.web.FilterChainProxy        : Securing POST /api/auth/login
2025-11-20T19:43:16.840+01:00 DEBUG 50871 --- [auth-service] [nio-8084-exec-9] o.s.s.w.a.AnonymousAuthenticationFilter  : Set SecurityContextHolder to anonymous SecurityContext
2025-11-20T19:43:16.841+01:00 DEBUG 50871 --- [auth-service] [nio-8084-exec-9] o.s.security.web.FilterChainProxy        : Secured POST /api/auth/login
2025-11-20T19:43:16.847+01:00  INFO 50871 --- [auth-service] [nio-8084-exec-9] c.b.auth.controller.AuthController       : POST /api/auth/login - Email: manualtest@balconazo.com
2025-11-20T19:43:16.852+01:00  INFO 50871 --- [auth-service] [nio-8084-exec-9] com.balconazo.auth.service.AuthService   : Intento de login para: manualtest@balconazo.com
2025-11-20T19:43:16.858+01:00 DEBUG 50871 --- [auth-service] [nio-8084-exec-9] org.hibernate.SQL                        : 
    select
        u1_0.id,
        u1_0.active,
        u1_0.created_at,
        u1_0.email,
        u1_0.is_guest,
        u1_0.is_host,
        u1_0.name,
        u1_0.password_hash,
        u1_0.phone,
        u1_0.profile_image_url,
        u1_0.updated_at 
    from
        users u1_0 
    where
        u1_0.email=?
Hibernate: 
    select
        u1_0.id,
        u1_0.active,
        u1_0.created_at,
        u1_0.email,
        u1_0.is_guest,
        u1_0.is_host,
        u1_0.name,
        u1_0.password_hash,
        u1_0.phone,
        u1_0.profile_image_url,
        u1_0.updated_at 
    from
        users u1_0 
    where
        u1_0.email=?
2025-11-20T19:43:16.948+01:00  INFO 50871 --- [auth-service] [nio-8084-exec-9] com.balconazo.auth.service.AuthService   : Login exitoso para usuario: manualtest@balconazo.com (isHost=false, isGuest=true)
2025-11-20T19:43:16.949+01:00 DEBUG 50871 --- [auth-service] [nio-8084-exec-9] org.hibernate.SQL                        : 
    insert 
    into
        refresh_tokens
        (created_at, expires_at, token, user_id, id) 
    values
        (?, ?, ?, ?, ?)
Hibernate: 
    insert 
    into
        refresh_tokens
        (created_at, expires_at, token, user_id, id) 
    values
        (?, ?, ?, ?, ?)
2025-11-20T19:43:34.474+01:00 DEBUG 50871 --- [auth-service] [io-8084-exec-10] o.s.security.web.FilterChainProxy        : Securing POST /api/auth/login
2025-11-20T19:43:34.476+01:00 DEBUG 50871 --- [auth-service] [io-8084-exec-10] o.s.s.w.a.AnonymousAuthenticationFilter  : Set SecurityContextHolder to anonymous SecurityContext
2025-11-20T19:43:34.479+01:00 DEBUG 50871 --- [auth-service] [io-8084-exec-10] o.s.security.web.FilterChainProxy        : Secured POST /api/auth/login
2025-11-20T19:43:34.484+01:00  INFO 50871 --- [auth-service] [io-8084-exec-10] c.b.auth.controller.AuthController       : POST /api/auth/login - Email: manualtest@balconazo.com
2025-11-20T19:43:34.492+01:00  INFO 50871 --- [auth-service] [io-8084-exec-10] com.balconazo.auth.service.AuthService   : Intento de login para: manualtest@balconazo.com
2025-11-20T19:43:34.495+01:00 DEBUG 50871 --- [auth-service] [io-8084-exec-10] org.hibernate.SQL                        : 
    select
        u1_0.id,
        u1_0.active,
        u1_0.created_at,
        u1_0.email,
        u1_0.is_guest,
        u1_0.is_host,
        u1_0.name,
        u1_0.password_hash,
        u1_0.phone,
        u1_0.profile_image_url,
        u1_0.updated_at 
    from
        users u1_0 
    where
        u1_0.email=?
Hibernate: 
    select
        u1_0.id,
        u1_0.active,
        u1_0.created_at,
        u1_0.email,
        u1_0.is_guest,
        u1_0.is_host,
        u1_0.name,
        u1_0.password_hash,
        u1_0.phone,
        u1_0.profile_image_url,
        u1_0.updated_at 
    from
        users u1_0 
    where
        u1_0.email=?
2025-11-20T19:43:34.590+01:00  INFO 50871 --- [auth-service] [io-8084-exec-10] com.balconazo.auth.service.AuthService   : Login exitoso para usuario: manualtest@balconazo.com (isHost=false, isGuest=true)
2025-11-20T19:43:34.593+01:00 DEBUG 50871 --- [auth-service] [io-8084-exec-10] org.hibernate.SQL                        : 
    insert 
    into
        refresh_tokens
        (created_at, expires_at, token, user_id, id) 
    values
        (?, ?, ?, ?, ?)
Hibernate: 
    insert 
    into
        refresh_tokens
        (created_at, expires_at, token, user_id, id) 
    values
        (?, ?, ?, ?, ?)
2025-11-20T19:44:02.416+01:00 DEBUG 50871 --- [auth-service] [nio-8084-exec-1] o.s.security.web.FilterChainProxy        : Securing POST /api/auth/login
2025-11-20T19:44:02.417+01:00 DEBUG 50871 --- [auth-service] [nio-8084-exec-1] o.s.s.w.a.AnonymousAuthenticationFilter  : Set SecurityContextHolder to anonymous SecurityContext
2025-11-20T19:44:02.418+01:00 DEBUG 50871 --- [auth-service] [nio-8084-exec-1] o.s.security.web.FilterChainProxy        : Secured POST /api/auth/login
2025-11-20T19:44:02.430+01:00  INFO 50871 --- [auth-service] [nio-8084-exec-1] c.b.auth.controller.AuthController       : POST /api/auth/login - Email: manualtest@balconazo.com
2025-11-20T19:44:02.433+01:00  INFO 50871 --- [auth-service] [nio-8084-exec-1] com.balconazo.auth.service.AuthService   : Intento de login para: manualtest@balconazo.com
2025-11-20T19:44:02.437+01:00 DEBUG 50871 --- [auth-service] [nio-8084-exec-1] org.hibernate.SQL                        : 
    select
        u1_0.id,
        u1_0.active,
        u1_0.created_at,
        u1_0.email,
        u1_0.is_guest,
        u1_0.is_host,
        u1_0.name,
        u1_0.password_hash,
        u1_0.phone,
        u1_0.profile_image_url,
        u1_0.updated_at 
    from
        users u1_0 
    where
        u1_0.email=?
Hibernate: 
    select
        u1_0.id,
        u1_0.active,
        u1_0.created_at,
        u1_0.email,
        u1_0.is_guest,
        u1_0.is_host,
        u1_0.name,
        u1_0.password_hash,
        u1_0.phone,
        u1_0.profile_image_url,
        u1_0.updated_at 
    from
        users u1_0 
    where
        u1_0.email=?
2025-11-20T19:44:02.523+01:00  INFO 50871 --- [auth-service] [nio-8084-exec-1] com.balconazo.auth.service.AuthService   : Login exitoso para usuario: manualtest@balconazo.com (isHost=false, isGuest=true)
2025-11-20T19:44:02.523+01:00 DEBUG 50871 --- [auth-service] [nio-8084-exec-1] org.hibernate.SQL                        : 
    insert 
    into
        refresh_tokens
        (created_at, expires_at, token, user_id, id) 
    values
        (?, ?, ?, ?, ?)
Hibernate: 
    insert 
    into
        refresh_tokens
        (created_at, expires_at, token, user_id, id) 
    values
        (?, ?, ?, ?, ?)
2025-11-20T19:44:48.320+01:00  INFO 50871 --- [auth-service] [rap-executor-%d] c.n.d.s.r.aws.ConfigClusterResolver      : Resolving eureka endpoints via configuration
2025-11-20T19:49:04.475+01:00 DEBUG 50871 --- [auth-service] [nio-8084-exec-3] o.s.security.web.FilterChainProxy        : Securing GET /actuator/health
2025-11-20T19:49:04.480+01:00 DEBUG 50871 --- [auth-service] [nio-8084-exec-3] o.s.s.w.a.AnonymousAuthenticationFilter  : Set SecurityContextHolder to anonymous SecurityContext
2025-11-20T19:49:04.481+01:00 DEBUG 50871 --- [auth-service] [nio-8084-exec-3] o.s.security.web.FilterChainProxy        : Secured GET /actuator/health
2025-11-20T19:49:48.321+01:00  INFO 50871 --- [auth-service] [rap-executor-%d] c.n.d.s.r.aws.ConfigClusterResolver      : Resolving eureka endpoints via configuration
2025-11-20T19:54:48.323+01:00  INFO 50871 --- [auth-service] [rap-executor-%d] c.n.d.s.r.aws.ConfigClusterResolver      : Resolving eureka endpoints via configuration
2025-11-20T19:55:26.658+01:00 DEBUG 50871 --- [auth-service] [nio-8084-exec-5] o.s.security.web.FilterChainProxy        : Securing POST /api/auth/register
2025-11-20T19:55:26.660+01:00 DEBUG 50871 --- [auth-service] [nio-8084-exec-5] o.s.s.w.a.AnonymousAuthenticationFilter  : Set SecurityContextHolder to anonymous SecurityContext
2025-11-20T19:55:26.661+01:00 DEBUG 50871 --- [auth-service] [nio-8084-exec-5] o.s.security.web.FilterChainProxy        : Secured POST /api/auth/register
2025-11-20T19:55:26.675+01:00  INFO 50871 --- [auth-service] [nio-8084-exec-5] c.b.auth.controller.AuthController       : POST /api/auth/register - Email: host_test_1763664926@balconazo.com
2025-11-20T19:55:26.686+01:00  INFO 50871 --- [auth-service] [nio-8084-exec-5] com.balconazo.auth.service.AuthService   : Registrando nuevo usuario: host_test_1763664926@balconazo.com
2025-11-20T19:55:26.702+01:00 DEBUG 50871 --- [auth-service] [nio-8084-exec-5] org.hibernate.SQL                        : 
    select
        u1_0.id 
    from
        users u1_0 
    where
        u1_0.email=? 
    limit
        ?
Hibernate: 
    select
        u1_0.id 
    from
        users u1_0 
    where
        u1_0.email=? 
    limit
        ?
2025-11-20T19:55:26.810+01:00  INFO 50871 --- [auth-service] [nio-8084-exec-5] com.balconazo.auth.service.AuthService   : Usuario registrado exitosamente con ID: 970f12f7-8671-4ec2-8af5-8ad5f1f0a9a6 (isHost=false, isGuest=true)
2025-11-20T19:55:26.814+01:00 DEBUG 50871 --- [auth-service] [nio-8084-exec-5] org.hibernate.SQL                        : 
    insert 
    into
        users
        (active, created_at, email, is_guest, is_host, name, password_hash, phone, profile_image_url, updated_at, id) 
    values
        (?, ?, ?, ?, ?, ?, ?, ?, ?, ?, ?)
Hibernate: 
    insert 
    into
        users
        (active, created_at, email, is_guest, is_host, name, password_hash, phone, profile_image_url, updated_at, id) 
    values
        (?, ?, ?, ?, ?, ?, ?, ?, ?, ?, ?)
2025-11-20T19:55:26.881+01:00 DEBUG 50871 --- [auth-service] [nio-8084-exec-6] o.s.security.web.FilterChainProxy        : Securing POST /api/auth/login
2025-11-20T19:55:26.881+01:00 DEBUG 50871 --- [auth-service] [nio-8084-exec-6] o.s.s.w.a.AnonymousAuthenticationFilter  : Set SecurityContextHolder to anonymous SecurityContext
2025-11-20T19:55:26.882+01:00 DEBUG 50871 --- [auth-service] [nio-8084-exec-6] o.s.security.web.FilterChainProxy        : Secured POST /api/auth/login
2025-11-20T19:55:26.883+01:00  INFO 50871 --- [auth-service] [nio-8084-exec-6] c.b.auth.controller.AuthController       : POST /api/auth/login - Email: host_test_1763664926@balconazo.com
2025-11-20T19:55:26.884+01:00  INFO 50871 --- [auth-service] [nio-8084-exec-6] com.balconazo.auth.service.AuthService   : Intento de login para: host_test_1763664926@balconazo.com
2025-11-20T19:55:26.885+01:00 DEBUG 50871 --- [auth-service] [nio-8084-exec-6] org.hibernate.SQL                        : 
    select
        u1_0.id,
        u1_0.active,
        u1_0.created_at,
        u1_0.email,
        u1_0.is_guest,
        u1_0.is_host,
        u1_0.name,
        u1_0.password_hash,
        u1_0.phone,
        u1_0.profile_image_url,
        u1_0.updated_at 
    from
        users u1_0 
    where
        u1_0.email=?
Hibernate: 
    select
        u1_0.id,
        u1_0.active,
        u1_0.created_at,
        u1_0.email,
        u1_0.is_guest,
        u1_0.is_host,
        u1_0.name,
        u1_0.password_hash,
        u1_0.phone,
        u1_0.profile_image_url,
        u1_0.updated_at 
    from
        users u1_0 
    where
        u1_0.email=?
2025-11-20T19:55:26.969+01:00  INFO 50871 --- [auth-service] [nio-8084-exec-6] com.balconazo.auth.service.AuthService   : Login exitoso para usuario: host_test_1763664926@balconazo.com (isHost=false, isGuest=true)
2025-11-20T19:55:26.970+01:00 DEBUG 50871 --- [auth-service] [nio-8084-exec-6] org.hibernate.SQL                        : 
    insert 
    into
        refresh_tokens
        (created_at, expires_at, token, user_id, id) 
    values
        (?, ?, ?, ?, ?)
Hibernate: 
    insert 
    into
        refresh_tokens
        (created_at, expires_at, token, user_id, id) 
    values
        (?, ?, ?, ?, ?)
2025-11-20T19:55:27.018+01:00 DEBUG 50871 --- [auth-service] [nio-8084-exec-7] o.s.security.web.FilterChainProxy        : Securing POST /api/auth/register
2025-11-20T19:55:27.019+01:00 DEBUG 50871 --- [auth-service] [nio-8084-exec-7] o.s.s.w.a.AnonymousAuthenticationFilter  : Set SecurityContextHolder to anonymous SecurityContext
2025-11-20T19:55:27.019+01:00 DEBUG 50871 --- [auth-service] [nio-8084-exec-7] o.s.security.web.FilterChainProxy        : Secured POST /api/auth/register
2025-11-20T19:55:27.020+01:00  INFO 50871 --- [auth-service] [nio-8084-exec-7] c.b.auth.controller.AuthController       : POST /api/auth/register - Email: guest_test_1763664926@balconazo.com
2025-11-20T19:55:27.021+01:00  INFO 50871 --- [auth-service] [nio-8084-exec-7] com.balconazo.auth.service.AuthService   : Registrando nuevo usuario: guest_test_1763664926@balconazo.com
2025-11-20T19:55:27.024+01:00 DEBUG 50871 --- [auth-service] [nio-8084-exec-7] org.hibernate.SQL                        : 
    select
        u1_0.id 
    from
        users u1_0 
    where
        u1_0.email=? 
    limit
        ?
Hibernate: 
    select
        u1_0.id 
    from
        users u1_0 
    where
        u1_0.email=? 
    limit
        ?
2025-11-20T19:55:27.113+01:00  INFO 50871 --- [auth-service] [nio-8084-exec-7] com.balconazo.auth.service.AuthService   : Usuario registrado exitosamente con ID: 26f39cc8-ac70-490b-be07-19fcfaef7050 (isHost=false, isGuest=true)
2025-11-20T19:55:27.113+01:00 DEBUG 50871 --- [auth-service] [nio-8084-exec-7] org.hibernate.SQL                        : 
    insert 
    into
        users
        (active, created_at, email, is_guest, is_host, name, password_hash, phone, profile_image_url, updated_at, id) 
    values
        (?, ?, ?, ?, ?, ?, ?, ?, ?, ?, ?)
Hibernate: 
    insert 
    into
        users
        (active, created_at, email, is_guest, is_host, name, password_hash, phone, profile_image_url, updated_at, id) 
    values
        (?, ?, ?, ?, ?, ?, ?, ?, ?, ?, ?)
2025-11-20T19:55:27.167+01:00 DEBUG 50871 --- [auth-service] [nio-8084-exec-8] o.s.security.web.FilterChainProxy        : Securing POST /api/auth/login
2025-11-20T19:55:27.167+01:00 DEBUG 50871 --- [auth-service] [nio-8084-exec-8] o.s.s.w.a.AnonymousAuthenticationFilter  : Set SecurityContextHolder to anonymous SecurityContext
2025-11-20T19:55:27.168+01:00 DEBUG 50871 --- [auth-service] [nio-8084-exec-8] o.s.security.web.FilterChainProxy        : Secured POST /api/auth/login
2025-11-20T19:55:27.168+01:00  INFO 50871 --- [auth-service] [nio-8084-exec-8] c.b.auth.controller.AuthController       : POST /api/auth/login - Email: guest_test_1763664926@balconazo.com
2025-11-20T19:55:27.169+01:00  INFO 50871 --- [auth-service] [nio-8084-exec-8] com.balconazo.auth.service.AuthService   : Intento de login para: guest_test_1763664926@balconazo.com
2025-11-20T19:55:27.170+01:00 DEBUG 50871 --- [auth-service] [nio-8084-exec-8] org.hibernate.SQL                        : 
    select
        u1_0.id,
        u1_0.active,
        u1_0.created_at,
        u1_0.email,
        u1_0.is_guest,
        u1_0.is_host,
        u1_0.name,
        u1_0.password_hash,
        u1_0.phone,
        u1_0.profile_image_url,
        u1_0.updated_at 
    from
        users u1_0 
    where
        u1_0.email=?
Hibernate: 
    select
        u1_0.id,
        u1_0.active,
        u1_0.created_at,
        u1_0.email,
        u1_0.is_guest,
        u1_0.is_host,
        u1_0.name,
        u1_0.password_hash,
        u1_0.phone,
        u1_0.profile_image_url,
        u1_0.updated_at 
    from
        users u1_0 
    where
        u1_0.email=?
2025-11-20T19:55:27.256+01:00  INFO 50871 --- [auth-service] [nio-8084-exec-8] com.balconazo.auth.service.AuthService   : Login exitoso para usuario: guest_test_1763664926@balconazo.com (isHost=false, isGuest=true)
2025-11-20T19:55:27.257+01:00 DEBUG 50871 --- [auth-service] [nio-8084-exec-8] org.hibernate.SQL                        : 
    insert 
    into
        refresh_tokens
        (created_at, expires_at, token, user_id, id) 
    values
        (?, ?, ?, ?, ?)
Hibernate: 
    insert 
    into
        refresh_tokens
        (created_at, expires_at, token, user_id, id) 
    values
        (?, ?, ?, ?, ?)
2025-11-20T19:55:27.303+01:00 DEBUG 50871 --- [auth-service] [nio-8084-exec-9] o.s.security.web.FilterChainProxy        : Securing POST /api/auth/register
2025-11-20T19:55:27.304+01:00 DEBUG 50871 --- [auth-service] [nio-8084-exec-9] o.s.s.w.a.AnonymousAuthenticationFilter  : Set SecurityContextHolder to anonymous SecurityContext
2025-11-20T19:55:27.304+01:00 DEBUG 50871 --- [auth-service] [nio-8084-exec-9] o.s.security.web.FilterChainProxy        : Secured POST /api/auth/register
2025-11-20T19:55:27.305+01:00  INFO 50871 --- [auth-service] [nio-8084-exec-9] c.b.auth.controller.AuthController       : POST /api/auth/register - Email: dual_test_1763664926@balconazo.com
2025-11-20T19:55:27.306+01:00  INFO 50871 --- [auth-service] [nio-8084-exec-9] com.balconazo.auth.service.AuthService   : Registrando nuevo usuario: dual_test_1763664926@balconazo.com
2025-11-20T19:55:27.307+01:00 DEBUG 50871 --- [auth-service] [nio-8084-exec-9] org.hibernate.SQL                        : 
    select
        u1_0.id 
    from
        users u1_0 
    where
        u1_0.email=? 
    limit
        ?
Hibernate: 
    select
        u1_0.id 
    from
        users u1_0 
    where
        u1_0.email=? 
    limit
        ?
2025-11-20T19:55:27.392+01:00  INFO 50871 --- [auth-service] [nio-8084-exec-9] com.balconazo.auth.service.AuthService   : Usuario registrado exitosamente con ID: f245c4e5-a86b-4583-afc6-0442abb3b830 (isHost=false, isGuest=true)
2025-11-20T19:55:27.392+01:00 DEBUG 50871 --- [auth-service] [nio-8084-exec-9] org.hibernate.SQL                        : 
    insert 
    into
        users
        (active, created_at, email, is_guest, is_host, name, password_hash, phone, profile_image_url, updated_at, id) 
    values
        (?, ?, ?, ?, ?, ?, ?, ?, ?, ?, ?)
Hibernate: 
    insert 
    into
        users
        (active, created_at, email, is_guest, is_host, name, password_hash, phone, profile_image_url, updated_at, id) 
    values
        (?, ?, ?, ?, ?, ?, ?, ?, ?, ?, ?)
2025-11-20T19:55:27.436+01:00 DEBUG 50871 --- [auth-service] [io-8084-exec-10] o.s.security.web.FilterChainProxy        : Securing POST /api/auth/login
2025-11-20T19:55:27.437+01:00 DEBUG 50871 --- [auth-service] [io-8084-exec-10] o.s.s.w.a.AnonymousAuthenticationFilter  : Set SecurityContextHolder to anonymous SecurityContext
2025-11-20T19:55:27.437+01:00 DEBUG 50871 --- [auth-service] [io-8084-exec-10] o.s.security.web.FilterChainProxy        : Secured POST /api/auth/login
2025-11-20T19:55:27.438+01:00  INFO 50871 --- [auth-service] [io-8084-exec-10] c.b.auth.controller.AuthController       : POST /api/auth/login - Email: dual_test_1763664926@balconazo.com
2025-11-20T19:55:27.440+01:00  INFO 50871 --- [auth-service] [io-8084-exec-10] com.balconazo.auth.service.AuthService   : Intento de login para: dual_test_1763664926@balconazo.com
2025-11-20T19:55:27.441+01:00 DEBUG 50871 --- [auth-service] [io-8084-exec-10] org.hibernate.SQL                        : 
    select
        u1_0.id,
        u1_0.active,
        u1_0.created_at,
        u1_0.email,
        u1_0.is_guest,
        u1_0.is_host,
        u1_0.name,
        u1_0.password_hash,
        u1_0.phone,
        u1_0.profile_image_url,
        u1_0.updated_at 
    from
        users u1_0 
    where
        u1_0.email=?
Hibernate: 
    select
        u1_0.id,
        u1_0.active,
        u1_0.created_at,
        u1_0.email,
        u1_0.is_guest,
        u1_0.is_host,
        u1_0.name,
        u1_0.password_hash,
        u1_0.phone,
        u1_0.profile_image_url,
        u1_0.updated_at 
    from
        users u1_0 
    where
        u1_0.email=?
2025-11-20T19:55:27.525+01:00  INFO 50871 --- [auth-service] [io-8084-exec-10] com.balconazo.auth.service.AuthService   : Login exitoso para usuario: dual_test_1763664926@balconazo.com (isHost=false, isGuest=true)
2025-11-20T19:55:27.525+01:00 DEBUG 50871 --- [auth-service] [io-8084-exec-10] org.hibernate.SQL                        : 
    insert 
    into
        refresh_tokens
        (created_at, expires_at, token, user_id, id) 
    values
        (?, ?, ?, ?, ?)
Hibernate: 
    insert 
    into
        refresh_tokens
        (created_at, expires_at, token, user_id, id) 
    values
        (?, ?, ?, ?, ?)
2025-11-20T19:55:27.573+01:00 DEBUG 50871 --- [auth-service] [nio-8084-exec-1] o.s.security.web.FilterChainProxy        : Securing GET /api/auth/me
2025-11-20T19:55:27.573+01:00 DEBUG 50871 --- [auth-service] [nio-8084-exec-1] o.s.s.w.a.AnonymousAuthenticationFilter  : Set SecurityContextHolder to anonymous SecurityContext
2025-11-20T19:55:27.573+01:00 DEBUG 50871 --- [auth-service] [nio-8084-exec-1] o.s.security.web.FilterChainProxy        : Secured GET /api/auth/me
2025-11-20T19:55:27.576+01:00  INFO 50871 --- [auth-service] [nio-8084-exec-1] c.b.auth.controller.AuthController       : GET /api/auth/me - UserId: 970f12f7-8671-4ec2-8af5-8ad5f1f0a9a6
2025-11-20T19:55:27.579+01:00 DEBUG 50871 --- [auth-service] [nio-8084-exec-1] org.hibernate.SQL                        : 
    select
        u1_0.id,
        u1_0.active,
        u1_0.created_at,
        u1_0.email,
        u1_0.is_guest,
        u1_0.is_host,
        u1_0.name,
        u1_0.password_hash,
        u1_0.phone,
        u1_0.profile_image_url,
        u1_0.updated_at 
    from
        users u1_0 
    where
        u1_0.id=?
Hibernate: 
    select
        u1_0.id,
        u1_0.active,
        u1_0.created_at,
        u1_0.email,
        u1_0.is_guest,
        u1_0.is_host,
        u1_0.name,
        u1_0.password_hash,
        u1_0.phone,
        u1_0.profile_image_url,
        u1_0.updated_at 
    from
        users u1_0 
    where
        u1_0.id=?
2025-11-20T19:55:27.627+01:00 DEBUG 50871 --- [auth-service] [nio-8084-exec-2] o.s.security.web.FilterChainProxy        : Securing GET /api/auth/me
2025-11-20T19:55:27.627+01:00 DEBUG 50871 --- [auth-service] [nio-8084-exec-2] o.s.s.w.a.AnonymousAuthenticationFilter  : Set SecurityContextHolder to anonymous SecurityContext
2025-11-20T19:55:27.627+01:00 DEBUG 50871 --- [auth-service] [nio-8084-exec-2] o.s.security.web.FilterChainProxy        : Secured GET /api/auth/me
2025-11-20T19:55:27.629+01:00  INFO 50871 --- [auth-service] [nio-8084-exec-2] c.b.auth.controller.AuthController       : GET /api/auth/me - UserId: 26f39cc8-ac70-490b-be07-19fcfaef7050
2025-11-20T19:55:27.631+01:00 DEBUG 50871 --- [auth-service] [nio-8084-exec-2] org.hibernate.SQL                        : 
    select
        u1_0.id,
        u1_0.active,
        u1_0.created_at,
        u1_0.email,
        u1_0.is_guest,
        u1_0.is_host,
        u1_0.name,
        u1_0.password_hash,
        u1_0.phone,
        u1_0.profile_image_url,
        u1_0.updated_at 
    from
        users u1_0 
    where
        u1_0.id=?
Hibernate: 
    select
        u1_0.id,
        u1_0.active,
        u1_0.created_at,
        u1_0.email,
        u1_0.is_guest,
        u1_0.is_host,
        u1_0.name,
        u1_0.password_hash,
        u1_0.phone,
        u1_0.profile_image_url,
        u1_0.updated_at 
    from
        users u1_0 
    where
        u1_0.id=?
2025-11-20T19:55:27.668+01:00 DEBUG 50871 --- [auth-service] [nio-8084-exec-3] o.s.security.web.FilterChainProxy        : Securing GET /api/auth/me
2025-11-20T19:55:27.668+01:00 DEBUG 50871 --- [auth-service] [nio-8084-exec-3] o.s.s.w.a.AnonymousAuthenticationFilter  : Set SecurityContextHolder to anonymous SecurityContext
2025-11-20T19:55:27.668+01:00 DEBUG 50871 --- [auth-service] [nio-8084-exec-3] o.s.security.web.FilterChainProxy        : Secured GET /api/auth/me
2025-11-20T19:55:27.669+01:00  WARN 50871 --- [auth-service] [nio-8084-exec-3] c.b.auth.controller.AuthController       : GET /api/auth/me called without valid authentication
2025-11-20T19:55:39.461+01:00 DEBUG 50871 --- [auth-service] [nio-8084-exec-4] o.s.security.web.FilterChainProxy        : Securing POST /api/auth/register
2025-11-20T19:55:39.462+01:00 DEBUG 50871 --- [auth-service] [nio-8084-exec-4] o.s.s.w.a.AnonymousAuthenticationFilter  : Set SecurityContextHolder to anonymous SecurityContext
2025-11-20T19:55:39.462+01:00 DEBUG 50871 --- [auth-service] [nio-8084-exec-4] o.s.security.web.FilterChainProxy        : Secured POST /api/auth/register
2025-11-20T19:55:39.471+01:00  INFO 50871 --- [auth-service] [nio-8084-exec-4] c.b.auth.controller.AuthController       : POST /api/auth/register - Email: host_test_1763664939@balconazo.com
2025-11-20T19:55:39.480+01:00  INFO 50871 --- [auth-service] [nio-8084-exec-4] com.balconazo.auth.service.AuthService   : Registrando nuevo usuario: host_test_1763664939@balconazo.com
2025-11-20T19:55:39.485+01:00 DEBUG 50871 --- [auth-service] [nio-8084-exec-4] org.hibernate.SQL                        : 
    select
        u1_0.id 
    from
        users u1_0 
    where
        u1_0.email=? 
    limit
        ?
Hibernate: 
    select
        u1_0.id 
    from
        users u1_0 
    where
        u1_0.email=? 
    limit
        ?
2025-11-20T19:55:39.573+01:00  INFO 50871 --- [auth-service] [nio-8084-exec-4] com.balconazo.auth.service.AuthService   : Usuario registrado exitosamente con ID: dde60ea2-7faa-4350-8150-94a98f0f59b8 (isHost=false, isGuest=true)
2025-11-20T19:55:39.574+01:00 DEBUG 50871 --- [auth-service] [nio-8084-exec-4] org.hibernate.SQL                        : 
    insert 
    into
        users
        (active, created_at, email, is_guest, is_host, name, password_hash, phone, profile_image_url, updated_at, id) 
    values
        (?, ?, ?, ?, ?, ?, ?, ?, ?, ?, ?)
Hibernate: 
    insert 
    into
        users
        (active, created_at, email, is_guest, is_host, name, password_hash, phone, profile_image_url, updated_at, id) 
    values
        (?, ?, ?, ?, ?, ?, ?, ?, ?, ?, ?)
2025-11-20T19:55:39.640+01:00 DEBUG 50871 --- [auth-service] [nio-8084-exec-5] o.s.security.web.FilterChainProxy        : Securing POST /api/auth/login
2025-11-20T19:55:39.642+01:00 DEBUG 50871 --- [auth-service] [nio-8084-exec-5] o.s.s.w.a.AnonymousAuthenticationFilter  : Set SecurityContextHolder to anonymous SecurityContext
2025-11-20T19:55:39.642+01:00 DEBUG 50871 --- [auth-service] [nio-8084-exec-5] o.s.security.web.FilterChainProxy        : Secured POST /api/auth/login
2025-11-20T19:55:39.643+01:00  INFO 50871 --- [auth-service] [nio-8084-exec-5] c.b.auth.controller.AuthController       : POST /api/auth/login - Email: host_test_1763664939@balconazo.com
2025-11-20T19:55:39.645+01:00  INFO 50871 --- [auth-service] [nio-8084-exec-5] com.balconazo.auth.service.AuthService   : Intento de login para: host_test_1763664939@balconazo.com
2025-11-20T19:55:39.646+01:00 DEBUG 50871 --- [auth-service] [nio-8084-exec-5] org.hibernate.SQL                        : 
    select
        u1_0.id,
        u1_0.active,
        u1_0.created_at,
        u1_0.email,
        u1_0.is_guest,
        u1_0.is_host,
        u1_0.name,
        u1_0.password_hash,
        u1_0.phone,
        u1_0.profile_image_url,
        u1_0.updated_at 
    from
        users u1_0 
    where
        u1_0.email=?
Hibernate: 
    select
        u1_0.id,
        u1_0.active,
        u1_0.created_at,
        u1_0.email,
        u1_0.is_guest,
        u1_0.is_host,
        u1_0.name,
        u1_0.password_hash,
        u1_0.phone,
        u1_0.profile_image_url,
        u1_0.updated_at 
    from
        users u1_0 
    where
        u1_0.email=?
2025-11-20T19:55:39.749+01:00  INFO 50871 --- [auth-service] [nio-8084-exec-5] com.balconazo.auth.service.AuthService   : Login exitoso para usuario: host_test_1763664939@balconazo.com (isHost=false, isGuest=true)
2025-11-20T19:55:39.750+01:00 DEBUG 50871 --- [auth-service] [nio-8084-exec-5] org.hibernate.SQL                        : 
    insert 
    into
        refresh_tokens
        (created_at, expires_at, token, user_id, id) 
    values
        (?, ?, ?, ?, ?)
Hibernate: 
    insert 
    into
        refresh_tokens
        (created_at, expires_at, token, user_id, id) 
    values
        (?, ?, ?, ?, ?)
2025-11-20T19:55:39.849+01:00 DEBUG 50871 --- [auth-service] [nio-8084-exec-6] o.s.security.web.FilterChainProxy        : Securing POST /api/auth/register
2025-11-20T19:55:39.853+01:00 DEBUG 50871 --- [auth-service] [nio-8084-exec-6] o.s.s.w.a.AnonymousAuthenticationFilter  : Set SecurityContextHolder to anonymous SecurityContext
2025-11-20T19:55:39.857+01:00 DEBUG 50871 --- [auth-service] [nio-8084-exec-6] o.s.security.web.FilterChainProxy        : Secured POST /api/auth/register
2025-11-20T19:55:39.860+01:00  INFO 50871 --- [auth-service] [nio-8084-exec-6] c.b.auth.controller.AuthController       : POST /api/auth/register - Email: guest_test_1763664939@balconazo.com
2025-11-20T19:55:39.862+01:00  INFO 50871 --- [auth-service] [nio-8084-exec-6] com.balconazo.auth.service.AuthService   : Registrando nuevo usuario: guest_test_1763664939@balconazo.com
2025-11-20T19:55:39.864+01:00 DEBUG 50871 --- [auth-service] [nio-8084-exec-6] org.hibernate.SQL                        : 
    select
        u1_0.id 
    from
        users u1_0 
    where
        u1_0.email=? 
    limit
        ?
Hibernate: 
    select
        u1_0.id 
    from
        users u1_0 
    where
        u1_0.email=? 
    limit
        ?
2025-11-20T19:55:39.951+01:00  INFO 50871 --- [auth-service] [nio-8084-exec-6] com.balconazo.auth.service.AuthService   : Usuario registrado exitosamente con ID: 524cbc89-da31-4895-9813-7bf774c7fbe3 (isHost=false, isGuest=true)
2025-11-20T19:55:39.952+01:00 DEBUG 50871 --- [auth-service] [nio-8084-exec-6] org.hibernate.SQL                        : 
    insert 
    into
        users
        (active, created_at, email, is_guest, is_host, name, password_hash, phone, profile_image_url, updated_at, id) 
    values
        (?, ?, ?, ?, ?, ?, ?, ?, ?, ?, ?)
Hibernate: 
    insert 
    into
        users
        (active, created_at, email, is_guest, is_host, name, password_hash, phone, profile_image_url, updated_at, id) 
    values
        (?, ?, ?, ?, ?, ?, ?, ?, ?, ?, ?)
2025-11-20T19:55:39.996+01:00 DEBUG 50871 --- [auth-service] [nio-8084-exec-7] o.s.security.web.FilterChainProxy        : Securing POST /api/auth/login
2025-11-20T19:55:39.996+01:00 DEBUG 50871 --- [auth-service] [nio-8084-exec-7] o.s.s.w.a.AnonymousAuthenticationFilter  : Set SecurityContextHolder to anonymous SecurityContext
2025-11-20T19:55:39.996+01:00 DEBUG 50871 --- [auth-service] [nio-8084-exec-7] o.s.security.web.FilterChainProxy        : Secured POST /api/auth/login
2025-11-20T19:55:39.997+01:00  INFO 50871 --- [auth-service] [nio-8084-exec-7] c.b.auth.controller.AuthController       : POST /api/auth/login - Email: guest_test_1763664939@balconazo.com
2025-11-20T19:55:39.998+01:00  INFO 50871 --- [auth-service] [nio-8084-exec-7] com.balconazo.auth.service.AuthService   : Intento de login para: guest_test_1763664939@balconazo.com
2025-11-20T19:55:39.999+01:00 DEBUG 50871 --- [auth-service] [nio-8084-exec-7] org.hibernate.SQL                        : 
    select
        u1_0.id,
        u1_0.active,
        u1_0.created_at,
        u1_0.email,
        u1_0.is_guest,
        u1_0.is_host,
        u1_0.name,
        u1_0.password_hash,
        u1_0.phone,
        u1_0.profile_image_url,
        u1_0.updated_at 
    from
        users u1_0 
    where
        u1_0.email=?
Hibernate: 
    select
        u1_0.id,
        u1_0.active,
        u1_0.created_at,
        u1_0.email,
        u1_0.is_guest,
        u1_0.is_host,
        u1_0.name,
        u1_0.password_hash,
        u1_0.phone,
        u1_0.profile_image_url,
        u1_0.updated_at 
    from
        users u1_0 
    where
        u1_0.email=?
2025-11-20T19:55:40.086+01:00  INFO 50871 --- [auth-service] [nio-8084-exec-7] com.balconazo.auth.service.AuthService   : Login exitoso para usuario: guest_test_1763664939@balconazo.com (isHost=false, isGuest=true)
2025-11-20T19:55:40.087+01:00 DEBUG 50871 --- [auth-service] [nio-8084-exec-7] org.hibernate.SQL                        : 
    insert 
    into
        refresh_tokens
        (created_at, expires_at, token, user_id, id) 
    values
        (?, ?, ?, ?, ?)
Hibernate: 
    insert 
    into
        refresh_tokens
        (created_at, expires_at, token, user_id, id) 
    values
        (?, ?, ?, ?, ?)
2025-11-20T19:55:40.134+01:00 DEBUG 50871 --- [auth-service] [nio-8084-exec-8] o.s.security.web.FilterChainProxy        : Securing POST /api/auth/register
2025-11-20T19:55:40.134+01:00 DEBUG 50871 --- [auth-service] [nio-8084-exec-8] o.s.s.w.a.AnonymousAuthenticationFilter  : Set SecurityContextHolder to anonymous SecurityContext
2025-11-20T19:55:40.134+01:00 DEBUG 50871 --- [auth-service] [nio-8084-exec-8] o.s.security.web.FilterChainProxy        : Secured POST /api/auth/register
2025-11-20T19:55:40.135+01:00  INFO 50871 --- [auth-service] [nio-8084-exec-8] c.b.auth.controller.AuthController       : POST /api/auth/register - Email: dual_test_1763664939@balconazo.com
2025-11-20T19:55:40.136+01:00  INFO 50871 --- [auth-service] [nio-8084-exec-8] com.balconazo.auth.service.AuthService   : Registrando nuevo usuario: dual_test_1763664939@balconazo.com
2025-11-20T19:55:40.136+01:00 DEBUG 50871 --- [auth-service] [nio-8084-exec-8] org.hibernate.SQL                        : 
    select
        u1_0.id 
    from
        users u1_0 
    where
        u1_0.email=? 
    limit
        ?
Hibernate: 
    select
        u1_0.id 
    from
        users u1_0 
    where
        u1_0.email=? 
    limit
        ?
2025-11-20T19:55:40.219+01:00  INFO 50871 --- [auth-service] [nio-8084-exec-8] com.balconazo.auth.service.AuthService   : Usuario registrado exitosamente con ID: 8f6d7925-c156-4f2c-8038-6bc192af197b (isHost=false, isGuest=true)
2025-11-20T19:55:40.219+01:00 DEBUG 50871 --- [auth-service] [nio-8084-exec-8] org.hibernate.SQL                        : 
    insert 
    into
        users
        (active, created_at, email, is_guest, is_host, name, password_hash, phone, profile_image_url, updated_at, id) 
    values
        (?, ?, ?, ?, ?, ?, ?, ?, ?, ?, ?)
Hibernate: 
    insert 
    into
        users
        (active, created_at, email, is_guest, is_host, name, password_hash, phone, profile_image_url, updated_at, id) 
    values
        (?, ?, ?, ?, ?, ?, ?, ?, ?, ?, ?)
2025-11-20T19:55:40.267+01:00 DEBUG 50871 --- [auth-service] [nio-8084-exec-9] o.s.security.web.FilterChainProxy        : Securing POST /api/auth/login
2025-11-20T19:55:40.267+01:00 DEBUG 50871 --- [auth-service] [nio-8084-exec-9] o.s.s.w.a.AnonymousAuthenticationFilter  : Set SecurityContextHolder to anonymous SecurityContext
2025-11-20T19:55:40.267+01:00 DEBUG 50871 --- [auth-service] [nio-8084-exec-9] o.s.security.web.FilterChainProxy        : Secured POST /api/auth/login
2025-11-20T19:55:40.268+01:00  INFO 50871 --- [auth-service] [nio-8084-exec-9] c.b.auth.controller.AuthController       : POST /api/auth/login - Email: dual_test_1763664939@balconazo.com
2025-11-20T19:55:40.269+01:00  INFO 50871 --- [auth-service] [nio-8084-exec-9] com.balconazo.auth.service.AuthService   : Intento de login para: dual_test_1763664939@balconazo.com
2025-11-20T19:55:40.270+01:00 DEBUG 50871 --- [auth-service] [nio-8084-exec-9] org.hibernate.SQL                        : 
    select
        u1_0.id,
        u1_0.active,
        u1_0.created_at,
        u1_0.email,
        u1_0.is_guest,
        u1_0.is_host,
        u1_0.name,
        u1_0.password_hash,
        u1_0.phone,
        u1_0.profile_image_url,
        u1_0.updated_at 
    from
        users u1_0 
    where
        u1_0.email=?
Hibernate: 
    select
        u1_0.id,
        u1_0.active,
        u1_0.created_at,
        u1_0.email,
        u1_0.is_guest,
        u1_0.is_host,
        u1_0.name,
        u1_0.password_hash,
        u1_0.phone,
        u1_0.profile_image_url,
        u1_0.updated_at 
    from
        users u1_0 
    where
        u1_0.email=?
2025-11-20T19:55:40.366+01:00  INFO 50871 --- [auth-service] [nio-8084-exec-9] com.balconazo.auth.service.AuthService   : Login exitoso para usuario: dual_test_1763664939@balconazo.com (isHost=false, isGuest=true)
2025-11-20T19:55:40.367+01:00 DEBUG 50871 --- [auth-service] [nio-8084-exec-9] org.hibernate.SQL                        : 
    insert 
    into
        refresh_tokens
        (created_at, expires_at, token, user_id, id) 
    values
        (?, ?, ?, ?, ?)
Hibernate: 
    insert 
    into
        refresh_tokens
        (created_at, expires_at, token, user_id, id) 
    values
        (?, ?, ?, ?, ?)
2025-11-20T19:55:40.415+01:00 DEBUG 50871 --- [auth-service] [io-8084-exec-10] o.s.security.web.FilterChainProxy        : Securing GET /api/auth/me
2025-11-20T19:55:40.415+01:00 DEBUG 50871 --- [auth-service] [io-8084-exec-10] o.s.s.w.a.AnonymousAuthenticationFilter  : Set SecurityContextHolder to anonymous SecurityContext
2025-11-20T19:55:40.416+01:00 DEBUG 50871 --- [auth-service] [io-8084-exec-10] o.s.security.web.FilterChainProxy        : Secured GET /api/auth/me
2025-11-20T19:55:40.418+01:00  INFO 50871 --- [auth-service] [io-8084-exec-10] c.b.auth.controller.AuthController       : GET /api/auth/me - UserId: dde60ea2-7faa-4350-8150-94a98f0f59b8
2025-11-20T19:55:40.419+01:00 DEBUG 50871 --- [auth-service] [io-8084-exec-10] org.hibernate.SQL                        : 
    select
        u1_0.id,
        u1_0.active,
        u1_0.created_at,
        u1_0.email,
        u1_0.is_guest,
        u1_0.is_host,
        u1_0.name,
        u1_0.password_hash,
        u1_0.phone,
        u1_0.profile_image_url,
        u1_0.updated_at 
    from
        users u1_0 
    where
        u1_0.id=?
Hibernate: 
    select
        u1_0.id,
        u1_0.active,
        u1_0.created_at,
        u1_0.email,
        u1_0.is_guest,
        u1_0.is_host,
        u1_0.name,
        u1_0.password_hash,
        u1_0.phone,
        u1_0.profile_image_url,
        u1_0.updated_at 
    from
        users u1_0 
    where
        u1_0.id=?
2025-11-20T19:55:40.468+01:00 DEBUG 50871 --- [auth-service] [nio-8084-exec-1] o.s.security.web.FilterChainProxy        : Securing GET /api/auth/me
2025-11-20T19:55:40.468+01:00 DEBUG 50871 --- [auth-service] [nio-8084-exec-1] o.s.s.w.a.AnonymousAuthenticationFilter  : Set SecurityContextHolder to anonymous SecurityContext
2025-11-20T19:55:40.468+01:00 DEBUG 50871 --- [auth-service] [nio-8084-exec-1] o.s.security.web.FilterChainProxy        : Secured GET /api/auth/me
2025-11-20T19:55:40.470+01:00  INFO 50871 --- [auth-service] [nio-8084-exec-1] c.b.auth.controller.AuthController       : GET /api/auth/me - UserId: 524cbc89-da31-4895-9813-7bf774c7fbe3
2025-11-20T19:55:40.471+01:00 DEBUG 50871 --- [auth-service] [nio-8084-exec-1] org.hibernate.SQL                        : 
    select
        u1_0.id,
        u1_0.active,
        u1_0.created_at,
        u1_0.email,
        u1_0.is_guest,
        u1_0.is_host,
        u1_0.name,
        u1_0.password_hash,
        u1_0.phone,
        u1_0.profile_image_url,
        u1_0.updated_at 
    from
        users u1_0 
    where
        u1_0.id=?
Hibernate: 
    select
        u1_0.id,
        u1_0.active,
        u1_0.created_at,
        u1_0.email,
        u1_0.is_guest,
        u1_0.is_host,
        u1_0.name,
        u1_0.password_hash,
        u1_0.phone,
        u1_0.profile_image_url,
        u1_0.updated_at 
    from
        users u1_0 
    where
        u1_0.id=?
2025-11-20T19:55:40.509+01:00 DEBUG 50871 --- [auth-service] [nio-8084-exec-2] o.s.security.web.FilterChainProxy        : Securing GET /api/auth/me
2025-11-20T19:55:40.509+01:00 DEBUG 50871 --- [auth-service] [nio-8084-exec-2] o.s.s.w.a.AnonymousAuthenticationFilter  : Set SecurityContextHolder to anonymous SecurityContext
2025-11-20T19:55:40.509+01:00 DEBUG 50871 --- [auth-service] [nio-8084-exec-2] o.s.security.web.FilterChainProxy        : Secured GET /api/auth/me
2025-11-20T19:55:40.509+01:00  WARN 50871 --- [auth-service] [nio-8084-exec-2] c.b.auth.controller.AuthController       : GET /api/auth/me called without valid authentication
2025-11-20T19:55:54.489+01:00 DEBUG 50871 --- [auth-service] [nio-8084-exec-3] o.s.security.web.FilterChainProxy        : Securing POST /api/auth/login
2025-11-20T19:55:54.494+01:00 DEBUG 50871 --- [auth-service] [nio-8084-exec-3] o.s.s.w.a.AnonymousAuthenticationFilter  : Set SecurityContextHolder to anonymous SecurityContext
2025-11-20T19:55:54.495+01:00 DEBUG 50871 --- [auth-service] [nio-8084-exec-3] o.s.security.web.FilterChainProxy        : Secured POST /api/auth/login
2025-11-20T19:55:54.499+01:00  INFO 50871 --- [auth-service] [nio-8084-exec-3] c.b.auth.controller.AuthController       : POST /api/auth/login - Email: manualtest@balconazo.com
2025-11-20T19:55:54.508+01:00  INFO 50871 --- [auth-service] [nio-8084-exec-3] com.balconazo.auth.service.AuthService   : Intento de login para: manualtest@balconazo.com
2025-11-20T19:55:54.516+01:00 DEBUG 50871 --- [auth-service] [nio-8084-exec-3] org.hibernate.SQL                        : 
    select
        u1_0.id,
        u1_0.active,
        u1_0.created_at,
        u1_0.email,
        u1_0.is_guest,
        u1_0.is_host,
        u1_0.name,
        u1_0.password_hash,
        u1_0.phone,
        u1_0.profile_image_url,
        u1_0.updated_at 
    from
        users u1_0 
    where
        u1_0.email=?
Hibernate: 
    select
        u1_0.id,
        u1_0.active,
        u1_0.created_at,
        u1_0.email,
        u1_0.is_guest,
        u1_0.is_host,
        u1_0.name,
        u1_0.password_hash,
        u1_0.phone,
        u1_0.profile_image_url,
        u1_0.updated_at 
    from
        users u1_0 
    where
        u1_0.email=?
2025-11-20T19:55:54.610+01:00  INFO 50871 --- [auth-service] [nio-8084-exec-3] com.balconazo.auth.service.AuthService   : Login exitoso para usuario: manualtest@balconazo.com (isHost=false, isGuest=true)
2025-11-20T19:55:54.611+01:00 DEBUG 50871 --- [auth-service] [nio-8084-exec-3] org.hibernate.SQL                        : 
    insert 
    into
        refresh_tokens
        (created_at, expires_at, token, user_id, id) 
    values
        (?, ?, ?, ?, ?)
Hibernate: 
    insert 
    into
        refresh_tokens
        (created_at, expires_at, token, user_id, id) 
    values
        (?, ?, ?, ?, ?)
2025-11-20T19:59:48.329+01:00  INFO 50871 --- [auth-service] [rap-executor-%d] c.n.d.s.r.aws.ConfigClusterResolver      : Resolving eureka endpoints via configuration
2025-11-20T20:02:02.009+01:00 DEBUG 50871 --- [auth-service] [nio-8084-exec-5] o.s.security.web.FilterChainProxy        : Securing POST /api/auth/login
2025-11-20T20:02:02.010+01:00 DEBUG 50871 --- [auth-service] [nio-8084-exec-5] o.s.s.w.a.AnonymousAuthenticationFilter  : Set SecurityContextHolder to anonymous SecurityContext
2025-11-20T20:02:02.011+01:00 DEBUG 50871 --- [auth-service] [nio-8084-exec-5] o.s.security.web.FilterChainProxy        : Secured POST /api/auth/login
2025-11-20T20:02:02.020+01:00  INFO 50871 --- [auth-service] [nio-8084-exec-5] c.b.auth.controller.AuthController       : POST /api/auth/login - Email: manualtest@balconazo.com
2025-11-20T20:02:02.034+01:00  INFO 50871 --- [auth-service] [nio-8084-exec-5] com.balconazo.auth.service.AuthService   : Intento de login para: manualtest@balconazo.com
2025-11-20T20:02:02.049+01:00 DEBUG 50871 --- [auth-service] [nio-8084-exec-5] org.hibernate.SQL                        : 
    select
        u1_0.id,
        u1_0.active,
        u1_0.created_at,
        u1_0.email,
        u1_0.is_guest,
        u1_0.is_host,
        u1_0.name,
        u1_0.password_hash,
        u1_0.phone,
        u1_0.profile_image_url,
        u1_0.updated_at 
    from
        users u1_0 
    where
        u1_0.email=?
Hibernate: 
    select
        u1_0.id,
        u1_0.active,
        u1_0.created_at,
        u1_0.email,
        u1_0.is_guest,
        u1_0.is_host,
        u1_0.name,
        u1_0.password_hash,
        u1_0.phone,
        u1_0.profile_image_url,
        u1_0.updated_at 
    from
        users u1_0 
    where
        u1_0.email=?
2025-11-20T20:02:02.175+01:00  INFO 50871 --- [auth-service] [nio-8084-exec-5] com.balconazo.auth.service.AuthService   : Login exitoso para usuario: manualtest@balconazo.com (isHost=false, isGuest=true)
2025-11-20T20:02:02.175+01:00 DEBUG 50871 --- [auth-service] [nio-8084-exec-5] org.hibernate.SQL                        : 
    insert 
    into
        refresh_tokens
        (created_at, expires_at, token, user_id, id) 
    values
        (?, ?, ?, ?, ?)
Hibernate: 
    insert 
    into
        refresh_tokens
        (created_at, expires_at, token, user_id, id) 
    values
        (?, ?, ?, ?, ?)
2025-11-20T20:02:25.123+01:00 DEBUG 50871 --- [auth-service] [nio-8084-exec-6] o.s.security.web.FilterChainProxy        : Securing POST /api/auth/register
2025-11-20T20:02:25.125+01:00 DEBUG 50871 --- [auth-service] [nio-8084-exec-6] o.s.s.w.a.AnonymousAuthenticationFilter  : Set SecurityContextHolder to anonymous SecurityContext
2025-11-20T20:02:25.126+01:00 DEBUG 50871 --- [auth-service] [nio-8084-exec-6] o.s.security.web.FilterChainProxy        : Secured POST /api/auth/register
2025-11-20T20:02:25.133+01:00  INFO 50871 --- [auth-service] [nio-8084-exec-6] c.b.auth.controller.AuthController       : POST /api/auth/register - Email: host_test_1763665345@balconazo.com
2025-11-20T20:02:25.138+01:00  INFO 50871 --- [auth-service] [nio-8084-exec-6] com.balconazo.auth.service.AuthService   : Registrando nuevo usuario: host_test_1763665345@balconazo.com
2025-11-20T20:02:25.149+01:00 DEBUG 50871 --- [auth-service] [nio-8084-exec-6] org.hibernate.SQL                        : 
    select
        u1_0.id 
    from
        users u1_0 
    where
        u1_0.email=? 
    limit
        ?
Hibernate: 
    select
        u1_0.id 
    from
        users u1_0 
    where
        u1_0.email=? 
    limit
        ?
2025-11-20T20:02:25.251+01:00  INFO 50871 --- [auth-service] [nio-8084-exec-6] com.balconazo.auth.service.AuthService   : Usuario registrado exitosamente con ID: 93f60796-5434-4578-9b36-6a2e5225265c (isHost=false, isGuest=true)
2025-11-20T20:02:25.252+01:00 DEBUG 50871 --- [auth-service] [nio-8084-exec-6] org.hibernate.SQL                        : 
    insert 
    into
        users
        (active, created_at, email, is_guest, is_host, name, password_hash, phone, profile_image_url, updated_at, id) 
    values
        (?, ?, ?, ?, ?, ?, ?, ?, ?, ?, ?)
Hibernate: 
    insert 
    into
        users
        (active, created_at, email, is_guest, is_host, name, password_hash, phone, profile_image_url, updated_at, id) 
    values
        (?, ?, ?, ?, ?, ?, ?, ?, ?, ?, ?)
2025-11-20T20:02:25.327+01:00 DEBUG 50871 --- [auth-service] [nio-8084-exec-7] o.s.security.web.FilterChainProxy        : Securing POST /api/auth/login
2025-11-20T20:02:25.328+01:00 DEBUG 50871 --- [auth-service] [nio-8084-exec-7] o.s.s.w.a.AnonymousAuthenticationFilter  : Set SecurityContextHolder to anonymous SecurityContext
2025-11-20T20:02:25.328+01:00 DEBUG 50871 --- [auth-service] [nio-8084-exec-7] o.s.security.web.FilterChainProxy        : Secured POST /api/auth/login
2025-11-20T20:02:25.329+01:00  INFO 50871 --- [auth-service] [nio-8084-exec-7] c.b.auth.controller.AuthController       : POST /api/auth/login - Email: host_test_1763665345@balconazo.com
2025-11-20T20:02:25.330+01:00  INFO 50871 --- [auth-service] [nio-8084-exec-7] com.balconazo.auth.service.AuthService   : Intento de login para: host_test_1763665345@balconazo.com
2025-11-20T20:02:25.331+01:00 DEBUG 50871 --- [auth-service] [nio-8084-exec-7] org.hibernate.SQL                        : 
    select
        u1_0.id,
        u1_0.active,
        u1_0.created_at,
        u1_0.email,
        u1_0.is_guest,
        u1_0.is_host,
        u1_0.name,
        u1_0.password_hash,
        u1_0.phone,
        u1_0.profile_image_url,
        u1_0.updated_at 
    from
        users u1_0 
    where
        u1_0.email=?
Hibernate: 
    select
        u1_0.id,
        u1_0.active,
        u1_0.created_at,
        u1_0.email,
        u1_0.is_guest,
        u1_0.is_host,
        u1_0.name,
        u1_0.password_hash,
        u1_0.phone,
        u1_0.profile_image_url,
        u1_0.updated_at 
    from
        users u1_0 
    where
        u1_0.email=?
2025-11-20T20:02:25.437+01:00  INFO 50871 --- [auth-service] [nio-8084-exec-7] com.balconazo.auth.service.AuthService   : Login exitoso para usuario: host_test_1763665345@balconazo.com (isHost=false, isGuest=true)
2025-11-20T20:02:25.437+01:00 DEBUG 50871 --- [auth-service] [nio-8084-exec-7] org.hibernate.SQL                        : 
    insert 
    into
        refresh_tokens
        (created_at, expires_at, token, user_id, id) 
    values
        (?, ?, ?, ?, ?)
Hibernate: 
    insert 
    into
        refresh_tokens
        (created_at, expires_at, token, user_id, id) 
    values
        (?, ?, ?, ?, ?)
2025-11-20T20:02:25.495+01:00 DEBUG 50871 --- [auth-service] [nio-8084-exec-8] o.s.security.web.FilterChainProxy        : Securing POST /api/auth/register
2025-11-20T20:02:25.496+01:00 DEBUG 50871 --- [auth-service] [nio-8084-exec-8] o.s.s.w.a.AnonymousAuthenticationFilter  : Set SecurityContextHolder to anonymous SecurityContext
2025-11-20T20:02:25.496+01:00 DEBUG 50871 --- [auth-service] [nio-8084-exec-8] o.s.security.web.FilterChainProxy        : Secured POST /api/auth/register
2025-11-20T20:02:25.496+01:00  INFO 50871 --- [auth-service] [nio-8084-exec-8] c.b.auth.controller.AuthController       : POST /api/auth/register - Email: guest_test_1763665345@balconazo.com
2025-11-20T20:02:25.497+01:00  INFO 50871 --- [auth-service] [nio-8084-exec-8] com.balconazo.auth.service.AuthService   : Registrando nuevo usuario: guest_test_1763665345@balconazo.com
2025-11-20T20:02:25.498+01:00 DEBUG 50871 --- [auth-service] [nio-8084-exec-8] org.hibernate.SQL                        : 
    select
        u1_0.id 
    from
        users u1_0 
    where
        u1_0.email=? 
    limit
        ?
Hibernate: 
    select
        u1_0.id 
    from
        users u1_0 
    where
        u1_0.email=? 
    limit
        ?
2025-11-20T20:02:25.593+01:00  INFO 50871 --- [auth-service] [nio-8084-exec-8] com.balconazo.auth.service.AuthService   : Usuario registrado exitosamente con ID: 21cfaeb7-72aa-4bcd-9f6b-5a75819762bd (isHost=false, isGuest=true)
2025-11-20T20:02:25.593+01:00 DEBUG 50871 --- [auth-service] [nio-8084-exec-8] org.hibernate.SQL                        : 
    insert 
    into
        users
        (active, created_at, email, is_guest, is_host, name, password_hash, phone, profile_image_url, updated_at, id) 
    values
        (?, ?, ?, ?, ?, ?, ?, ?, ?, ?, ?)
Hibernate: 
    insert 
    into
        users
        (active, created_at, email, is_guest, is_host, name, password_hash, phone, profile_image_url, updated_at, id) 
    values
        (?, ?, ?, ?, ?, ?, ?, ?, ?, ?, ?)
2025-11-20T20:02:25.651+01:00 DEBUG 50871 --- [auth-service] [nio-8084-exec-9] o.s.security.web.FilterChainProxy        : Securing POST /api/auth/login
2025-11-20T20:02:25.652+01:00 DEBUG 50871 --- [auth-service] [nio-8084-exec-9] o.s.s.w.a.AnonymousAuthenticationFilter  : Set SecurityContextHolder to anonymous SecurityContext
2025-11-20T20:02:25.652+01:00 DEBUG 50871 --- [auth-service] [nio-8084-exec-9] o.s.security.web.FilterChainProxy        : Secured POST /api/auth/login
2025-11-20T20:02:25.652+01:00  INFO 50871 --- [auth-service] [nio-8084-exec-9] c.b.auth.controller.AuthController       : POST /api/auth/login - Email: guest_test_1763665345@balconazo.com
2025-11-20T20:02:25.655+01:00  INFO 50871 --- [auth-service] [nio-8084-exec-9] com.balconazo.auth.service.AuthService   : Intento de login para: guest_test_1763665345@balconazo.com
2025-11-20T20:02:25.657+01:00 DEBUG 50871 --- [auth-service] [nio-8084-exec-9] org.hibernate.SQL                        : 
    select
        u1_0.id,
        u1_0.active,
        u1_0.created_at,
        u1_0.email,
        u1_0.is_guest,
        u1_0.is_host,
        u1_0.name,
        u1_0.password_hash,
        u1_0.phone,
        u1_0.profile_image_url,
        u1_0.updated_at 
    from
        users u1_0 
    where
        u1_0.email=?
Hibernate: 
    select
        u1_0.id,
        u1_0.active,
        u1_0.created_at,
        u1_0.email,
        u1_0.is_guest,
        u1_0.is_host,
        u1_0.name,
        u1_0.password_hash,
        u1_0.phone,
        u1_0.profile_image_url,
        u1_0.updated_at 
    from
        users u1_0 
    where
        u1_0.email=?
2025-11-20T20:02:25.755+01:00  INFO 50871 --- [auth-service] [nio-8084-exec-9] com.balconazo.auth.service.AuthService   : Login exitoso para usuario: guest_test_1763665345@balconazo.com (isHost=false, isGuest=true)
2025-11-20T20:02:25.755+01:00 DEBUG 50871 --- [auth-service] [nio-8084-exec-9] org.hibernate.SQL                        : 
    insert 
    into
        refresh_tokens
        (created_at, expires_at, token, user_id, id) 
    values
        (?, ?, ?, ?, ?)
Hibernate: 
    insert 
    into
        refresh_tokens
        (created_at, expires_at, token, user_id, id) 
    values
        (?, ?, ?, ?, ?)
2025-11-20T20:02:25.801+01:00 DEBUG 50871 --- [auth-service] [io-8084-exec-10] o.s.security.web.FilterChainProxy        : Securing POST /api/auth/register
2025-11-20T20:02:25.802+01:00 DEBUG 50871 --- [auth-service] [io-8084-exec-10] o.s.s.w.a.AnonymousAuthenticationFilter  : Set SecurityContextHolder to anonymous SecurityContext
2025-11-20T20:02:25.802+01:00 DEBUG 50871 --- [auth-service] [io-8084-exec-10] o.s.security.web.FilterChainProxy        : Secured POST /api/auth/register
2025-11-20T20:02:25.802+01:00  INFO 50871 --- [auth-service] [io-8084-exec-10] c.b.auth.controller.AuthController       : POST /api/auth/register - Email: dual_test_1763665345@balconazo.com
2025-11-20T20:02:25.805+01:00  INFO 50871 --- [auth-service] [io-8084-exec-10] com.balconazo.auth.service.AuthService   : Registrando nuevo usuario: dual_test_1763665345@balconazo.com
2025-11-20T20:02:25.805+01:00 DEBUG 50871 --- [auth-service] [io-8084-exec-10] org.hibernate.SQL                        : 
    select
        u1_0.id 
    from
        users u1_0 
    where
        u1_0.email=? 
    limit
        ?
Hibernate: 
    select
        u1_0.id 
    from
        users u1_0 
    where
        u1_0.email=? 
    limit
        ?
2025-11-20T20:02:25.887+01:00  INFO 50871 --- [auth-service] [io-8084-exec-10] com.balconazo.auth.service.AuthService   : Usuario registrado exitosamente con ID: d797bc81-938b-4b99-9fbb-d71edc76328f (isHost=false, isGuest=true)
2025-11-20T20:02:25.888+01:00 DEBUG 50871 --- [auth-service] [io-8084-exec-10] org.hibernate.SQL                        : 
    insert 
    into
        users
        (active, created_at, email, is_guest, is_host, name, password_hash, phone, profile_image_url, updated_at, id) 
    values
        (?, ?, ?, ?, ?, ?, ?, ?, ?, ?, ?)
Hibernate: 
    insert 
    into
        users
        (active, created_at, email, is_guest, is_host, name, password_hash, phone, profile_image_url, updated_at, id) 
    values
        (?, ?, ?, ?, ?, ?, ?, ?, ?, ?, ?)
2025-11-20T20:02:25.935+01:00 DEBUG 50871 --- [auth-service] [nio-8084-exec-1] o.s.security.web.FilterChainProxy        : Securing POST /api/auth/login
2025-11-20T20:02:25.935+01:00 DEBUG 50871 --- [auth-service] [nio-8084-exec-1] o.s.s.w.a.AnonymousAuthenticationFilter  : Set SecurityContextHolder to anonymous SecurityContext
2025-11-20T20:02:25.936+01:00 DEBUG 50871 --- [auth-service] [nio-8084-exec-1] o.s.security.web.FilterChainProxy        : Secured POST /api/auth/login
2025-11-20T20:02:25.945+01:00  INFO 50871 --- [auth-service] [nio-8084-exec-1] c.b.auth.controller.AuthController       : POST /api/auth/login - Email: dual_test_1763665345@balconazo.com
2025-11-20T20:02:25.947+01:00  INFO 50871 --- [auth-service] [nio-8084-exec-1] com.balconazo.auth.service.AuthService   : Intento de login para: dual_test_1763665345@balconazo.com
2025-11-20T20:02:25.948+01:00 DEBUG 50871 --- [auth-service] [nio-8084-exec-1] org.hibernate.SQL                        : 
    select
        u1_0.id,
        u1_0.active,
        u1_0.created_at,
        u1_0.email,
        u1_0.is_guest,
        u1_0.is_host,
        u1_0.name,
        u1_0.password_hash,
        u1_0.phone,
        u1_0.profile_image_url,
        u1_0.updated_at 
    from
        users u1_0 
    where
        u1_0.email=?
Hibernate: 
    select
        u1_0.id,
        u1_0.active,
        u1_0.created_at,
        u1_0.email,
        u1_0.is_guest,
        u1_0.is_host,
        u1_0.name,
        u1_0.password_hash,
        u1_0.phone,
        u1_0.profile_image_url,
        u1_0.updated_at 
    from
        users u1_0 
    where
        u1_0.email=?
2025-11-20T20:02:26.035+01:00  INFO 50871 --- [auth-service] [nio-8084-exec-1] com.balconazo.auth.service.AuthService   : Login exitoso para usuario: dual_test_1763665345@balconazo.com (isHost=false, isGuest=true)
2025-11-20T20:02:26.036+01:00 DEBUG 50871 --- [auth-service] [nio-8084-exec-1] org.hibernate.SQL                        : 
    insert 
    into
        refresh_tokens
        (created_at, expires_at, token, user_id, id) 
    values
        (?, ?, ?, ?, ?)
Hibernate: 
    insert 
    into
        refresh_tokens
        (created_at, expires_at, token, user_id, id) 
    values
        (?, ?, ?, ?, ?)
2025-11-20T20:02:26.094+01:00 DEBUG 50871 --- [auth-service] [nio-8084-exec-2] o.s.security.web.FilterChainProxy        : Securing GET /api/auth/me
2025-11-20T20:02:26.095+01:00 DEBUG 50871 --- [auth-service] [nio-8084-exec-2] o.s.s.w.a.AnonymousAuthenticationFilter  : Set SecurityContextHolder to anonymous SecurityContext
2025-11-20T20:02:26.095+01:00 DEBUG 50871 --- [auth-service] [nio-8084-exec-2] o.s.security.web.FilterChainProxy        : Secured GET /api/auth/me
2025-11-20T20:02:26.097+01:00  INFO 50871 --- [auth-service] [nio-8084-exec-2] c.b.auth.controller.AuthController       : GET /api/auth/me - UserId: 93f60796-5434-4578-9b36-6a2e5225265c
2025-11-20T20:02:26.099+01:00 DEBUG 50871 --- [auth-service] [nio-8084-exec-2] org.hibernate.SQL                        : 
    select
        u1_0.id,
        u1_0.active,
        u1_0.created_at,
        u1_0.email,
        u1_0.is_guest,
        u1_0.is_host,
        u1_0.name,
        u1_0.password_hash,
        u1_0.phone,
        u1_0.profile_image_url,
        u1_0.updated_at 
    from
        users u1_0 
    where
        u1_0.id=?
Hibernate: 
    select
        u1_0.id,
        u1_0.active,
        u1_0.created_at,
        u1_0.email,
        u1_0.is_guest,
        u1_0.is_host,
        u1_0.name,
        u1_0.password_hash,
        u1_0.phone,
        u1_0.profile_image_url,
        u1_0.updated_at 
    from
        users u1_0 
    where
        u1_0.id=?
2025-11-20T20:02:26.159+01:00 DEBUG 50871 --- [auth-service] [nio-8084-exec-3] o.s.security.web.FilterChainProxy        : Securing GET /api/auth/me
2025-11-20T20:02:26.159+01:00 DEBUG 50871 --- [auth-service] [nio-8084-exec-3] o.s.s.w.a.AnonymousAuthenticationFilter  : Set SecurityContextHolder to anonymous SecurityContext
2025-11-20T20:02:26.159+01:00 DEBUG 50871 --- [auth-service] [nio-8084-exec-3] o.s.security.web.FilterChainProxy        : Secured GET /api/auth/me
2025-11-20T20:02:26.161+01:00  INFO 50871 --- [auth-service] [nio-8084-exec-3] c.b.auth.controller.AuthController       : GET /api/auth/me - UserId: 21cfaeb7-72aa-4bcd-9f6b-5a75819762bd
2025-11-20T20:02:26.164+01:00 DEBUG 50871 --- [auth-service] [nio-8084-exec-3] org.hibernate.SQL                        : 
    select
        u1_0.id,
        u1_0.active,
        u1_0.created_at,
        u1_0.email,
        u1_0.is_guest,
        u1_0.is_host,
        u1_0.name,
        u1_0.password_hash,
        u1_0.phone,
        u1_0.profile_image_url,
        u1_0.updated_at 
    from
        users u1_0 
    where
        u1_0.id=?
Hibernate: 
    select
        u1_0.id,
        u1_0.active,
        u1_0.created_at,
        u1_0.email,
        u1_0.is_guest,
        u1_0.is_host,
        u1_0.name,
        u1_0.password_hash,
        u1_0.phone,
        u1_0.profile_image_url,
        u1_0.updated_at 
    from
        users u1_0 
    where
        u1_0.id=?
2025-11-20T20:02:26.203+01:00 DEBUG 50871 --- [auth-service] [nio-8084-exec-4] o.s.security.web.FilterChainProxy        : Securing GET /api/auth/me
2025-11-20T20:02:26.203+01:00 DEBUG 50871 --- [auth-service] [nio-8084-exec-4] o.s.s.w.a.AnonymousAuthenticationFilter  : Set SecurityContextHolder to anonymous SecurityContext
2025-11-20T20:02:26.203+01:00 DEBUG 50871 --- [auth-service] [nio-8084-exec-4] o.s.security.web.FilterChainProxy        : Secured GET /api/auth/me
2025-11-20T20:02:26.204+01:00  WARN 50871 --- [auth-service] [nio-8084-exec-4] c.b.auth.controller.AuthController       : GET /api/auth/me called without valid authentication
2025-11-20T20:02:28.450+01:00 DEBUG 50871 --- [auth-service] [nio-8084-exec-5] o.s.security.web.FilterChainProxy        : Securing GET /api/auth/me
2025-11-20T20:02:28.451+01:00 DEBUG 50871 --- [auth-service] [nio-8084-exec-5] o.s.s.w.a.AnonymousAuthenticationFilter  : Set SecurityContextHolder to anonymous SecurityContext
2025-11-20T20:02:28.452+01:00 DEBUG 50871 --- [auth-service] [nio-8084-exec-5] o.s.security.web.FilterChainProxy        : Secured GET /api/auth/me
2025-11-20T20:02:28.457+01:00  INFO 50871 --- [auth-service] [nio-8084-exec-5] c.b.auth.controller.AuthController       : GET /api/auth/me - UserId: 93f60796-5434-4578-9b36-6a2e5225265c
2025-11-20T20:02:28.468+01:00 DEBUG 50871 --- [auth-service] [nio-8084-exec-5] org.hibernate.SQL                        : 
    select
        u1_0.id,
        u1_0.active,
        u1_0.created_at,
        u1_0.email,
        u1_0.is_guest,
        u1_0.is_host,
        u1_0.name,
        u1_0.password_hash,
        u1_0.phone,
        u1_0.profile_image_url,
        u1_0.updated_at 
    from
        users u1_0 
    where
        u1_0.id=?
Hibernate: 
    select
        u1_0.id,
        u1_0.active,
        u1_0.created_at,
        u1_0.email,
        u1_0.is_guest,
        u1_0.is_host,
        u1_0.name,
        u1_0.password_hash,
        u1_0.phone,
        u1_0.profile_image_url,
        u1_0.updated_at 
    from
        users u1_0 
    where
        u1_0.id=?
2025-11-20T20:02:30.793+01:00 DEBUG 50871 --- [auth-service] [nio-8084-exec-6] o.s.security.web.FilterChainProxy        : Securing GET /api/auth/me
2025-11-20T20:02:30.795+01:00 DEBUG 50871 --- [auth-service] [nio-8084-exec-6] o.s.s.w.a.AnonymousAuthenticationFilter  : Set SecurityContextHolder to anonymous SecurityContext
2025-11-20T20:02:30.798+01:00 DEBUG 50871 --- [auth-service] [nio-8084-exec-6] o.s.security.web.FilterChainProxy        : Secured GET /api/auth/me
2025-11-20T20:02:30.804+01:00  INFO 50871 --- [auth-service] [nio-8084-exec-6] c.b.auth.controller.AuthController       : GET /api/auth/me - UserId: 21cfaeb7-72aa-4bcd-9f6b-5a75819762bd
2025-11-20T20:02:30.818+01:00 DEBUG 50871 --- [auth-service] [nio-8084-exec-6] org.hibernate.SQL                        : 
    select
        u1_0.id,
        u1_0.active,
        u1_0.created_at,
        u1_0.email,
        u1_0.is_guest,
        u1_0.is_host,
        u1_0.name,
        u1_0.password_hash,
        u1_0.phone,
        u1_0.profile_image_url,
        u1_0.updated_at 
    from
        users u1_0 
    where
        u1_0.id=?
Hibernate: 
    select
        u1_0.id,
        u1_0.active,
        u1_0.created_at,
        u1_0.email,
        u1_0.is_guest,
        u1_0.is_host,
        u1_0.name,
        u1_0.password_hash,
        u1_0.phone,
        u1_0.profile_image_url,
        u1_0.updated_at 
    from
        users u1_0 
    where
        u1_0.id=?
2025-11-20T20:02:46.672+01:00 DEBUG 50871 --- [auth-service] [nio-8084-exec-7] o.s.security.web.FilterChainProxy        : Securing POST /api/auth/register
2025-11-20T20:02:46.674+01:00 DEBUG 50871 --- [auth-service] [nio-8084-exec-7] o.s.s.w.a.AnonymousAuthenticationFilter  : Set SecurityContextHolder to anonymous SecurityContext
2025-11-20T20:02:46.674+01:00 DEBUG 50871 --- [auth-service] [nio-8084-exec-7] o.s.security.web.FilterChainProxy        : Secured POST /api/auth/register
2025-11-20T20:02:46.683+01:00  INFO 50871 --- [auth-service] [nio-8084-exec-7] c.b.auth.controller.AuthController       : POST /api/auth/register - Email: host_test_1763665366@balconazo.com
2025-11-20T20:02:46.690+01:00  INFO 50871 --- [auth-service] [nio-8084-exec-7] com.balconazo.auth.service.AuthService   : Registrando nuevo usuario: host_test_1763665366@balconazo.com
2025-11-20T20:02:46.694+01:00 DEBUG 50871 --- [auth-service] [nio-8084-exec-7] org.hibernate.SQL                        : 
    select
        u1_0.id 
    from
        users u1_0 
    where
        u1_0.email=? 
    limit
        ?
Hibernate: 
    select
        u1_0.id 
    from
        users u1_0 
    where
        u1_0.email=? 
    limit
        ?
2025-11-20T20:02:46.792+01:00  INFO 50871 --- [auth-service] [nio-8084-exec-7] com.balconazo.auth.service.AuthService   : Usuario registrado exitosamente con ID: ce27860c-eb21-44c5-8cb2-55fb6d28ecf4 (isHost=false, isGuest=true)
2025-11-20T20:02:46.793+01:00 DEBUG 50871 --- [auth-service] [nio-8084-exec-7] org.hibernate.SQL                        : 
    insert 
    into
        users
        (active, created_at, email, is_guest, is_host, name, password_hash, phone, profile_image_url, updated_at, id) 
    values
        (?, ?, ?, ?, ?, ?, ?, ?, ?, ?, ?)
Hibernate: 
    insert 
    into
        users
        (active, created_at, email, is_guest, is_host, name, password_hash, phone, profile_image_url, updated_at, id) 
    values
        (?, ?, ?, ?, ?, ?, ?, ?, ?, ?, ?)
2025-11-20T20:02:46.859+01:00 DEBUG 50871 --- [auth-service] [nio-8084-exec-8] o.s.security.web.FilterChainProxy        : Securing POST /api/auth/login
2025-11-20T20:02:46.860+01:00 DEBUG 50871 --- [auth-service] [nio-8084-exec-8] o.s.s.w.a.AnonymousAuthenticationFilter  : Set SecurityContextHolder to anonymous SecurityContext
2025-11-20T20:02:46.860+01:00 DEBUG 50871 --- [auth-service] [nio-8084-exec-8] o.s.security.web.FilterChainProxy        : Secured POST /api/auth/login
2025-11-20T20:02:46.861+01:00  INFO 50871 --- [auth-service] [nio-8084-exec-8] c.b.auth.controller.AuthController       : POST /api/auth/login - Email: host_test_1763665366@balconazo.com
2025-11-20T20:02:46.862+01:00  INFO 50871 --- [auth-service] [nio-8084-exec-8] com.balconazo.auth.service.AuthService   : Intento de login para: host_test_1763665366@balconazo.com
2025-11-20T20:02:46.863+01:00 DEBUG 50871 --- [auth-service] [nio-8084-exec-8] org.hibernate.SQL                        : 
    select
        u1_0.id,
        u1_0.active,
        u1_0.created_at,
        u1_0.email,
        u1_0.is_guest,
        u1_0.is_host,
        u1_0.name,
        u1_0.password_hash,
        u1_0.phone,
        u1_0.profile_image_url,
        u1_0.updated_at 
    from
        users u1_0 
    where
        u1_0.email=?
Hibernate: 
    select
        u1_0.id,
        u1_0.active,
        u1_0.created_at,
        u1_0.email,
        u1_0.is_guest,
        u1_0.is_host,
        u1_0.name,
        u1_0.password_hash,
        u1_0.phone,
        u1_0.profile_image_url,
        u1_0.updated_at 
    from
        users u1_0 
    where
        u1_0.email=?
2025-11-20T20:02:46.955+01:00  INFO 50871 --- [auth-service] [nio-8084-exec-8] com.balconazo.auth.service.AuthService   : Login exitoso para usuario: host_test_1763665366@balconazo.com (isHost=false, isGuest=true)
2025-11-20T20:02:46.955+01:00 DEBUG 50871 --- [auth-service] [nio-8084-exec-8] org.hibernate.SQL                        : 
    insert 
    into
        refresh_tokens
        (created_at, expires_at, token, user_id, id) 
    values
        (?, ?, ?, ?, ?)
Hibernate: 
    insert 
    into
        refresh_tokens
        (created_at, expires_at, token, user_id, id) 
    values
        (?, ?, ?, ?, ?)
2025-11-20T20:02:47.007+01:00 DEBUG 50871 --- [auth-service] [nio-8084-exec-9] o.s.security.web.FilterChainProxy        : Securing POST /api/auth/register
2025-11-20T20:02:47.008+01:00 DEBUG 50871 --- [auth-service] [nio-8084-exec-9] o.s.s.w.a.AnonymousAuthenticationFilter  : Set SecurityContextHolder to anonymous SecurityContext
2025-11-20T20:02:47.008+01:00 DEBUG 50871 --- [auth-service] [nio-8084-exec-9] o.s.security.web.FilterChainProxy        : Secured POST /api/auth/register
2025-11-20T20:02:47.009+01:00  INFO 50871 --- [auth-service] [nio-8084-exec-9] c.b.auth.controller.AuthController       : POST /api/auth/register - Email: guest_test_1763665366@balconazo.com
2025-11-20T20:02:47.010+01:00  INFO 50871 --- [auth-service] [nio-8084-exec-9] com.balconazo.auth.service.AuthService   : Registrando nuevo usuario: guest_test_1763665366@balconazo.com
2025-11-20T20:02:47.010+01:00 DEBUG 50871 --- [auth-service] [nio-8084-exec-9] org.hibernate.SQL                        : 
    select
        u1_0.id 
    from
        users u1_0 
    where
        u1_0.email=? 
    limit
        ?
Hibernate: 
    select
        u1_0.id 
    from
        users u1_0 
    where
        u1_0.email=? 
    limit
        ?
2025-11-20T20:02:47.092+01:00  INFO 50871 --- [auth-service] [nio-8084-exec-9] com.balconazo.auth.service.AuthService   : Usuario registrado exitosamente con ID: c1ef4a80-ad66-4725-a6a7-dfda7761c960 (isHost=false, isGuest=true)
2025-11-20T20:02:47.092+01:00 DEBUG 50871 --- [auth-service] [nio-8084-exec-9] org.hibernate.SQL                        : 
    insert 
    into
        users
        (active, created_at, email, is_guest, is_host, name, password_hash, phone, profile_image_url, updated_at, id) 
    values
        (?, ?, ?, ?, ?, ?, ?, ?, ?, ?, ?)
Hibernate: 
    insert 
    into
        users
        (active, created_at, email, is_guest, is_host, name, password_hash, phone, profile_image_url, updated_at, id) 
    values
        (?, ?, ?, ?, ?, ?, ?, ?, ?, ?, ?)
2025-11-20T20:02:47.146+01:00 DEBUG 50871 --- [auth-service] [io-8084-exec-10] o.s.security.web.FilterChainProxy        : Securing POST /api/auth/login
2025-11-20T20:02:47.146+01:00 DEBUG 50871 --- [auth-service] [io-8084-exec-10] o.s.s.w.a.AnonymousAuthenticationFilter  : Set SecurityContextHolder to anonymous SecurityContext
2025-11-20T20:02:47.146+01:00 DEBUG 50871 --- [auth-service] [io-8084-exec-10] o.s.security.web.FilterChainProxy        : Secured POST /api/auth/login
2025-11-20T20:02:47.148+01:00  INFO 50871 --- [auth-service] [io-8084-exec-10] c.b.auth.controller.AuthController       : POST /api/auth/login - Email: guest_test_1763665366@balconazo.com
2025-11-20T20:02:47.149+01:00  INFO 50871 --- [auth-service] [io-8084-exec-10] com.balconazo.auth.service.AuthService   : Intento de login para: guest_test_1763665366@balconazo.com
2025-11-20T20:02:47.149+01:00 DEBUG 50871 --- [auth-service] [io-8084-exec-10] org.hibernate.SQL                        : 
    select
        u1_0.id,
        u1_0.active,
        u1_0.created_at,
        u1_0.email,
        u1_0.is_guest,
        u1_0.is_host,
        u1_0.name,
        u1_0.password_hash,
        u1_0.phone,
        u1_0.profile_image_url,
        u1_0.updated_at 
    from
        users u1_0 
    where
        u1_0.email=?
Hibernate: 
    select
        u1_0.id,
        u1_0.active,
        u1_0.created_at,
        u1_0.email,
        u1_0.is_guest,
        u1_0.is_host,
        u1_0.name,
        u1_0.password_hash,
        u1_0.phone,
        u1_0.profile_image_url,
        u1_0.updated_at 
    from
        users u1_0 
    where
        u1_0.email=?
2025-11-20T20:02:47.233+01:00  INFO 50871 --- [auth-service] [io-8084-exec-10] com.balconazo.auth.service.AuthService   : Login exitoso para usuario: guest_test_1763665366@balconazo.com (isHost=false, isGuest=true)
2025-11-20T20:02:47.234+01:00 DEBUG 50871 --- [auth-service] [io-8084-exec-10] org.hibernate.SQL                        : 
    insert 
    into
        refresh_tokens
        (created_at, expires_at, token, user_id, id) 
    values
        (?, ?, ?, ?, ?)
Hibernate: 
    insert 
    into
        refresh_tokens
        (created_at, expires_at, token, user_id, id) 
    values
        (?, ?, ?, ?, ?)
2025-11-20T20:02:47.280+01:00 DEBUG 50871 --- [auth-service] [nio-8084-exec-1] o.s.security.web.FilterChainProxy        : Securing POST /api/auth/register
2025-11-20T20:02:47.280+01:00 DEBUG 50871 --- [auth-service] [nio-8084-exec-1] o.s.s.w.a.AnonymousAuthenticationFilter  : Set SecurityContextHolder to anonymous SecurityContext
2025-11-20T20:02:47.280+01:00 DEBUG 50871 --- [auth-service] [nio-8084-exec-1] o.s.security.web.FilterChainProxy        : Secured POST /api/auth/register
2025-11-20T20:02:47.281+01:00  INFO 50871 --- [auth-service] [nio-8084-exec-1] c.b.auth.controller.AuthController       : POST /api/auth/register - Email: dual_test_1763665366@balconazo.com
2025-11-20T20:02:47.282+01:00  INFO 50871 --- [auth-service] [nio-8084-exec-1] com.balconazo.auth.service.AuthService   : Registrando nuevo usuario: dual_test_1763665366@balconazo.com
2025-11-20T20:02:47.283+01:00 DEBUG 50871 --- [auth-service] [nio-8084-exec-1] org.hibernate.SQL                        : 
    select
        u1_0.id 
    from
        users u1_0 
    where
        u1_0.email=? 
    limit
        ?
Hibernate: 
    select
        u1_0.id 
    from
        users u1_0 
    where
        u1_0.email=? 
    limit
        ?
2025-11-20T20:02:47.365+01:00  INFO 50871 --- [auth-service] [nio-8084-exec-1] com.balconazo.auth.service.AuthService   : Usuario registrado exitosamente con ID: 51dd0eb1-683e-40fc-b549-1c22b7841f03 (isHost=false, isGuest=true)
2025-11-20T20:02:47.365+01:00 DEBUG 50871 --- [auth-service] [nio-8084-exec-1] org.hibernate.SQL                        : 
    insert 
    into
        users
        (active, created_at, email, is_guest, is_host, name, password_hash, phone, profile_image_url, updated_at, id) 
    values
        (?, ?, ?, ?, ?, ?, ?, ?, ?, ?, ?)
Hibernate: 
    insert 
    into
        users
        (active, created_at, email, is_guest, is_host, name, password_hash, phone, profile_image_url, updated_at, id) 
    values
        (?, ?, ?, ?, ?, ?, ?, ?, ?, ?, ?)
2025-11-20T20:02:47.411+01:00 DEBUG 50871 --- [auth-service] [nio-8084-exec-2] o.s.security.web.FilterChainProxy        : Securing POST /api/auth/login
2025-11-20T20:02:47.411+01:00 DEBUG 50871 --- [auth-service] [nio-8084-exec-2] o.s.s.w.a.AnonymousAuthenticationFilter  : Set SecurityContextHolder to anonymous SecurityContext
2025-11-20T20:02:47.411+01:00 DEBUG 50871 --- [auth-service] [nio-8084-exec-2] o.s.security.web.FilterChainProxy        : Secured POST /api/auth/login
2025-11-20T20:02:47.412+01:00  INFO 50871 --- [auth-service] [nio-8084-exec-2] c.b.auth.controller.AuthController       : POST /api/auth/login - Email: dual_test_1763665366@balconazo.com
2025-11-20T20:02:47.412+01:00  INFO 50871 --- [auth-service] [nio-8084-exec-2] com.balconazo.auth.service.AuthService   : Intento de login para: dual_test_1763665366@balconazo.com
2025-11-20T20:02:47.413+01:00 DEBUG 50871 --- [auth-service] [nio-8084-exec-2] org.hibernate.SQL                        : 
    select
        u1_0.id,
        u1_0.active,
        u1_0.created_at,
        u1_0.email,
        u1_0.is_guest,
        u1_0.is_host,
        u1_0.name,
        u1_0.password_hash,
        u1_0.phone,
        u1_0.profile_image_url,
        u1_0.updated_at 
    from
        users u1_0 
    where
        u1_0.email=?
Hibernate: 
    select
        u1_0.id,
        u1_0.active,
        u1_0.created_at,
        u1_0.email,
        u1_0.is_guest,
        u1_0.is_host,
        u1_0.name,
        u1_0.password_hash,
        u1_0.phone,
        u1_0.profile_image_url,
        u1_0.updated_at 
    from
        users u1_0 
    where
        u1_0.email=?
2025-11-20T20:02:47.495+01:00  INFO 50871 --- [auth-service] [nio-8084-exec-2] com.balconazo.auth.service.AuthService   : Login exitoso para usuario: dual_test_1763665366@balconazo.com (isHost=false, isGuest=true)
2025-11-20T20:02:47.495+01:00 DEBUG 50871 --- [auth-service] [nio-8084-exec-2] org.hibernate.SQL                        : 
    insert 
    into
        refresh_tokens
        (created_at, expires_at, token, user_id, id) 
    values
        (?, ?, ?, ?, ?)
Hibernate: 
    insert 
    into
        refresh_tokens
        (created_at, expires_at, token, user_id, id) 
    values
        (?, ?, ?, ?, ?)
2025-11-20T20:02:47.550+01:00 DEBUG 50871 --- [auth-service] [nio-8084-exec-3] o.s.security.web.FilterChainProxy        : Securing GET /api/auth/me
2025-11-20T20:02:47.551+01:00 DEBUG 50871 --- [auth-service] [nio-8084-exec-3] o.s.s.w.a.AnonymousAuthenticationFilter  : Set SecurityContextHolder to anonymous SecurityContext
2025-11-20T20:02:47.551+01:00 DEBUG 50871 --- [auth-service] [nio-8084-exec-3] o.s.security.web.FilterChainProxy        : Secured GET /api/auth/me
2025-11-20T20:02:47.552+01:00  INFO 50871 --- [auth-service] [nio-8084-exec-3] c.b.auth.controller.AuthController       : GET /api/auth/me - UserId: ce27860c-eb21-44c5-8cb2-55fb6d28ecf4
2025-11-20T20:02:47.554+01:00 DEBUG 50871 --- [auth-service] [nio-8084-exec-3] org.hibernate.SQL                        : 
    select
        u1_0.id,
        u1_0.active,
        u1_0.created_at,
        u1_0.email,
        u1_0.is_guest,
        u1_0.is_host,
        u1_0.name,
        u1_0.password_hash,
        u1_0.phone,
        u1_0.profile_image_url,
        u1_0.updated_at 
    from
        users u1_0 
    where
        u1_0.id=?
Hibernate: 
    select
        u1_0.id,
        u1_0.active,
        u1_0.created_at,
        u1_0.email,
        u1_0.is_guest,
        u1_0.is_host,
        u1_0.name,
        u1_0.password_hash,
        u1_0.phone,
        u1_0.profile_image_url,
        u1_0.updated_at 
    from
        users u1_0 
    where
        u1_0.id=?
2025-11-20T20:02:47.600+01:00 DEBUG 50871 --- [auth-service] [nio-8084-exec-4] o.s.security.web.FilterChainProxy        : Securing GET /api/auth/me
2025-11-20T20:02:47.600+01:00 DEBUG 50871 --- [auth-service] [nio-8084-exec-4] o.s.s.w.a.AnonymousAuthenticationFilter  : Set SecurityContextHolder to anonymous SecurityContext
2025-11-20T20:02:47.600+01:00 DEBUG 50871 --- [auth-service] [nio-8084-exec-4] o.s.security.web.FilterChainProxy        : Secured GET /api/auth/me
2025-11-20T20:02:47.602+01:00  INFO 50871 --- [auth-service] [nio-8084-exec-4] c.b.auth.controller.AuthController       : GET /api/auth/me - UserId: c1ef4a80-ad66-4725-a6a7-dfda7761c960
2025-11-20T20:02:47.605+01:00 DEBUG 50871 --- [auth-service] [nio-8084-exec-4] org.hibernate.SQL                        : 
    select
        u1_0.id,
        u1_0.active,
        u1_0.created_at,
        u1_0.email,
        u1_0.is_guest,
        u1_0.is_host,
        u1_0.name,
        u1_0.password_hash,
        u1_0.phone,
        u1_0.profile_image_url,
        u1_0.updated_at 
    from
        users u1_0 
    where
        u1_0.id=?
Hibernate: 
    select
        u1_0.id,
        u1_0.active,
        u1_0.created_at,
        u1_0.email,
        u1_0.is_guest,
        u1_0.is_host,
        u1_0.name,
        u1_0.password_hash,
        u1_0.phone,
        u1_0.profile_image_url,
        u1_0.updated_at 
    from
        users u1_0 
    where
        u1_0.id=?
2025-11-20T20:02:47.641+01:00 DEBUG 50871 --- [auth-service] [nio-8084-exec-5] o.s.security.web.FilterChainProxy        : Securing GET /api/auth/me
2025-11-20T20:02:47.641+01:00 DEBUG 50871 --- [auth-service] [nio-8084-exec-5] o.s.s.w.a.AnonymousAuthenticationFilter  : Set SecurityContextHolder to anonymous SecurityContext
2025-11-20T20:02:47.641+01:00 DEBUG 50871 --- [auth-service] [nio-8084-exec-5] o.s.security.web.FilterChainProxy        : Secured GET /api/auth/me
2025-11-20T20:02:47.641+01:00  WARN 50871 --- [auth-service] [nio-8084-exec-5] c.b.auth.controller.AuthController       : GET /api/auth/me called without valid authentication
2025-11-20T20:02:49.811+01:00 DEBUG 50871 --- [auth-service] [nio-8084-exec-6] o.s.security.web.FilterChainProxy        : Securing GET /api/auth/me
2025-11-20T20:02:49.811+01:00 DEBUG 50871 --- [auth-service] [nio-8084-exec-6] o.s.s.w.a.AnonymousAuthenticationFilter  : Set SecurityContextHolder to anonymous SecurityContext
2025-11-20T20:02:49.811+01:00 DEBUG 50871 --- [auth-service] [nio-8084-exec-6] o.s.security.web.FilterChainProxy        : Secured GET /api/auth/me
2025-11-20T20:02:49.814+01:00  INFO 50871 --- [auth-service] [nio-8084-exec-6] c.b.auth.controller.AuthController       : GET /api/auth/me - UserId: ce27860c-eb21-44c5-8cb2-55fb6d28ecf4
2025-11-20T20:02:49.817+01:00 DEBUG 50871 --- [auth-service] [nio-8084-exec-6] org.hibernate.SQL                        : 
    select
        u1_0.id,
        u1_0.active,
        u1_0.created_at,
        u1_0.email,
        u1_0.is_guest,
        u1_0.is_host,
        u1_0.name,
        u1_0.password_hash,
        u1_0.phone,
        u1_0.profile_image_url,
        u1_0.updated_at 
    from
        users u1_0 
    where
        u1_0.id=?
Hibernate: 
    select
        u1_0.id,
        u1_0.active,
        u1_0.created_at,
        u1_0.email,
        u1_0.is_guest,
        u1_0.is_host,
        u1_0.name,
        u1_0.password_hash,
        u1_0.phone,
        u1_0.profile_image_url,
        u1_0.updated_at 
    from
        users u1_0 
    where
        u1_0.id=?
2025-11-20T20:02:52.128+01:00 DEBUG 50871 --- [auth-service] [nio-8084-exec-7] o.s.security.web.FilterChainProxy        : Securing GET /api/auth/me
2025-11-20T20:02:52.130+01:00 DEBUG 50871 --- [auth-service] [nio-8084-exec-7] o.s.s.w.a.AnonymousAuthenticationFilter  : Set SecurityContextHolder to anonymous SecurityContext
2025-11-20T20:02:52.130+01:00 DEBUG 50871 --- [auth-service] [nio-8084-exec-7] o.s.security.web.FilterChainProxy        : Secured GET /api/auth/me
2025-11-20T20:02:52.142+01:00  INFO 50871 --- [auth-service] [nio-8084-exec-7] c.b.auth.controller.AuthController       : GET /api/auth/me - UserId: c1ef4a80-ad66-4725-a6a7-dfda7761c960
2025-11-20T20:02:52.151+01:00 DEBUG 50871 --- [auth-service] [nio-8084-exec-7] org.hibernate.SQL                        : 
    select
        u1_0.id,
        u1_0.active,
        u1_0.created_at,
        u1_0.email,
        u1_0.is_guest,
        u1_0.is_host,
        u1_0.name,
        u1_0.password_hash,
        u1_0.phone,
        u1_0.profile_image_url,
        u1_0.updated_at 
    from
        users u1_0 
    where
        u1_0.id=?
Hibernate: 
    select
        u1_0.id,
        u1_0.active,
        u1_0.created_at,
        u1_0.email,
        u1_0.is_guest,
        u1_0.is_host,
        u1_0.name,
        u1_0.password_hash,
        u1_0.phone,
        u1_0.profile_image_url,
        u1_0.updated_at 
    from
        users u1_0 
    where
        u1_0.id=?
2025-11-20T20:03:04.314+01:00 DEBUG 50871 --- [auth-service] [nio-8084-exec-8] o.s.security.web.FilterChainProxy        : Securing POST /api/auth/register
2025-11-20T20:03:04.316+01:00 DEBUG 50871 --- [auth-service] [nio-8084-exec-8] o.s.s.w.a.AnonymousAuthenticationFilter  : Set SecurityContextHolder to anonymous SecurityContext
2025-11-20T20:03:04.316+01:00 DEBUG 50871 --- [auth-service] [nio-8084-exec-8] o.s.security.web.FilterChainProxy        : Secured POST /api/auth/register
2025-11-20T20:03:04.322+01:00  INFO 50871 --- [auth-service] [nio-8084-exec-8] c.b.auth.controller.AuthController       : POST /api/auth/register - Email: host_test_1763665384@balconazo.com
2025-11-20T20:03:04.328+01:00  INFO 50871 --- [auth-service] [nio-8084-exec-8] com.balconazo.auth.service.AuthService   : Registrando nuevo usuario: host_test_1763665384@balconazo.com
2025-11-20T20:03:04.336+01:00 DEBUG 50871 --- [auth-service] [nio-8084-exec-8] org.hibernate.SQL                        : 
    select
        u1_0.id 
    from
        users u1_0 
    where
        u1_0.email=? 
    limit
        ?
Hibernate: 
    select
        u1_0.id 
    from
        users u1_0 
    where
        u1_0.email=? 
    limit
        ?
2025-11-20T20:03:04.422+01:00  INFO 50871 --- [auth-service] [nio-8084-exec-8] com.balconazo.auth.service.AuthService   : Usuario registrado exitosamente con ID: 6d59bb8d-2dd9-4f18-8f52-7b7cacfc0ee1 (isHost=false, isGuest=true)
2025-11-20T20:03:04.422+01:00 DEBUG 50871 --- [auth-service] [nio-8084-exec-8] org.hibernate.SQL                        : 
    insert 
    into
        users
        (active, created_at, email, is_guest, is_host, name, password_hash, phone, profile_image_url, updated_at, id) 
    values
        (?, ?, ?, ?, ?, ?, ?, ?, ?, ?, ?)
Hibernate: 
    insert 
    into
        users
        (active, created_at, email, is_guest, is_host, name, password_hash, phone, profile_image_url, updated_at, id) 
    values
        (?, ?, ?, ?, ?, ?, ?, ?, ?, ?, ?)
2025-11-20T20:03:04.493+01:00 DEBUG 50871 --- [auth-service] [nio-8084-exec-9] o.s.security.web.FilterChainProxy        : Securing POST /api/auth/login
2025-11-20T20:03:04.494+01:00 DEBUG 50871 --- [auth-service] [nio-8084-exec-9] o.s.s.w.a.AnonymousAuthenticationFilter  : Set SecurityContextHolder to anonymous SecurityContext
2025-11-20T20:03:04.494+01:00 DEBUG 50871 --- [auth-service] [nio-8084-exec-9] o.s.security.web.FilterChainProxy        : Secured POST /api/auth/login
2025-11-20T20:03:04.495+01:00  INFO 50871 --- [auth-service] [nio-8084-exec-9] c.b.auth.controller.AuthController       : POST /api/auth/login - Email: host_test_1763665384@balconazo.com
2025-11-20T20:03:04.497+01:00  INFO 50871 --- [auth-service] [nio-8084-exec-9] com.balconazo.auth.service.AuthService   : Intento de login para: host_test_1763665384@balconazo.com
2025-11-20T20:03:04.498+01:00 DEBUG 50871 --- [auth-service] [nio-8084-exec-9] org.hibernate.SQL                        : 
    select
        u1_0.id,
        u1_0.active,
        u1_0.created_at,
        u1_0.email,
        u1_0.is_guest,
        u1_0.is_host,
        u1_0.name,
        u1_0.password_hash,
        u1_0.phone,
        u1_0.profile_image_url,
        u1_0.updated_at 
    from
        users u1_0 
    where
        u1_0.email=?
Hibernate: 
    select
        u1_0.id,
        u1_0.active,
        u1_0.created_at,
        u1_0.email,
        u1_0.is_guest,
        u1_0.is_host,
        u1_0.name,
        u1_0.password_hash,
        u1_0.phone,
        u1_0.profile_image_url,
        u1_0.updated_at 
    from
        users u1_0 
    where
        u1_0.email=?
2025-11-20T20:03:04.586+01:00  INFO 50871 --- [auth-service] [nio-8084-exec-9] com.balconazo.auth.service.AuthService   : Login exitoso para usuario: host_test_1763665384@balconazo.com (isHost=false, isGuest=true)
2025-11-20T20:03:04.587+01:00 DEBUG 50871 --- [auth-service] [nio-8084-exec-9] org.hibernate.SQL                        : 
    insert 
    into
        refresh_tokens
        (created_at, expires_at, token, user_id, id) 
    values
        (?, ?, ?, ?, ?)
Hibernate: 
    insert 
    into
        refresh_tokens
        (created_at, expires_at, token, user_id, id) 
    values
        (?, ?, ?, ?, ?)
2025-11-20T20:03:04.633+01:00 DEBUG 50871 --- [auth-service] [io-8084-exec-10] o.s.security.web.FilterChainProxy        : Securing POST /api/auth/register
2025-11-20T20:03:04.633+01:00 DEBUG 50871 --- [auth-service] [io-8084-exec-10] o.s.s.w.a.AnonymousAuthenticationFilter  : Set SecurityContextHolder to anonymous SecurityContext
2025-11-20T20:03:04.633+01:00 DEBUG 50871 --- [auth-service] [io-8084-exec-10] o.s.security.web.FilterChainProxy        : Secured POST /api/auth/register
2025-11-20T20:03:04.635+01:00  INFO 50871 --- [auth-service] [io-8084-exec-10] c.b.auth.controller.AuthController       : POST /api/auth/register - Email: guest_test_1763665384@balconazo.com
2025-11-20T20:03:04.635+01:00  INFO 50871 --- [auth-service] [io-8084-exec-10] com.balconazo.auth.service.AuthService   : Registrando nuevo usuario: guest_test_1763665384@balconazo.com
2025-11-20T20:03:04.636+01:00 DEBUG 50871 --- [auth-service] [io-8084-exec-10] org.hibernate.SQL                        : 
    select
        u1_0.id 
    from
        users u1_0 
    where
        u1_0.email=? 
    limit
        ?
Hibernate: 
    select
        u1_0.id 
    from
        users u1_0 
    where
        u1_0.email=? 
    limit
        ?
2025-11-20T20:03:04.717+01:00  INFO 50871 --- [auth-service] [io-8084-exec-10] com.balconazo.auth.service.AuthService   : Usuario registrado exitosamente con ID: d99f03e5-1055-4fe8-83a9-62c7a94b5739 (isHost=false, isGuest=true)
2025-11-20T20:03:04.717+01:00 DEBUG 50871 --- [auth-service] [io-8084-exec-10] org.hibernate.SQL                        : 
    insert 
    into
        users
        (active, created_at, email, is_guest, is_host, name, password_hash, phone, profile_image_url, updated_at, id) 
    values
        (?, ?, ?, ?, ?, ?, ?, ?, ?, ?, ?)
Hibernate: 
    insert 
    into
        users
        (active, created_at, email, is_guest, is_host, name, password_hash, phone, profile_image_url, updated_at, id) 
    values
        (?, ?, ?, ?, ?, ?, ?, ?, ?, ?, ?)
2025-11-20T20:03:04.763+01:00 DEBUG 50871 --- [auth-service] [nio-8084-exec-1] o.s.security.web.FilterChainProxy        : Securing POST /api/auth/login
2025-11-20T20:03:04.763+01:00 DEBUG 50871 --- [auth-service] [nio-8084-exec-1] o.s.s.w.a.AnonymousAuthenticationFilter  : Set SecurityContextHolder to anonymous SecurityContext
2025-11-20T20:03:04.764+01:00 DEBUG 50871 --- [auth-service] [nio-8084-exec-1] o.s.security.web.FilterChainProxy        : Secured POST /api/auth/login
2025-11-20T20:03:04.764+01:00  INFO 50871 --- [auth-service] [nio-8084-exec-1] c.b.auth.controller.AuthController       : POST /api/auth/login - Email: guest_test_1763665384@balconazo.com
2025-11-20T20:03:04.765+01:00  INFO 50871 --- [auth-service] [nio-8084-exec-1] com.balconazo.auth.service.AuthService   : Intento de login para: guest_test_1763665384@balconazo.com
2025-11-20T20:03:04.766+01:00 DEBUG 50871 --- [auth-service] [nio-8084-exec-1] org.hibernate.SQL                        : 
    select
        u1_0.id,
        u1_0.active,
        u1_0.created_at,
        u1_0.email,
        u1_0.is_guest,
        u1_0.is_host,
        u1_0.name,
        u1_0.password_hash,
        u1_0.phone,
        u1_0.profile_image_url,
        u1_0.updated_at 
    from
        users u1_0 
    where
        u1_0.email=?
Hibernate: 
    select
        u1_0.id,
        u1_0.active,
        u1_0.created_at,
        u1_0.email,
        u1_0.is_guest,
        u1_0.is_host,
        u1_0.name,
        u1_0.password_hash,
        u1_0.phone,
        u1_0.profile_image_url,
        u1_0.updated_at 
    from
        users u1_0 
    where
        u1_0.email=?
2025-11-20T20:03:04.848+01:00  INFO 50871 --- [auth-service] [nio-8084-exec-1] com.balconazo.auth.service.AuthService   : Login exitoso para usuario: guest_test_1763665384@balconazo.com (isHost=false, isGuest=true)
2025-11-20T20:03:04.848+01:00 DEBUG 50871 --- [auth-service] [nio-8084-exec-1] org.hibernate.SQL                        : 
    insert 
    into
        refresh_tokens
        (created_at, expires_at, token, user_id, id) 
    values
        (?, ?, ?, ?, ?)
Hibernate: 
    insert 
    into
        refresh_tokens
        (created_at, expires_at, token, user_id, id) 
    values
        (?, ?, ?, ?, ?)
2025-11-20T20:03:04.926+01:00 DEBUG 50871 --- [auth-service] [nio-8084-exec-2] o.s.security.web.FilterChainProxy        : Securing POST /api/auth/register
2025-11-20T20:03:04.926+01:00 DEBUG 50871 --- [auth-service] [nio-8084-exec-2] o.s.s.w.a.AnonymousAuthenticationFilter  : Set SecurityContextHolder to anonymous SecurityContext
2025-11-20T20:03:04.927+01:00 DEBUG 50871 --- [auth-service] [nio-8084-exec-2] o.s.security.web.FilterChainProxy        : Secured POST /api/auth/register
2025-11-20T20:03:04.928+01:00  INFO 50871 --- [auth-service] [nio-8084-exec-2] c.b.auth.controller.AuthController       : POST /api/auth/register - Email: dual_test_1763665384@balconazo.com
2025-11-20T20:03:04.929+01:00  INFO 50871 --- [auth-service] [nio-8084-exec-2] com.balconazo.auth.service.AuthService   : Registrando nuevo usuario: dual_test_1763665384@balconazo.com
2025-11-20T20:03:04.929+01:00 DEBUG 50871 --- [auth-service] [nio-8084-exec-2] org.hibernate.SQL                        : 
    select
        u1_0.id 
    from
        users u1_0 
    where
        u1_0.email=? 
    limit
        ?
Hibernate: 
    select
        u1_0.id 
    from
        users u1_0 
    where
        u1_0.email=? 
    limit
        ?
2025-11-20T20:03:05.011+01:00  INFO 50871 --- [auth-service] [nio-8084-exec-2] com.balconazo.auth.service.AuthService   : Usuario registrado exitosamente con ID: 8c942c03-9c3c-4cf3-8952-0aefdad02efc (isHost=false, isGuest=true)
2025-11-20T20:03:05.011+01:00 DEBUG 50871 --- [auth-service] [nio-8084-exec-2] org.hibernate.SQL                        : 
    insert 
    into
        users
        (active, created_at, email, is_guest, is_host, name, password_hash, phone, profile_image_url, updated_at, id) 
    values
        (?, ?, ?, ?, ?, ?, ?, ?, ?, ?, ?)
Hibernate: 
    insert 
    into
        users
        (active, created_at, email, is_guest, is_host, name, password_hash, phone, profile_image_url, updated_at, id) 
    values
        (?, ?, ?, ?, ?, ?, ?, ?, ?, ?, ?)
2025-11-20T20:03:05.063+01:00 DEBUG 50871 --- [auth-service] [nio-8084-exec-3] o.s.security.web.FilterChainProxy        : Securing POST /api/auth/login
2025-11-20T20:03:05.063+01:00 DEBUG 50871 --- [auth-service] [nio-8084-exec-3] o.s.s.w.a.AnonymousAuthenticationFilter  : Set SecurityContextHolder to anonymous SecurityContext
2025-11-20T20:03:05.063+01:00 DEBUG 50871 --- [auth-service] [nio-8084-exec-3] o.s.security.web.FilterChainProxy        : Secured POST /api/auth/login
2025-11-20T20:03:05.064+01:00  INFO 50871 --- [auth-service] [nio-8084-exec-3] c.b.auth.controller.AuthController       : POST /api/auth/login - Email: dual_test_1763665384@balconazo.com
2025-11-20T20:03:05.065+01:00  INFO 50871 --- [auth-service] [nio-8084-exec-3] com.balconazo.auth.service.AuthService   : Intento de login para: dual_test_1763665384@balconazo.com
2025-11-20T20:03:05.066+01:00 DEBUG 50871 --- [auth-service] [nio-8084-exec-3] org.hibernate.SQL                        : 
    select
        u1_0.id,
        u1_0.active,
        u1_0.created_at,
        u1_0.email,
        u1_0.is_guest,
        u1_0.is_host,
        u1_0.name,
        u1_0.password_hash,
        u1_0.phone,
        u1_0.profile_image_url,
        u1_0.updated_at 
    from
        users u1_0 
    where
        u1_0.email=?
Hibernate: 
    select
        u1_0.id,
        u1_0.active,
        u1_0.created_at,
        u1_0.email,
        u1_0.is_guest,
        u1_0.is_host,
        u1_0.name,
        u1_0.password_hash,
        u1_0.phone,
        u1_0.profile_image_url,
        u1_0.updated_at 
    from
        users u1_0 
    where
        u1_0.email=?
2025-11-20T20:03:05.144+01:00  INFO 50871 --- [auth-service] [nio-8084-exec-3] com.balconazo.auth.service.AuthService   : Login exitoso para usuario: dual_test_1763665384@balconazo.com (isHost=false, isGuest=true)
2025-11-20T20:03:05.144+01:00 DEBUG 50871 --- [auth-service] [nio-8084-exec-3] org.hibernate.SQL                        : 
    insert 
    into
        refresh_tokens
        (created_at, expires_at, token, user_id, id) 
    values
        (?, ?, ?, ?, ?)
Hibernate: 
    insert 
    into
        refresh_tokens
        (created_at, expires_at, token, user_id, id) 
    values
        (?, ?, ?, ?, ?)
2025-11-20T20:03:05.195+01:00 DEBUG 50871 --- [auth-service] [nio-8084-exec-4] o.s.security.web.FilterChainProxy        : Securing GET /api/auth/me
2025-11-20T20:03:05.195+01:00 DEBUG 50871 --- [auth-service] [nio-8084-exec-4] o.s.s.w.a.AnonymousAuthenticationFilter  : Set SecurityContextHolder to anonymous SecurityContext
2025-11-20T20:03:05.196+01:00 DEBUG 50871 --- [auth-service] [nio-8084-exec-4] o.s.security.web.FilterChainProxy        : Secured GET /api/auth/me
2025-11-20T20:03:05.202+01:00  INFO 50871 --- [auth-service] [nio-8084-exec-4] c.b.auth.controller.AuthController       : GET /api/auth/me - UserId: 6d59bb8d-2dd9-4f18-8f52-7b7cacfc0ee1
2025-11-20T20:03:05.205+01:00 DEBUG 50871 --- [auth-service] [nio-8084-exec-4] org.hibernate.SQL                        : 
    select
        u1_0.id,
        u1_0.active,
        u1_0.created_at,
        u1_0.email,
        u1_0.is_guest,
        u1_0.is_host,
        u1_0.name,
        u1_0.password_hash,
        u1_0.phone,
        u1_0.profile_image_url,
        u1_0.updated_at 
    from
        users u1_0 
    where
        u1_0.id=?
Hibernate: 
    select
        u1_0.id,
        u1_0.active,
        u1_0.created_at,
        u1_0.email,
        u1_0.is_guest,
        u1_0.is_host,
        u1_0.name,
        u1_0.password_hash,
        u1_0.phone,
        u1_0.profile_image_url,
        u1_0.updated_at 
    from
        users u1_0 
    where
        u1_0.id=?
2025-11-20T20:03:05.251+01:00 DEBUG 50871 --- [auth-service] [nio-8084-exec-5] o.s.security.web.FilterChainProxy        : Securing GET /api/auth/me
2025-11-20T20:03:05.251+01:00 DEBUG 50871 --- [auth-service] [nio-8084-exec-5] o.s.s.w.a.AnonymousAuthenticationFilter  : Set SecurityContextHolder to anonymous SecurityContext
2025-11-20T20:03:05.251+01:00 DEBUG 50871 --- [auth-service] [nio-8084-exec-5] o.s.security.web.FilterChainProxy        : Secured GET /api/auth/me
2025-11-20T20:03:05.252+01:00  INFO 50871 --- [auth-service] [nio-8084-exec-5] c.b.auth.controller.AuthController       : GET /api/auth/me - UserId: d99f03e5-1055-4fe8-83a9-62c7a94b5739
2025-11-20T20:03:05.254+01:00 DEBUG 50871 --- [auth-service] [nio-8084-exec-5] org.hibernate.SQL                        : 
    select
        u1_0.id,
        u1_0.active,
        u1_0.created_at,
        u1_0.email,
        u1_0.is_guest,
        u1_0.is_host,
        u1_0.name,
        u1_0.password_hash,
        u1_0.phone,
        u1_0.profile_image_url,
        u1_0.updated_at 
    from
        users u1_0 
    where
        u1_0.id=?
Hibernate: 
    select
        u1_0.id,
        u1_0.active,
        u1_0.created_at,
        u1_0.email,
        u1_0.is_guest,
        u1_0.is_host,
        u1_0.name,
        u1_0.password_hash,
        u1_0.phone,
        u1_0.profile_image_url,
        u1_0.updated_at 
    from
        users u1_0 
    where
        u1_0.id=?
2025-11-20T20:03:05.292+01:00 DEBUG 50871 --- [auth-service] [nio-8084-exec-6] o.s.security.web.FilterChainProxy        : Securing GET /api/auth/me
2025-11-20T20:03:05.292+01:00 DEBUG 50871 --- [auth-service] [nio-8084-exec-6] o.s.s.w.a.AnonymousAuthenticationFilter  : Set SecurityContextHolder to anonymous SecurityContext
2025-11-20T20:03:05.293+01:00 DEBUG 50871 --- [auth-service] [nio-8084-exec-6] o.s.security.web.FilterChainProxy        : Secured GET /api/auth/me
2025-11-20T20:03:05.293+01:00  WARN 50871 --- [auth-service] [nio-8084-exec-6] c.b.auth.controller.AuthController       : GET /api/auth/me called without valid authentication
2025-11-20T20:03:07.466+01:00 DEBUG 50871 --- [auth-service] [nio-8084-exec-7] o.s.security.web.FilterChainProxy        : Securing GET /api/auth/me
2025-11-20T20:03:07.466+01:00 DEBUG 50871 --- [auth-service] [nio-8084-exec-7] o.s.s.w.a.AnonymousAuthenticationFilter  : Set SecurityContextHolder to anonymous SecurityContext
2025-11-20T20:03:07.466+01:00 DEBUG 50871 --- [auth-service] [nio-8084-exec-7] o.s.security.web.FilterChainProxy        : Secured GET /api/auth/me
2025-11-20T20:03:07.468+01:00  INFO 50871 --- [auth-service] [nio-8084-exec-7] c.b.auth.controller.AuthController       : GET /api/auth/me - UserId: 6d59bb8d-2dd9-4f18-8f52-7b7cacfc0ee1
2025-11-20T20:03:07.470+01:00 DEBUG 50871 --- [auth-service] [nio-8084-exec-7] org.hibernate.SQL                        : 
    select
        u1_0.id,
        u1_0.active,
        u1_0.created_at,
        u1_0.email,
        u1_0.is_guest,
        u1_0.is_host,
        u1_0.name,
        u1_0.password_hash,
        u1_0.phone,
        u1_0.profile_image_url,
        u1_0.updated_at 
    from
        users u1_0 
    where
        u1_0.id=?
Hibernate: 
    select
        u1_0.id,
        u1_0.active,
        u1_0.created_at,
        u1_0.email,
        u1_0.is_guest,
        u1_0.is_host,
        u1_0.name,
        u1_0.password_hash,
        u1_0.phone,
        u1_0.profile_image_url,
        u1_0.updated_at 
    from
        users u1_0 
    where
        u1_0.id=?
2025-11-20T20:03:09.664+01:00 DEBUG 50871 --- [auth-service] [nio-8084-exec-8] o.s.security.web.FilterChainProxy        : Securing GET /api/auth/me
2025-11-20T20:03:09.666+01:00 DEBUG 50871 --- [auth-service] [nio-8084-exec-8] o.s.s.w.a.AnonymousAuthenticationFilter  : Set SecurityContextHolder to anonymous SecurityContext
2025-11-20T20:03:09.667+01:00 DEBUG 50871 --- [auth-service] [nio-8084-exec-8] o.s.security.web.FilterChainProxy        : Secured GET /api/auth/me
2025-11-20T20:03:09.676+01:00  INFO 50871 --- [auth-service] [nio-8084-exec-8] c.b.auth.controller.AuthController       : GET /api/auth/me - UserId: d99f03e5-1055-4fe8-83a9-62c7a94b5739
2025-11-20T20:03:09.683+01:00 DEBUG 50871 --- [auth-service] [nio-8084-exec-8] org.hibernate.SQL                        : 
    select
        u1_0.id,
        u1_0.active,
        u1_0.created_at,
        u1_0.email,
        u1_0.is_guest,
        u1_0.is_host,
        u1_0.name,
        u1_0.password_hash,
        u1_0.phone,
        u1_0.profile_image_url,
        u1_0.updated_at 
    from
        users u1_0 
    where
        u1_0.id=?
Hibernate: 
    select
        u1_0.id,
        u1_0.active,
        u1_0.created_at,
        u1_0.email,
        u1_0.is_guest,
        u1_0.is_host,
        u1_0.name,
        u1_0.password_hash,
        u1_0.phone,
        u1_0.profile_image_url,
        u1_0.updated_at 
    from
        users u1_0 
    where
        u1_0.id=?
2025-11-20T20:03:48.036+01:00 DEBUG 50871 --- [auth-service] [nio-8084-exec-9] o.s.security.web.FilterChainProxy        : Securing POST /api/auth/register
2025-11-20T20:03:48.041+01:00 DEBUG 50871 --- [auth-service] [nio-8084-exec-9] o.s.s.w.a.AnonymousAuthenticationFilter  : Set SecurityContextHolder to anonymous SecurityContext
2025-11-20T20:03:48.041+01:00 DEBUG 50871 --- [auth-service] [nio-8084-exec-9] o.s.security.web.FilterChainProxy        : Secured POST /api/auth/register
2025-11-20T20:03:48.047+01:00  INFO 50871 --- [auth-service] [nio-8084-exec-9] c.b.auth.controller.AuthController       : POST /api/auth/register - Email: host_test_1763665427@balconazo.com
2025-11-20T20:03:48.055+01:00  INFO 50871 --- [auth-service] [nio-8084-exec-9] com.balconazo.auth.service.AuthService   : Registrando nuevo usuario: host_test_1763665427@balconazo.com
2025-11-20T20:03:48.062+01:00 DEBUG 50871 --- [auth-service] [nio-8084-exec-9] org.hibernate.SQL                        : 
    select
        u1_0.id 
    from
        users u1_0 
    where
        u1_0.email=? 
    limit
        ?
Hibernate: 
    select
        u1_0.id 
    from
        users u1_0 
    where
        u1_0.email=? 
    limit
        ?
2025-11-20T20:03:48.152+01:00  INFO 50871 --- [auth-service] [nio-8084-exec-9] com.balconazo.auth.service.AuthService   : Usuario registrado exitosamente con ID: 976c53dc-692f-479c-8674-032e2044179f (isHost=false, isGuest=true)
2025-11-20T20:03:48.152+01:00 DEBUG 50871 --- [auth-service] [nio-8084-exec-9] org.hibernate.SQL                        : 
    insert 
    into
        users
        (active, created_at, email, is_guest, is_host, name, password_hash, phone, profile_image_url, updated_at, id) 
    values
        (?, ?, ?, ?, ?, ?, ?, ?, ?, ?, ?)
Hibernate: 
    insert 
    into
        users
        (active, created_at, email, is_guest, is_host, name, password_hash, phone, profile_image_url, updated_at, id) 
    values
        (?, ?, ?, ?, ?, ?, ?, ?, ?, ?, ?)
2025-11-20T20:03:48.219+01:00 DEBUG 50871 --- [auth-service] [io-8084-exec-10] o.s.security.web.FilterChainProxy        : Securing POST /api/auth/login
2025-11-20T20:03:48.219+01:00 DEBUG 50871 --- [auth-service] [io-8084-exec-10] o.s.s.w.a.AnonymousAuthenticationFilter  : Set SecurityContextHolder to anonymous SecurityContext
2025-11-20T20:03:48.220+01:00 DEBUG 50871 --- [auth-service] [io-8084-exec-10] o.s.security.web.FilterChainProxy        : Secured POST /api/auth/login
2025-11-20T20:03:48.220+01:00  INFO 50871 --- [auth-service] [io-8084-exec-10] c.b.auth.controller.AuthController       : POST /api/auth/login - Email: host_test_1763665427@balconazo.com
2025-11-20T20:03:48.222+01:00  INFO 50871 --- [auth-service] [io-8084-exec-10] com.balconazo.auth.service.AuthService   : Intento de login para: host_test_1763665427@balconazo.com
2025-11-20T20:03:48.222+01:00 DEBUG 50871 --- [auth-service] [io-8084-exec-10] org.hibernate.SQL                        : 
    select
        u1_0.id,
        u1_0.active,
        u1_0.created_at,
        u1_0.email,
        u1_0.is_guest,
        u1_0.is_host,
        u1_0.name,
        u1_0.password_hash,
        u1_0.phone,
        u1_0.profile_image_url,
        u1_0.updated_at 
    from
        users u1_0 
    where
        u1_0.email=?
Hibernate: 
    select
        u1_0.id,
        u1_0.active,
        u1_0.created_at,
        u1_0.email,
        u1_0.is_guest,
        u1_0.is_host,
        u1_0.name,
        u1_0.password_hash,
        u1_0.phone,
        u1_0.profile_image_url,
        u1_0.updated_at 
    from
        users u1_0 
    where
        u1_0.email=?
2025-11-20T20:03:48.305+01:00  INFO 50871 --- [auth-service] [io-8084-exec-10] com.balconazo.auth.service.AuthService   : Login exitoso para usuario: host_test_1763665427@balconazo.com (isHost=false, isGuest=true)
2025-11-20T20:03:48.305+01:00 DEBUG 50871 --- [auth-service] [io-8084-exec-10] org.hibernate.SQL                        : 
    insert 
    into
        refresh_tokens
        (created_at, expires_at, token, user_id, id) 
    values
        (?, ?, ?, ?, ?)
Hibernate: 
    insert 
    into
        refresh_tokens
        (created_at, expires_at, token, user_id, id) 
    values
        (?, ?, ?, ?, ?)
2025-11-20T20:03:48.352+01:00 DEBUG 50871 --- [auth-service] [nio-8084-exec-1] o.s.security.web.FilterChainProxy        : Securing POST /api/auth/register
2025-11-20T20:03:48.352+01:00 DEBUG 50871 --- [auth-service] [nio-8084-exec-1] o.s.s.w.a.AnonymousAuthenticationFilter  : Set SecurityContextHolder to anonymous SecurityContext
2025-11-20T20:03:48.353+01:00 DEBUG 50871 --- [auth-service] [nio-8084-exec-1] o.s.security.web.FilterChainProxy        : Secured POST /api/auth/register
2025-11-20T20:03:48.353+01:00  INFO 50871 --- [auth-service] [nio-8084-exec-1] c.b.auth.controller.AuthController       : POST /api/auth/register - Email: guest_test_1763665427@balconazo.com
2025-11-20T20:03:48.354+01:00  INFO 50871 --- [auth-service] [nio-8084-exec-1] com.balconazo.auth.service.AuthService   : Registrando nuevo usuario: guest_test_1763665427@balconazo.com
2025-11-20T20:03:48.355+01:00 DEBUG 50871 --- [auth-service] [nio-8084-exec-1] org.hibernate.SQL                        : 
    select
        u1_0.id 
    from
        users u1_0 
    where
        u1_0.email=? 
    limit
        ?
Hibernate: 
    select
        u1_0.id 
    from
        users u1_0 
    where
        u1_0.email=? 
    limit
        ?
2025-11-20T20:03:48.435+01:00  INFO 50871 --- [auth-service] [nio-8084-exec-1] com.balconazo.auth.service.AuthService   : Usuario registrado exitosamente con ID: 1678987b-5457-49de-a8fa-974344ea8949 (isHost=false, isGuest=true)
2025-11-20T20:03:48.435+01:00 DEBUG 50871 --- [auth-service] [nio-8084-exec-1] org.hibernate.SQL                        : 
    insert 
    into
        users
        (active, created_at, email, is_guest, is_host, name, password_hash, phone, profile_image_url, updated_at, id) 
    values
        (?, ?, ?, ?, ?, ?, ?, ?, ?, ?, ?)
Hibernate: 
    insert 
    into
        users
        (active, created_at, email, is_guest, is_host, name, password_hash, phone, profile_image_url, updated_at, id) 
    values
        (?, ?, ?, ?, ?, ?, ?, ?, ?, ?, ?)
2025-11-20T20:03:48.482+01:00 DEBUG 50871 --- [auth-service] [nio-8084-exec-2] o.s.security.web.FilterChainProxy        : Securing POST /api/auth/login
2025-11-20T20:03:48.483+01:00 DEBUG 50871 --- [auth-service] [nio-8084-exec-2] o.s.s.w.a.AnonymousAuthenticationFilter  : Set SecurityContextHolder to anonymous SecurityContext
2025-11-20T20:03:48.483+01:00 DEBUG 50871 --- [auth-service] [nio-8084-exec-2] o.s.security.web.FilterChainProxy        : Secured POST /api/auth/login
2025-11-20T20:03:48.483+01:00  INFO 50871 --- [auth-service] [nio-8084-exec-2] c.b.auth.controller.AuthController       : POST /api/auth/login - Email: guest_test_1763665427@balconazo.com
2025-11-20T20:03:48.484+01:00  INFO 50871 --- [auth-service] [nio-8084-exec-2] com.balconazo.auth.service.AuthService   : Intento de login para: guest_test_1763665427@balconazo.com
2025-11-20T20:03:48.485+01:00 DEBUG 50871 --- [auth-service] [nio-8084-exec-2] org.hibernate.SQL                        : 
    select
        u1_0.id,
        u1_0.active,
        u1_0.created_at,
        u1_0.email,
        u1_0.is_guest,
        u1_0.is_host,
        u1_0.name,
        u1_0.password_hash,
        u1_0.phone,
        u1_0.profile_image_url,
        u1_0.updated_at 
    from
        users u1_0 
    where
        u1_0.email=?
Hibernate: 
    select
        u1_0.id,
        u1_0.active,
        u1_0.created_at,
        u1_0.email,
        u1_0.is_guest,
        u1_0.is_host,
        u1_0.name,
        u1_0.password_hash,
        u1_0.phone,
        u1_0.profile_image_url,
        u1_0.updated_at 
    from
        users u1_0 
    where
        u1_0.email=?
2025-11-20T20:03:48.564+01:00  INFO 50871 --- [auth-service] [nio-8084-exec-2] com.balconazo.auth.service.AuthService   : Login exitoso para usuario: guest_test_1763665427@balconazo.com (isHost=false, isGuest=true)
2025-11-20T20:03:48.565+01:00 DEBUG 50871 --- [auth-service] [nio-8084-exec-2] org.hibernate.SQL                        : 
    insert 
    into
        refresh_tokens
        (created_at, expires_at, token, user_id, id) 
    values
        (?, ?, ?, ?, ?)
Hibernate: 
    insert 
    into
        refresh_tokens
        (created_at, expires_at, token, user_id, id) 
    values
        (?, ?, ?, ?, ?)
2025-11-20T20:03:48.622+01:00 DEBUG 50871 --- [auth-service] [nio-8084-exec-3] o.s.security.web.FilterChainProxy        : Securing POST /api/auth/register
2025-11-20T20:03:48.622+01:00 DEBUG 50871 --- [auth-service] [nio-8084-exec-3] o.s.s.w.a.AnonymousAuthenticationFilter  : Set SecurityContextHolder to anonymous SecurityContext
2025-11-20T20:03:48.622+01:00 DEBUG 50871 --- [auth-service] [nio-8084-exec-3] o.s.security.web.FilterChainProxy        : Secured POST /api/auth/register
2025-11-20T20:03:48.623+01:00  INFO 50871 --- [auth-service] [nio-8084-exec-3] c.b.auth.controller.AuthController       : POST /api/auth/register - Email: dual_test_1763665427@balconazo.com
2025-11-20T20:03:48.624+01:00  INFO 50871 --- [auth-service] [nio-8084-exec-3] com.balconazo.auth.service.AuthService   : Registrando nuevo usuario: dual_test_1763665427@balconazo.com
2025-11-20T20:03:48.625+01:00 DEBUG 50871 --- [auth-service] [nio-8084-exec-3] org.hibernate.SQL                        : 
    select
        u1_0.id 
    from
        users u1_0 
    where
        u1_0.email=? 
    limit
        ?
Hibernate: 
    select
        u1_0.id 
    from
        users u1_0 
    where
        u1_0.email=? 
    limit
        ?
2025-11-20T20:03:48.704+01:00  INFO 50871 --- [auth-service] [nio-8084-exec-3] com.balconazo.auth.service.AuthService   : Usuario registrado exitosamente con ID: 24186b30-3423-41b2-b99a-a167ea661bad (isHost=false, isGuest=true)
2025-11-20T20:03:48.704+01:00 DEBUG 50871 --- [auth-service] [nio-8084-exec-3] org.hibernate.SQL                        : 
    insert 
    into
        users
        (active, created_at, email, is_guest, is_host, name, password_hash, phone, profile_image_url, updated_at, id) 
    values
        (?, ?, ?, ?, ?, ?, ?, ?, ?, ?, ?)
Hibernate: 
    insert 
    into
        users
        (active, created_at, email, is_guest, is_host, name, password_hash, phone, profile_image_url, updated_at, id) 
    values
        (?, ?, ?, ?, ?, ?, ?, ?, ?, ?, ?)
2025-11-20T20:03:48.754+01:00 DEBUG 50871 --- [auth-service] [nio-8084-exec-4] o.s.security.web.FilterChainProxy        : Securing POST /api/auth/login
2025-11-20T20:03:48.754+01:00 DEBUG 50871 --- [auth-service] [nio-8084-exec-4] o.s.s.w.a.AnonymousAuthenticationFilter  : Set SecurityContextHolder to anonymous SecurityContext
2025-11-20T20:03:48.754+01:00 DEBUG 50871 --- [auth-service] [nio-8084-exec-4] o.s.security.web.FilterChainProxy        : Secured POST /api/auth/login
2025-11-20T20:03:48.755+01:00  INFO 50871 --- [auth-service] [nio-8084-exec-4] c.b.auth.controller.AuthController       : POST /api/auth/login - Email: dual_test_1763665427@balconazo.com
2025-11-20T20:03:48.756+01:00  INFO 50871 --- [auth-service] [nio-8084-exec-4] com.balconazo.auth.service.AuthService   : Intento de login para: dual_test_1763665427@balconazo.com
2025-11-20T20:03:48.756+01:00 DEBUG 50871 --- [auth-service] [nio-8084-exec-4] org.hibernate.SQL                        : 
    select
        u1_0.id,
        u1_0.active,
        u1_0.created_at,
        u1_0.email,
        u1_0.is_guest,
        u1_0.is_host,
        u1_0.name,
        u1_0.password_hash,
        u1_0.phone,
        u1_0.profile_image_url,
        u1_0.updated_at 
    from
        users u1_0 
    where
        u1_0.email=?
Hibernate: 
    select
        u1_0.id,
        u1_0.active,
        u1_0.created_at,
        u1_0.email,
        u1_0.is_guest,
        u1_0.is_host,
        u1_0.name,
        u1_0.password_hash,
        u1_0.phone,
        u1_0.profile_image_url,
        u1_0.updated_at 
    from
        users u1_0 
    where
        u1_0.email=?
2025-11-20T20:03:48.842+01:00  INFO 50871 --- [auth-service] [nio-8084-exec-4] com.balconazo.auth.service.AuthService   : Login exitoso para usuario: dual_test_1763665427@balconazo.com (isHost=false, isGuest=true)
2025-11-20T20:03:48.842+01:00 DEBUG 50871 --- [auth-service] [nio-8084-exec-4] org.hibernate.SQL                        : 
    insert 
    into
        refresh_tokens
        (created_at, expires_at, token, user_id, id) 
    values
        (?, ?, ?, ?, ?)
Hibernate: 
    insert 
    into
        refresh_tokens
        (created_at, expires_at, token, user_id, id) 
    values
        (?, ?, ?, ?, ?)
2025-11-20T20:03:48.888+01:00 DEBUG 50871 --- [auth-service] [nio-8084-exec-5] o.s.security.web.FilterChainProxy        : Securing GET /api/auth/me
2025-11-20T20:03:48.888+01:00 DEBUG 50871 --- [auth-service] [nio-8084-exec-5] o.s.s.w.a.AnonymousAuthenticationFilter  : Set SecurityContextHolder to anonymous SecurityContext
2025-11-20T20:03:48.888+01:00 DEBUG 50871 --- [auth-service] [nio-8084-exec-5] o.s.security.web.FilterChainProxy        : Secured GET /api/auth/me
2025-11-20T20:03:48.890+01:00  INFO 50871 --- [auth-service] [nio-8084-exec-5] c.b.auth.controller.AuthController       : GET /api/auth/me - UserId: 976c53dc-692f-479c-8674-032e2044179f
2025-11-20T20:03:48.891+01:00 DEBUG 50871 --- [auth-service] [nio-8084-exec-5] org.hibernate.SQL                        : 
    select
        u1_0.id,
        u1_0.active,
        u1_0.created_at,
        u1_0.email,
        u1_0.is_guest,
        u1_0.is_host,
        u1_0.name,
        u1_0.password_hash,
        u1_0.phone,
        u1_0.profile_image_url,
        u1_0.updated_at 
    from
        users u1_0 
    where
        u1_0.id=?
Hibernate: 
    select
        u1_0.id,
        u1_0.active,
        u1_0.created_at,
        u1_0.email,
        u1_0.is_guest,
        u1_0.is_host,
        u1_0.name,
        u1_0.password_hash,
        u1_0.phone,
        u1_0.profile_image_url,
        u1_0.updated_at 
    from
        users u1_0 
    where
        u1_0.id=?
2025-11-20T20:03:48.939+01:00 DEBUG 50871 --- [auth-service] [nio-8084-exec-6] o.s.security.web.FilterChainProxy        : Securing GET /api/auth/me
2025-11-20T20:03:48.939+01:00 DEBUG 50871 --- [auth-service] [nio-8084-exec-6] o.s.s.w.a.AnonymousAuthenticationFilter  : Set SecurityContextHolder to anonymous SecurityContext
2025-11-20T20:03:48.939+01:00 DEBUG 50871 --- [auth-service] [nio-8084-exec-6] o.s.security.web.FilterChainProxy        : Secured GET /api/auth/me
2025-11-20T20:03:48.940+01:00  INFO 50871 --- [auth-service] [nio-8084-exec-6] c.b.auth.controller.AuthController       : GET /api/auth/me - UserId: 1678987b-5457-49de-a8fa-974344ea8949
2025-11-20T20:03:48.942+01:00 DEBUG 50871 --- [auth-service] [nio-8084-exec-6] org.hibernate.SQL                        : 
    select
        u1_0.id,
        u1_0.active,
        u1_0.created_at,
        u1_0.email,
        u1_0.is_guest,
        u1_0.is_host,
        u1_0.name,
        u1_0.password_hash,
        u1_0.phone,
        u1_0.profile_image_url,
        u1_0.updated_at 
    from
        users u1_0 
    where
        u1_0.id=?
Hibernate: 
    select
        u1_0.id,
        u1_0.active,
        u1_0.created_at,
        u1_0.email,
        u1_0.is_guest,
        u1_0.is_host,
        u1_0.name,
        u1_0.password_hash,
        u1_0.phone,
        u1_0.profile_image_url,
        u1_0.updated_at 
    from
        users u1_0 
    where
        u1_0.id=?
2025-11-20T20:03:48.987+01:00 DEBUG 50871 --- [auth-service] [nio-8084-exec-7] o.s.security.web.FilterChainProxy        : Securing GET /api/auth/me
2025-11-20T20:03:48.987+01:00 DEBUG 50871 --- [auth-service] [nio-8084-exec-7] o.s.s.w.a.AnonymousAuthenticationFilter  : Set SecurityContextHolder to anonymous SecurityContext
2025-11-20T20:03:48.987+01:00 DEBUG 50871 --- [auth-service] [nio-8084-exec-7] o.s.security.web.FilterChainProxy        : Secured GET /api/auth/me
2025-11-20T20:03:48.988+01:00  WARN 50871 --- [auth-service] [nio-8084-exec-7] c.b.auth.controller.AuthController       : GET /api/auth/me called without valid authentication
2025-11-20T20:03:51.195+01:00 DEBUG 50871 --- [auth-service] [nio-8084-exec-8] o.s.security.web.FilterChainProxy        : Securing GET /api/auth/me
2025-11-20T20:03:51.196+01:00 DEBUG 50871 --- [auth-service] [nio-8084-exec-8] o.s.s.w.a.AnonymousAuthenticationFilter  : Set SecurityContextHolder to anonymous SecurityContext
2025-11-20T20:03:51.199+01:00 DEBUG 50871 --- [auth-service] [nio-8084-exec-8] o.s.security.web.FilterChainProxy        : Secured GET /api/auth/me
2025-11-20T20:03:51.205+01:00  INFO 50871 --- [auth-service] [nio-8084-exec-8] c.b.auth.controller.AuthController       : GET /api/auth/me - UserId: 976c53dc-692f-479c-8674-032e2044179f
2025-11-20T20:03:51.220+01:00 DEBUG 50871 --- [auth-service] [nio-8084-exec-8] org.hibernate.SQL                        : 
    select
        u1_0.id,
        u1_0.active,
        u1_0.created_at,
        u1_0.email,
        u1_0.is_guest,
        u1_0.is_host,
        u1_0.name,
        u1_0.password_hash,
        u1_0.phone,
        u1_0.profile_image_url,
        u1_0.updated_at 
    from
        users u1_0 
    where
        u1_0.id=?
Hibernate: 
    select
        u1_0.id,
        u1_0.active,
        u1_0.created_at,
        u1_0.email,
        u1_0.is_guest,
        u1_0.is_host,
        u1_0.name,
        u1_0.password_hash,
        u1_0.phone,
        u1_0.profile_image_url,
        u1_0.updated_at 
    from
        users u1_0 
    where
        u1_0.id=?
2025-11-20T20:03:53.440+01:00 DEBUG 50871 --- [auth-service] [nio-8084-exec-9] o.s.security.web.FilterChainProxy        : Securing GET /api/auth/me
2025-11-20T20:03:53.440+01:00 DEBUG 50871 --- [auth-service] [nio-8084-exec-9] o.s.s.w.a.AnonymousAuthenticationFilter  : Set SecurityContextHolder to anonymous SecurityContext
2025-11-20T20:03:53.440+01:00 DEBUG 50871 --- [auth-service] [nio-8084-exec-9] o.s.security.web.FilterChainProxy        : Secured GET /api/auth/me
2025-11-20T20:03:53.443+01:00  INFO 50871 --- [auth-service] [nio-8084-exec-9] c.b.auth.controller.AuthController       : GET /api/auth/me - UserId: 1678987b-5457-49de-a8fa-974344ea8949
2025-11-20T20:03:53.447+01:00 DEBUG 50871 --- [auth-service] [nio-8084-exec-9] org.hibernate.SQL                        : 
    select
        u1_0.id,
        u1_0.active,
        u1_0.created_at,
        u1_0.email,
        u1_0.is_guest,
        u1_0.is_host,
        u1_0.name,
        u1_0.password_hash,
        u1_0.phone,
        u1_0.profile_image_url,
        u1_0.updated_at 
    from
        users u1_0 
    where
        u1_0.id=?
Hibernate: 
    select
        u1_0.id,
        u1_0.active,
        u1_0.created_at,
        u1_0.email,
        u1_0.is_guest,
        u1_0.is_host,
        u1_0.name,
        u1_0.password_hash,
        u1_0.phone,
        u1_0.profile_image_url,
        u1_0.updated_at 
    from
        users u1_0 
    where
        u1_0.id=?
2025-11-20T20:04:33.575+01:00  INFO 50871 --- [auth-service] [ionShutdownHook] o.s.c.n.e.s.EurekaServiceRegistry        : Unregistering application AUTH-SERVICE with eureka with status DOWN
2025-11-20T20:04:33.576+01:00  INFO 50871 --- [auth-service] [ionShutdownHook] com.netflix.discovery.DiscoveryClient    : Saw local status change event StatusChangeEvent [timestamp=1763665473576, current=DOWN, previous=UP]
2025-11-20T20:04:33.576+01:00  INFO 50871 --- [auth-service] [foReplicator-%d] com.netflix.discovery.DiscoveryClient    : DiscoveryClient_AUTH-SERVICE/192.168.0.100:auth-service:8084: registering service...
2025-11-20T20:04:33.614+01:00  INFO 50871 --- [auth-service] [ionShutdownHook] o.s.b.w.e.tomcat.GracefulShutdown        : Commencing graceful shutdown. Waiting for active requests to complete
2025-11-20T20:04:33.618+01:00  INFO 50871 --- [auth-service] [foReplicator-%d] com.netflix.discovery.DiscoveryClient    : DiscoveryClient_AUTH-SERVICE/192.168.0.100:auth-service:8084 - registration status: 204
2025-11-20T20:04:33.621+01:00  INFO 50871 --- [auth-service] [tomcat-shutdown] o.s.b.w.e.tomcat.GracefulShutdown        : Graceful shutdown complete
2025-11-20T20:04:33.646+01:00  INFO 50871 --- [auth-service] [ionShutdownHook] j.LocalContainerEntityManagerFactoryBean : Closing JPA EntityManagerFactory for persistence unit 'default'
2025-11-20T20:04:33.666+01:00  INFO 50871 --- [auth-service] [ionShutdownHook] com.zaxxer.hikari.HikariDataSource       : HikariPool-1 - Shutdown initiated...
2025-11-20T20:04:33.668+01:00  INFO 50871 --- [auth-service] [ionShutdownHook] com.zaxxer.hikari.HikariDataSource       : HikariPool-1 - Shutdown completed.
2025-11-20T20:04:33.669+01:00  INFO 50871 --- [auth-service] [ionShutdownHook] com.netflix.discovery.DiscoveryClient    : Shutting down DiscoveryClient ...
2025-11-20T20:04:36.675+01:00  INFO 50871 --- [auth-service] [ionShutdownHook] com.netflix.discovery.DiscoveryClient    : Unregistering ...
2025-11-20T20:04:36.695+01:00  INFO 50871 --- [auth-service] [ionShutdownHook] com.netflix.discovery.DiscoveryClient    : DiscoveryClient_AUTH-SERVICE/192.168.0.100:auth-service:8084 - deregister  status: 200
2025-11-20T20:04:36.695+01:00  INFO 50871 --- [auth-service] [ionShutdownHook] com.netflix.discovery.DiscoveryClient    : Completed shut down of DiscoveryClient
