
  .   ____          _            __ _ _
 /\\ / ___'_ __ _ _(_)_ __  __ _ \ \ \ \
( ( )\___ | '_ | '_| | '_ \/ _` | \ \ \ \
 \\/  ___)| |_)| | | | | || (_| |  ) ) ) )
  '  |____| .__|_| |_|_| |_\__, | / / / /
 =========|_|==============|___/=/_/_/_/

 :: Spring Boot ::                (v3.5.7)

2025-11-20 20:27:12 - Starting CatalogMicroserviceApplication v0.0.1-SNAPSHOT using Java 21.0.6 with PID 25877 (/Users/angel/Desktop/BalconazoApp/catalog_microservice/target/catalog_microservice-0.0.1-SNAPSHOT.jar started by angel in /Users/angel/Desktop/BalconazoApp)
2025-11-20 20:27:12 - No active profile set, falling back to 1 default profile: "default"
2025-11-20 20:27:12 - Multiple Spring Data modules found, entering strict repository configuration mode
2025-11-20 20:27:12 - Bootstrapping Spring Data JPA repositories in DEFAULT mode.
2025-11-20 20:27:13 - Finished Spring Data repository scanning in 82 ms. Found 5 JPA repository interfaces.
2025-11-20 20:27:13 - BeanFactory id=d06ba4df-88be-354c-bca4-cf1a91ed87dc
2025-11-20 20:27:13 - Tomcat initialized with port 8085 (http)
2025-11-20 20:27:13 - Starting service [Tomcat]
2025-11-20 20:27:13 - Starting Servlet engine: [Apache Tomcat/10.1.48]
2025-11-20 20:27:13 - Initializing Spring embedded WebApplicationContext
2025-11-20 20:27:13 - Root WebApplicationContext: initialization completed in 1701 ms
2025-11-20 20:27:14 - HHH000204: Processing PersistenceUnitInfo [name: default]
2025-11-20 20:27:14 - HHH000412: Hibernate ORM core version 6.6.33.Final
2025-11-20 20:27:14 - HHH000026: Second-level cache disabled
2025-11-20 20:27:14 - No LoadTimeWeaver setup: ignoring JPA class transformer
2025-11-20 20:27:14 - HikariPool-1 - Starting...
2025-11-20 20:27:14 - HikariPool-1 - Added connection org.postgresql.jdbc.PgConnection@4cd9ee2c
2025-11-20 20:27:14 - HikariPool-1 - Start completed.
2025-11-20 20:27:14 - HHH90000025: PostgreSQLDialect does not need to be specified explicitly using 'hibernate.dialect' (remove the property setting and it will be selected by default)
2025-11-20 20:27:14 - HHH10001005: Database info:
	Database JDBC URL [Connecting through datasource 'HikariDataSource (HikariPool-1)']
	Database driver: undefined/unknown
	Database version: 16.10
	Autocommit mode: undefined/unknown
	Isolation level: undefined/unknown
	Minimum pool size: undefined/unknown
	Maximum pool size: undefined/unknown
2025-11-20 20:27:15 - HHH000489: No JTA platform available (set 'hibernate.transaction.jta.platform' to enable JTA platform integration)
2025-11-20 20:27:15 - Initialized JPA EntityManagerFactory for persistence unit 'default'
2025-11-20 20:27:15 - ✅ Redis test -> ok
2025-11-20 20:27:15 - ✅ Redis conectado correctamente en localhost:6379
2025-11-20 20:27:15 - Hibernate is in classpath; If applicable, HQL parser will be used.
2025-11-20 20:27:16 - Exposing 4 endpoints beneath base path '/actuator'
2025-11-20 20:27:16 - 

Using generated security password: 5c15505e-6fd4-41aa-bf94-ac493fffac50

This generated password is for development use only. Your security configuration must be updated before running your application in production.

2025-11-20 20:27:16 - Global AuthenticationManager configured with UserDetailsService bean with name inMemoryUserDetailsManager
2025-11-20 20:27:17 - Eureka HTTP Client uses RestTemplate.
2025-11-20 20:27:17 - Spring Cloud LoadBalancer is currently working with the default cache. While this cache implementation is useful for development and tests, it's recommended to use Caffeine cache in production.You can switch to using Caffeine cache, by adding it and org.springframework.cache.caffeine.CaffeineCacheManager to the classpath.
2025-11-20 20:27:17 - Setting initial instance status as: STARTING
2025-11-20 20:27:17 - Initializing Eureka in region us-east-1
2025-11-20 20:27:17 - Resolving eureka endpoints via configuration
2025-11-20 20:27:17 - Disable delta property : false
2025-11-20 20:27:17 - Single vip registry refresh property : null
2025-11-20 20:27:17 - Force full registry fetch : false
2025-11-20 20:27:17 - Application is null : false
2025-11-20 20:27:17 - Registered Applications size is zero : true
2025-11-20 20:27:17 - Application version is -1: true
2025-11-20 20:27:17 - Getting all instance registry info from the eureka server
2025-11-20 20:27:17 - The response status is 200
2025-11-20 20:27:17 - Starting heartbeat executor: renew interval is: 30
2025-11-20 20:27:17 - InstanceInfoReplicator onDemand update allowed rate per min is 4
2025-11-20 20:27:17 - Discovery Client initialized at timestamp 1763666837411 with initial instances count: 5
2025-11-20 20:27:17 - Registering application CATALOG-SERVICE with eureka with status UP
2025-11-20 20:27:17 - Saw local status change event StatusChangeEvent [timestamp=1763666837414, current=UP, previous=STARTING]
2025-11-20 20:27:17 - DiscoveryClient_CATALOG-SERVICE/192.168.0.100:catalog-service:8085: registering service...
2025-11-20 20:27:17 - Tomcat started on port 8085 (http) with context path '/'
2025-11-20 20:27:17 - Updating port to 8085
2025-11-20 20:27:17 - Started CatalogMicroserviceApplication in 5.538 seconds (process running for 5.961)
2025-11-20 20:27:17 - DiscoveryClient_CATALOG-SERVICE/192.168.0.100:catalog-service:8085 - registration status: 204
2025-11-20 20:27:45 - Initializing Spring DispatcherServlet 'dispatcherServlet'
2025-11-20 20:27:45 - Initializing Servlet 'dispatcherServlet'
2025-11-20 20:27:45 - Completed initialization in 3 ms
2025-11-20 20:27:45 - AdminClientConfig values: 
	auto.include.jmx.reporter = true
	bootstrap.controllers = []
	bootstrap.servers = [localhost:9092]
	client.dns.lookup = use_all_dns_ips
	client.id = 
	connections.max.idle.ms = 300000
	default.api.timeout.ms = 60000
	enable.metrics.push = true
	metadata.max.age.ms = 300000
	metadata.recovery.strategy = none
	metric.reporters = []
	metrics.num.samples = 2
	metrics.recording.level = INFO
	metrics.sample.window.ms = 30000
	receive.buffer.bytes = 65536
	reconnect.backoff.max.ms = 1000
	reconnect.backoff.ms = 50
	request.timeout.ms = 5000
	retries = 2147483647
	retry.backoff.max.ms = 1000
	retry.backoff.ms = 100
	sasl.client.callback.handler.class = null
	sasl.jaas.config = null
	sasl.kerberos.kinit.cmd = /usr/bin/kinit
	sasl.kerberos.min.time.before.relogin = 60000
	sasl.kerberos.service.name = null
	sasl.kerberos.ticket.renew.jitter = 0.05
	sasl.kerberos.ticket.renew.window.factor = 0.8
	sasl.login.callback.handler.class = null
	sasl.login.class = null
	sasl.login.connect.timeout.ms = null
	sasl.login.read.timeout.ms = null
	sasl.login.refresh.buffer.seconds = 300
	sasl.login.refresh.min.period.seconds = 60
	sasl.login.refresh.window.factor = 0.8
	sasl.login.refresh.window.jitter = 0.05
	sasl.login.retry.backoff.max.ms = 10000
	sasl.login.retry.backoff.ms = 100
	sasl.mechanism = GSSAPI
	sasl.oauthbearer.clock.skew.seconds = 30
	sasl.oauthbearer.expected.audience = null
	sasl.oauthbearer.expected.issuer = null
	sasl.oauthbearer.header.urlencode = false
	sasl.oauthbearer.jwks.endpoint.refresh.ms = 3600000
	sasl.oauthbearer.jwks.endpoint.retry.backoff.max.ms = 10000
	sasl.oauthbearer.jwks.endpoint.retry.backoff.ms = 100
	sasl.oauthbearer.jwks.endpoint.url = null
	sasl.oauthbearer.scope.claim.name = scope
	sasl.oauthbearer.sub.claim.name = sub
	sasl.oauthbearer.token.endpoint.url = null
	security.protocol = PLAINTEXT
	security.providers = null
	send.buffer.bytes = 131072
	socket.connection.setup.timeout.max.ms = 30000
	socket.connection.setup.timeout.ms = 10000
	ssl.cipher.suites = null
	ssl.enabled.protocols = [TLSv1.2, TLSv1.3]
	ssl.endpoint.identification.algorithm = https
	ssl.engine.factory.class = null
	ssl.key.password = null
	ssl.keymanager.algorithm = SunX509
	ssl.keystore.certificate.chain = null
	ssl.keystore.key = null
	ssl.keystore.location = null
	ssl.keystore.password = null
	ssl.keystore.type = JKS
	ssl.protocol = TLSv1.3
	ssl.provider = null
	ssl.secure.random.implementation = null
	ssl.trustmanager.algorithm = PKIX
	ssl.truststore.certificates = null
	ssl.truststore.location = null
	ssl.truststore.password = null
	ssl.truststore.type = JKS

2025-11-20 20:27:45 - Kafka version: 3.9.1
2025-11-20 20:27:45 - Kafka commitId: f745dfdcee2b9851
2025-11-20 20:27:45 - Kafka startTimeMs: 1763666865258
2025-11-20 20:27:45 - App info kafka.admin.client for adminclient-1 unregistered
2025-11-20 20:27:45 - Metrics scheduler closed
2025-11-20 20:27:45 - Closing reporter org.apache.kafka.common.metrics.JmxReporter
2025-11-20 20:27:45 - Metrics reporters closed
2025-11-20 20:27:46 - Espacio creado con estado ACTIVE: 93484515-fb41-45b4-af3f-ce6a020fa3a7 por usuario: f07806de-a056-4b40-8c12-3117f1fb112d
2025-11-20 20:27:46 - Usuario f07806de-a056-4b40-8c12-3117f1fb112d promovido a host exitosamente
2025-11-20 20:27:46 - Publicando evento SpaceCreated para espacio: 93484515-fb41-45b4-af3f-ce6a020fa3a7
2025-11-20 20:27:46 - ProducerConfig values: 
	acks = -1
	auto.include.jmx.reporter = true
	batch.size = 16384
	bootstrap.servers = [localhost:9092]
	buffer.memory = 33554432
	client.dns.lookup = use_all_dns_ips
	client.id = catalog-service-producer-1
	compression.gzip.level = -1
	compression.lz4.level = 9
	compression.type = none
	compression.zstd.level = 3
	connections.max.idle.ms = 540000
	delivery.timeout.ms = 120000
	enable.idempotence = true
	enable.metrics.push = true
	interceptor.classes = []
	key.serializer = class org.apache.kafka.common.serialization.StringSerializer
	linger.ms = 0
	max.block.ms = 60000
	max.in.flight.requests.per.connection = 5
	max.request.size = 1048576
	metadata.max.age.ms = 300000
	metadata.max.idle.ms = 300000
	metadata.recovery.strategy = none
	metric.reporters = []
	metrics.num.samples = 2
	metrics.recording.level = INFO
	metrics.sample.window.ms = 30000
	partitioner.adaptive.partitioning.enable = true
	partitioner.availability.timeout.ms = 0
	partitioner.class = null
	partitioner.ignore.keys = false
	receive.buffer.bytes = 32768
	reconnect.backoff.max.ms = 1000
	reconnect.backoff.ms = 50
	request.timeout.ms = 30000
	retries = 3
	retry.backoff.max.ms = 1000
	retry.backoff.ms = 100
	sasl.client.callback.handler.class = null
	sasl.jaas.config = null
	sasl.kerberos.kinit.cmd = /usr/bin/kinit
	sasl.kerberos.min.time.before.relogin = 60000
	sasl.kerberos.service.name = null
	sasl.kerberos.ticket.renew.jitter = 0.05
	sasl.kerberos.ticket.renew.window.factor = 0.8
	sasl.login.callback.handler.class = null
	sasl.login.class = null
	sasl.login.connect.timeout.ms = null
	sasl.login.read.timeout.ms = null
	sasl.login.refresh.buffer.seconds = 300
	sasl.login.refresh.min.period.seconds = 60
	sasl.login.refresh.window.factor = 0.8
	sasl.login.refresh.window.jitter = 0.05
	sasl.login.retry.backoff.max.ms = 10000
	sasl.login.retry.backoff.ms = 100
	sasl.mechanism = GSSAPI
	sasl.oauthbearer.clock.skew.seconds = 30
	sasl.oauthbearer.expected.audience = null
	sasl.oauthbearer.expected.issuer = null
	sasl.oauthbearer.header.urlencode = false
	sasl.oauthbearer.jwks.endpoint.refresh.ms = 3600000
	sasl.oauthbearer.jwks.endpoint.retry.backoff.max.ms = 10000
	sasl.oauthbearer.jwks.endpoint.retry.backoff.ms = 100
	sasl.oauthbearer.jwks.endpoint.url = null
	sasl.oauthbearer.scope.claim.name = scope
	sasl.oauthbearer.sub.claim.name = sub
	sasl.oauthbearer.token.endpoint.url = null
	security.protocol = PLAINTEXT
	security.providers = null
	send.buffer.bytes = 131072
	socket.connection.setup.timeout.max.ms = 30000
	socket.connection.setup.timeout.ms = 10000
	ssl.cipher.suites = null
	ssl.enabled.protocols = [TLSv1.2, TLSv1.3]
	ssl.endpoint.identification.algorithm = https
	ssl.engine.factory.class = null
	ssl.key.password = null
	ssl.keymanager.algorithm = SunX509
	ssl.keystore.certificate.chain = null
	ssl.keystore.key = null
	ssl.keystore.location = null
	ssl.keystore.password = null
	ssl.keystore.type = JKS
	ssl.protocol = TLSv1.3
	ssl.provider = null
	ssl.secure.random.implementation = null
	ssl.trustmanager.algorithm = PKIX
	ssl.truststore.certificates = null
	ssl.truststore.location = null
	ssl.truststore.password = null
	ssl.truststore.type = JKS
	transaction.timeout.ms = 60000
	transactional.id = null
	value.serializer = class org.springframework.kafka.support.serializer.JsonSerializer

2025-11-20 20:27:46 - initializing Kafka metrics collector
2025-11-20 20:27:46 - [Producer clientId=catalog-service-producer-1] Instantiated an idempotent producer.
2025-11-20 20:27:46 - Kafka version: 3.9.1
2025-11-20 20:27:46 - Kafka commitId: f745dfdcee2b9851
2025-11-20 20:27:46 - Kafka startTimeMs: 1763666866979
2025-11-20 20:27:46 - [Producer clientId=catalog-service-producer-1] Cluster ID: vVm3P8hDQdywHAr6-MThpQ
2025-11-20 20:27:46 - [Producer clientId=catalog-service-producer-1] ProducerId set to 5 with epoch 0
2025-11-20 20:27:47 - Evento SpaceCreated publicado exitosamente: 93484515-fb41-45b4-af3f-ce6a020fa3a7
2025-11-20 20:27:47 - insert into catalog.spaces (address,amenities,area_sqm,base_price_cents,capacity,created_at,description,lat,lon,owner_id,rules,status,title,updated_at,id) values (?,?,?,?,?,?,?,?,?,?,?,?,?,?,?)
2025-11-20 20:27:49 - Espacio creado con estado ACTIVE: b1eb9509-c410-49fc-bc67-08033c6d702a por usuario: f07806de-a056-4b40-8c12-3117f1fb112d
2025-11-20 20:27:49 - Usuario f07806de-a056-4b40-8c12-3117f1fb112d promovido a host exitosamente
2025-11-20 20:27:49 - Publicando evento SpaceCreated para espacio: b1eb9509-c410-49fc-bc67-08033c6d702a
2025-11-20 20:27:49 - Evento SpaceCreated publicado exitosamente: b1eb9509-c410-49fc-bc67-08033c6d702a
2025-11-20 20:27:49 - insert into catalog.spaces (address,amenities,area_sqm,base_price_cents,capacity,created_at,description,lat,lon,owner_id,rules,status,title,updated_at,id) values (?,?,?,?,?,?,?,?,?,?,?,?,?,?,?)
2025-11-20 20:27:49 - Espacio creado con estado ACTIVE: 13fe20b4-84d0-40eb-b4f0-18601d2fe14e por usuario: 2ba809e8-7f70-4379-b885-3bb758ead0a6
2025-11-20 20:27:49 - Usuario 2ba809e8-7f70-4379-b885-3bb758ead0a6 promovido a host exitosamente
2025-11-20 20:27:49 - Publicando evento SpaceCreated para espacio: 13fe20b4-84d0-40eb-b4f0-18601d2fe14e
2025-11-20 20:27:49 - Evento SpaceCreated publicado exitosamente: 13fe20b4-84d0-40eb-b4f0-18601d2fe14e
2025-11-20 20:27:49 - insert into catalog.spaces (address,amenities,area_sqm,base_price_cents,capacity,created_at,description,lat,lon,owner_id,rules,status,title,updated_at,id) values (?,?,?,?,?,?,?,?,?,?,?,?,?,?,?)
2025-11-20 20:27:51 - No JWT token found in request to: /api/catalog/spaces - returning 401 UNAUTHORIZED
2025-11-20 20:27:51 - select se1_0.id,se1_0.address,se1_0.amenities,se1_0.area_sqm,se1_0.base_price_cents,se1_0.capacity,se1_0.created_at,se1_0.description,se1_0.lat,se1_0.lon,se1_0.owner_id,se1_0.rules,se1_0.status,se1_0.title,se1_0.updated_at from catalog.spaces se1_0 where se1_0.status=?
2025-11-20 20:27:51 - select sie1_0.id,sie1_0.alt_text,sie1_0.created_at,sie1_0.display_order,sie1_0.is_primary,sie1_0.space_id,sie1_0.url from catalog.space_images sie1_0 left join catalog.spaces s1_0 on s1_0.id=sie1_0.space_id where s1_0.id=? order by sie1_0.display_order
2025-11-20 20:27:51 - select sie1_0.id,sie1_0.alt_text,sie1_0.created_at,sie1_0.display_order,sie1_0.is_primary,sie1_0.space_id,sie1_0.url from catalog.space_images sie1_0 left join catalog.spaces s1_0 on s1_0.id=sie1_0.space_id where s1_0.id=? order by sie1_0.display_order
2025-11-20 20:27:51 - select sie1_0.id,sie1_0.alt_text,sie1_0.created_at,sie1_0.display_order,sie1_0.is_primary,sie1_0.space_id,sie1_0.url from catalog.space_images sie1_0 left join catalog.spaces s1_0 on s1_0.id=sie1_0.space_id where s1_0.id=? order by sie1_0.display_order
2025-11-20 20:27:51 - select sie1_0.id,sie1_0.alt_text,sie1_0.created_at,sie1_0.display_order,sie1_0.is_primary,sie1_0.space_id,sie1_0.url from catalog.space_images sie1_0 left join catalog.spaces s1_0 on s1_0.id=sie1_0.space_id where s1_0.id=? order by sie1_0.display_order
2025-11-20 20:27:51 - select sie1_0.id,sie1_0.alt_text,sie1_0.created_at,sie1_0.display_order,sie1_0.is_primary,sie1_0.space_id,sie1_0.url from catalog.space_images sie1_0 left join catalog.spaces s1_0 on s1_0.id=sie1_0.space_id where s1_0.id=? order by sie1_0.display_order
2025-11-20 20:27:51 - select sie1_0.id,sie1_0.alt_text,sie1_0.created_at,sie1_0.display_order,sie1_0.is_primary,sie1_0.space_id,sie1_0.url from catalog.space_images sie1_0 left join catalog.spaces s1_0 on s1_0.id=sie1_0.space_id where s1_0.id=? order by sie1_0.display_order
2025-11-20 20:27:51 - select sie1_0.id,sie1_0.alt_text,sie1_0.created_at,sie1_0.display_order,sie1_0.is_primary,sie1_0.space_id,sie1_0.url from catalog.space_images sie1_0 left join catalog.spaces s1_0 on s1_0.id=sie1_0.space_id where s1_0.id=? order by sie1_0.display_order
2025-11-20 20:27:51 - select sie1_0.id,sie1_0.alt_text,sie1_0.created_at,sie1_0.display_order,sie1_0.is_primary,sie1_0.space_id,sie1_0.url from catalog.space_images sie1_0 left join catalog.spaces s1_0 on s1_0.id=sie1_0.space_id where s1_0.id=? order by sie1_0.display_order
2025-11-20 20:27:51 - select sie1_0.id,sie1_0.alt_text,sie1_0.created_at,sie1_0.display_order,sie1_0.is_primary,sie1_0.space_id,sie1_0.url from catalog.space_images sie1_0 left join catalog.spaces s1_0 on s1_0.id=sie1_0.space_id where s1_0.id=? order by sie1_0.display_order
2025-11-20 20:27:51 - select sie1_0.id,sie1_0.alt_text,sie1_0.created_at,sie1_0.display_order,sie1_0.is_primary,sie1_0.space_id,sie1_0.url from catalog.space_images sie1_0 left join catalog.spaces s1_0 on s1_0.id=sie1_0.space_id where s1_0.id=? order by sie1_0.display_order
2025-11-20 20:27:51 - select sie1_0.id,sie1_0.alt_text,sie1_0.created_at,sie1_0.display_order,sie1_0.is_primary,sie1_0.space_id,sie1_0.url from catalog.space_images sie1_0 left join catalog.spaces s1_0 on s1_0.id=sie1_0.space_id where s1_0.id=? order by sie1_0.display_order
2025-11-20 20:27:51 - select sie1_0.id,sie1_0.alt_text,sie1_0.created_at,sie1_0.display_order,sie1_0.is_primary,sie1_0.space_id,sie1_0.url from catalog.space_images sie1_0 left join catalog.spaces s1_0 on s1_0.id=sie1_0.space_id where s1_0.id=? order by sie1_0.display_order
2025-11-20 20:27:51 - select sie1_0.id,sie1_0.alt_text,sie1_0.created_at,sie1_0.display_order,sie1_0.is_primary,sie1_0.space_id,sie1_0.url from catalog.space_images sie1_0 left join catalog.spaces s1_0 on s1_0.id=sie1_0.space_id where s1_0.id=? order by sie1_0.display_order
2025-11-20 20:27:51 - select sie1_0.id,sie1_0.alt_text,sie1_0.created_at,sie1_0.display_order,sie1_0.is_primary,sie1_0.space_id,sie1_0.url from catalog.space_images sie1_0 left join catalog.spaces s1_0 on s1_0.id=sie1_0.space_id where s1_0.id=? order by sie1_0.display_order
2025-11-20 20:27:51 - select sie1_0.id,sie1_0.alt_text,sie1_0.created_at,sie1_0.display_order,sie1_0.is_primary,sie1_0.space_id,sie1_0.url from catalog.space_images sie1_0 left join catalog.spaces s1_0 on s1_0.id=sie1_0.space_id where s1_0.id=? order by sie1_0.display_order
2025-11-20 20:27:51 - select sie1_0.id,sie1_0.alt_text,sie1_0.created_at,sie1_0.display_order,sie1_0.is_primary,sie1_0.space_id,sie1_0.url from catalog.space_images sie1_0 left join catalog.spaces s1_0 on s1_0.id=sie1_0.space_id where s1_0.id=? order by sie1_0.display_order
2025-11-20 20:27:51 - select sie1_0.id,sie1_0.alt_text,sie1_0.created_at,sie1_0.display_order,sie1_0.is_primary,sie1_0.space_id,sie1_0.url from catalog.space_images sie1_0 left join catalog.spaces s1_0 on s1_0.id=sie1_0.space_id where s1_0.id=? order by sie1_0.display_order
2025-11-20 20:27:51 - select sie1_0.id,sie1_0.alt_text,sie1_0.created_at,sie1_0.display_order,sie1_0.is_primary,sie1_0.space_id,sie1_0.url from catalog.space_images sie1_0 left join catalog.spaces s1_0 on s1_0.id=sie1_0.space_id where s1_0.id=? order by sie1_0.display_order
2025-11-20 20:27:51 - select sie1_0.id,sie1_0.alt_text,sie1_0.created_at,sie1_0.display_order,sie1_0.is_primary,sie1_0.space_id,sie1_0.url from catalog.space_images sie1_0 left join catalog.spaces s1_0 on s1_0.id=sie1_0.space_id where s1_0.id=? order by sie1_0.display_order
2025-11-20 20:27:51 - select sie1_0.id,sie1_0.alt_text,sie1_0.created_at,sie1_0.display_order,sie1_0.is_primary,sie1_0.space_id,sie1_0.url from catalog.space_images sie1_0 left join catalog.spaces s1_0 on s1_0.id=sie1_0.space_id where s1_0.id=? order by sie1_0.display_order
2025-11-20 20:27:51 - select sie1_0.id,sie1_0.alt_text,sie1_0.created_at,sie1_0.display_order,sie1_0.is_primary,sie1_0.space_id,sie1_0.url from catalog.space_images sie1_0 left join catalog.spaces s1_0 on s1_0.id=sie1_0.space_id where s1_0.id=? order by sie1_0.display_order
2025-11-20 20:27:51 - select sie1_0.id,sie1_0.alt_text,sie1_0.created_at,sie1_0.display_order,sie1_0.is_primary,sie1_0.space_id,sie1_0.url from catalog.space_images sie1_0 left join catalog.spaces s1_0 on s1_0.id=sie1_0.space_id where s1_0.id=? order by sie1_0.display_order
2025-11-20 20:27:51 - select sie1_0.id,sie1_0.alt_text,sie1_0.created_at,sie1_0.display_order,sie1_0.is_primary,sie1_0.space_id,sie1_0.url from catalog.space_images sie1_0 left join catalog.spaces s1_0 on s1_0.id=sie1_0.space_id where s1_0.id=? order by sie1_0.display_order
2025-11-20 20:27:51 - select sie1_0.id,sie1_0.alt_text,sie1_0.created_at,sie1_0.display_order,sie1_0.is_primary,sie1_0.space_id,sie1_0.url from catalog.space_images sie1_0 left join catalog.spaces s1_0 on s1_0.id=sie1_0.space_id where s1_0.id=? order by sie1_0.display_order
2025-11-20 20:27:51 - select sie1_0.id,sie1_0.alt_text,sie1_0.created_at,sie1_0.display_order,sie1_0.is_primary,sie1_0.space_id,sie1_0.url from catalog.space_images sie1_0 left join catalog.spaces s1_0 on s1_0.id=sie1_0.space_id where s1_0.id=? order by sie1_0.display_order
2025-11-20 20:27:51 - select sie1_0.id,sie1_0.alt_text,sie1_0.created_at,sie1_0.display_order,sie1_0.is_primary,sie1_0.space_id,sie1_0.url from catalog.space_images sie1_0 left join catalog.spaces s1_0 on s1_0.id=sie1_0.space_id where s1_0.id=? order by sie1_0.display_order
2025-11-20 20:27:51 - select sie1_0.id,sie1_0.alt_text,sie1_0.created_at,sie1_0.display_order,sie1_0.is_primary,sie1_0.space_id,sie1_0.url from catalog.space_images sie1_0 left join catalog.spaces s1_0 on s1_0.id=sie1_0.space_id where s1_0.id=? order by sie1_0.display_order
2025-11-20 20:27:51 - select sie1_0.id,sie1_0.alt_text,sie1_0.created_at,sie1_0.display_order,sie1_0.is_primary,sie1_0.space_id,sie1_0.url from catalog.space_images sie1_0 left join catalog.spaces s1_0 on s1_0.id=sie1_0.space_id where s1_0.id=? order by sie1_0.display_order
2025-11-20 20:27:51 - select sie1_0.id,sie1_0.alt_text,sie1_0.created_at,sie1_0.display_order,sie1_0.is_primary,sie1_0.space_id,sie1_0.url from catalog.space_images sie1_0 left join catalog.spaces s1_0 on s1_0.id=sie1_0.space_id where s1_0.id=? order by sie1_0.display_order
2025-11-20 20:27:51 - select sie1_0.id,sie1_0.alt_text,sie1_0.created_at,sie1_0.display_order,sie1_0.is_primary,sie1_0.space_id,sie1_0.url from catalog.space_images sie1_0 left join catalog.spaces s1_0 on s1_0.id=sie1_0.space_id where s1_0.id=? order by sie1_0.display_order
2025-11-20 20:27:51 - select sie1_0.id,sie1_0.alt_text,sie1_0.created_at,sie1_0.display_order,sie1_0.is_primary,sie1_0.space_id,sie1_0.url from catalog.space_images sie1_0 left join catalog.spaces s1_0 on s1_0.id=sie1_0.space_id where s1_0.id=? order by sie1_0.display_order
2025-11-20 20:27:51 - select sie1_0.id,sie1_0.alt_text,sie1_0.created_at,sie1_0.display_order,sie1_0.is_primary,sie1_0.space_id,sie1_0.url from catalog.space_images sie1_0 left join catalog.spaces s1_0 on s1_0.id=sie1_0.space_id where s1_0.id=? order by sie1_0.display_order
2025-11-20 20:27:51 - select sie1_0.id,sie1_0.alt_text,sie1_0.created_at,sie1_0.display_order,sie1_0.is_primary,sie1_0.space_id,sie1_0.url from catalog.space_images sie1_0 left join catalog.spaces s1_0 on s1_0.id=sie1_0.space_id where s1_0.id=? order by sie1_0.display_order
2025-11-20 20:27:51 - select sie1_0.id,sie1_0.alt_text,sie1_0.created_at,sie1_0.display_order,sie1_0.is_primary,sie1_0.space_id,sie1_0.url from catalog.space_images sie1_0 left join catalog.spaces s1_0 on s1_0.id=sie1_0.space_id where s1_0.id=? order by sie1_0.display_order
2025-11-20 20:27:51 - select sie1_0.id,sie1_0.alt_text,sie1_0.created_at,sie1_0.display_order,sie1_0.is_primary,sie1_0.space_id,sie1_0.url from catalog.space_images sie1_0 left join catalog.spaces s1_0 on s1_0.id=sie1_0.space_id where s1_0.id=? order by sie1_0.display_order
2025-11-20 20:27:51 - select sie1_0.id,sie1_0.alt_text,sie1_0.created_at,sie1_0.display_order,sie1_0.is_primary,sie1_0.space_id,sie1_0.url from catalog.space_images sie1_0 left join catalog.spaces s1_0 on s1_0.id=sie1_0.space_id where s1_0.id=? order by sie1_0.display_order
2025-11-20 20:27:51 - select sie1_0.id,sie1_0.alt_text,sie1_0.created_at,sie1_0.display_order,sie1_0.is_primary,sie1_0.space_id,sie1_0.url from catalog.space_images sie1_0 left join catalog.spaces s1_0 on s1_0.id=sie1_0.space_id where s1_0.id=? order by sie1_0.display_order
2025-11-20 20:27:51 - select sie1_0.id,sie1_0.alt_text,sie1_0.created_at,sie1_0.display_order,sie1_0.is_primary,sie1_0.space_id,sie1_0.url from catalog.space_images sie1_0 left join catalog.spaces s1_0 on s1_0.id=sie1_0.space_id where s1_0.id=? order by sie1_0.display_order
2025-11-20 20:27:51 - select sie1_0.id,sie1_0.alt_text,sie1_0.created_at,sie1_0.display_order,sie1_0.is_primary,sie1_0.space_id,sie1_0.url from catalog.space_images sie1_0 left join catalog.spaces s1_0 on s1_0.id=sie1_0.space_id where s1_0.id=? order by sie1_0.display_order
2025-11-20 20:27:51 - select sie1_0.id,sie1_0.alt_text,sie1_0.created_at,sie1_0.display_order,sie1_0.is_primary,sie1_0.space_id,sie1_0.url from catalog.space_images sie1_0 left join catalog.spaces s1_0 on s1_0.id=sie1_0.space_id where s1_0.id=? order by sie1_0.display_order
2025-11-20 20:27:51 - select sie1_0.id,sie1_0.alt_text,sie1_0.created_at,sie1_0.display_order,sie1_0.is_primary,sie1_0.space_id,sie1_0.url from catalog.space_images sie1_0 left join catalog.spaces s1_0 on s1_0.id=sie1_0.space_id where s1_0.id=? order by sie1_0.display_order
2025-11-20 20:27:51 - select sie1_0.id,sie1_0.alt_text,sie1_0.created_at,sie1_0.display_order,sie1_0.is_primary,sie1_0.space_id,sie1_0.url from catalog.space_images sie1_0 left join catalog.spaces s1_0 on s1_0.id=sie1_0.space_id where s1_0.id=? order by sie1_0.display_order
2025-11-20 20:27:51 - select sie1_0.id,sie1_0.alt_text,sie1_0.created_at,sie1_0.display_order,sie1_0.is_primary,sie1_0.space_id,sie1_0.url from catalog.space_images sie1_0 left join catalog.spaces s1_0 on s1_0.id=sie1_0.space_id where s1_0.id=? order by sie1_0.display_order
2025-11-20 20:27:51 - select sie1_0.id,sie1_0.alt_text,sie1_0.created_at,sie1_0.display_order,sie1_0.is_primary,sie1_0.space_id,sie1_0.url from catalog.space_images sie1_0 left join catalog.spaces s1_0 on s1_0.id=sie1_0.space_id where s1_0.id=? order by sie1_0.display_order
2025-11-20 20:27:51 - select sie1_0.id,sie1_0.alt_text,sie1_0.created_at,sie1_0.display_order,sie1_0.is_primary,sie1_0.space_id,sie1_0.url from catalog.space_images sie1_0 left join catalog.spaces s1_0 on s1_0.id=sie1_0.space_id where s1_0.id=? order by sie1_0.display_order
2025-11-20 20:27:51 - select sie1_0.id,sie1_0.alt_text,sie1_0.created_at,sie1_0.display_order,sie1_0.is_primary,sie1_0.space_id,sie1_0.url from catalog.space_images sie1_0 left join catalog.spaces s1_0 on s1_0.id=sie1_0.space_id where s1_0.id=? order by sie1_0.display_order
2025-11-20 20:27:51 - select sie1_0.id,sie1_0.alt_text,sie1_0.created_at,sie1_0.display_order,sie1_0.is_primary,sie1_0.space_id,sie1_0.url from catalog.space_images sie1_0 left join catalog.spaces s1_0 on s1_0.id=sie1_0.space_id where s1_0.id=? order by sie1_0.display_order
2025-11-20 20:27:51 - select sie1_0.id,sie1_0.alt_text,sie1_0.created_at,sie1_0.display_order,sie1_0.is_primary,sie1_0.space_id,sie1_0.url from catalog.space_images sie1_0 left join catalog.spaces s1_0 on s1_0.id=sie1_0.space_id where s1_0.id=? order by sie1_0.display_order
2025-11-20 20:27:51 - select sie1_0.id,sie1_0.alt_text,sie1_0.created_at,sie1_0.display_order,sie1_0.is_primary,sie1_0.space_id,sie1_0.url from catalog.space_images sie1_0 left join catalog.spaces s1_0 on s1_0.id=sie1_0.space_id where s1_0.id=? order by sie1_0.display_order
2025-11-20 20:27:51 - select sie1_0.id,sie1_0.alt_text,sie1_0.created_at,sie1_0.display_order,sie1_0.is_primary,sie1_0.space_id,sie1_0.url from catalog.space_images sie1_0 left join catalog.spaces s1_0 on s1_0.id=sie1_0.space_id where s1_0.id=? order by sie1_0.display_order
2025-11-20 20:27:51 - select sie1_0.id,sie1_0.alt_text,sie1_0.created_at,sie1_0.display_order,sie1_0.is_primary,sie1_0.space_id,sie1_0.url from catalog.space_images sie1_0 left join catalog.spaces s1_0 on s1_0.id=sie1_0.space_id where s1_0.id=? order by sie1_0.display_order
2025-11-20 20:27:51 - select sie1_0.id,sie1_0.alt_text,sie1_0.created_at,sie1_0.display_order,sie1_0.is_primary,sie1_0.space_id,sie1_0.url from catalog.space_images sie1_0 left join catalog.spaces s1_0 on s1_0.id=sie1_0.space_id where s1_0.id=? order by sie1_0.display_order
2025-11-20 20:27:51 - select sie1_0.id,sie1_0.alt_text,sie1_0.created_at,sie1_0.display_order,sie1_0.is_primary,sie1_0.space_id,sie1_0.url from catalog.space_images sie1_0 left join catalog.spaces s1_0 on s1_0.id=sie1_0.space_id where s1_0.id=? order by sie1_0.display_order
2025-11-20 20:27:51 - select sie1_0.id,sie1_0.alt_text,sie1_0.created_at,sie1_0.display_order,sie1_0.is_primary,sie1_0.space_id,sie1_0.url from catalog.space_images sie1_0 left join catalog.spaces s1_0 on s1_0.id=sie1_0.space_id where s1_0.id=? order by sie1_0.display_order
2025-11-20 20:27:51 - select sie1_0.id,sie1_0.alt_text,sie1_0.created_at,sie1_0.display_order,sie1_0.is_primary,sie1_0.space_id,sie1_0.url from catalog.space_images sie1_0 left join catalog.spaces s1_0 on s1_0.id=sie1_0.space_id where s1_0.id=? order by sie1_0.display_order
2025-11-20 20:27:51 - select se1_0.id,se1_0.address,se1_0.amenities,se1_0.area_sqm,se1_0.base_price_cents,se1_0.capacity,se1_0.created_at,se1_0.description,se1_0.lat,se1_0.lon,se1_0.owner_id,se1_0.rules,se1_0.status,se1_0.title,se1_0.updated_at from catalog.spaces se1_0 where se1_0.id=?
2025-11-20 20:27:51 - select sie1_0.id,sie1_0.alt_text,sie1_0.created_at,sie1_0.display_order,sie1_0.is_primary,sie1_0.space_id,sie1_0.url from catalog.space_images sie1_0 left join catalog.spaces s1_0 on s1_0.id=sie1_0.space_id where s1_0.id=? order by sie1_0.display_order
2025-11-20 20:27:51 - Error caching key 'space:93484515-fb41-45b4-af3f-ce6a020fa3a7': Could not write JSON: Java 8 date/time type `java.time.LocalDateTime` not supported by default: add Module "com.fasterxml.jackson.datatype:jackson-datatype-jsr310" to enable handling (or disable `MapperFeature.REQUIRE_HANDLERS_FOR_JAVA8_TIMES`) (through reference chain: com.balconazo.catalog_microservice.dto.SpaceDTO["createdAt"])
2025-11-20 20:27:51 - No JWT token found in request to: /api/catalog/spaces - returning 401 UNAUTHORIZED
2025-11-20 20:27:51 - select se1_0.id,se1_0.address,se1_0.amenities,se1_0.area_sqm,se1_0.base_price_cents,se1_0.capacity,se1_0.created_at,se1_0.description,se1_0.lat,se1_0.lon,se1_0.owner_id,se1_0.rules,se1_0.status,se1_0.title,se1_0.updated_at from catalog.spaces se1_0 where se1_0.id=?
2025-11-20 20:27:51 - select sie1_0.id,sie1_0.alt_text,sie1_0.created_at,sie1_0.display_order,sie1_0.is_primary,sie1_0.space_id,sie1_0.url from catalog.space_images sie1_0 left join catalog.spaces s1_0 on s1_0.id=sie1_0.space_id where s1_0.id=? order by sie1_0.display_order
2025-11-20 20:27:51 - Error caching key 'space:93484515-fb41-45b4-af3f-ce6a020fa3a7': Could not write JSON: Java 8 date/time type `java.time.LocalDateTime` not supported by default: add Module "com.fasterxml.jackson.datatype:jackson-datatype-jsr310" to enable handling (or disable `MapperFeature.REQUIRE_HANDLERS_FOR_JAVA8_TIMES`) (through reference chain: com.balconazo.catalog_microservice.dto.SpaceDTO["createdAt"])
2025-11-20 20:27:51 - select se1_0.id,se1_0.address,se1_0.amenities,se1_0.area_sqm,se1_0.base_price_cents,se1_0.capacity,se1_0.created_at,se1_0.description,se1_0.lat,se1_0.lon,se1_0.owner_id,se1_0.rules,se1_0.status,se1_0.title,se1_0.updated_at from catalog.spaces se1_0 where se1_0.id=?
2025-11-20 20:27:51 - update catalog.spaces set address=?,amenities=?,area_sqm=?,base_price_cents=?,capacity=?,description=?,lat=?,lon=?,owner_id=?,rules=?,status=?,title=?,updated_at=? where id=?
2025-11-20 20:27:51 - select se1_0.id,se1_0.address,se1_0.amenities,se1_0.area_sqm,se1_0.base_price_cents,se1_0.capacity,se1_0.created_at,se1_0.description,se1_0.lat,se1_0.lon,se1_0.owner_id,se1_0.rules,se1_0.status,se1_0.title,se1_0.updated_at from catalog.spaces se1_0 where se1_0.id=?
2025-11-20 20:27:51 - select sie1_0.id,sie1_0.alt_text,sie1_0.created_at,sie1_0.display_order,sie1_0.is_primary,sie1_0.space_id,sie1_0.url from catalog.space_images sie1_0 left join catalog.spaces s1_0 on s1_0.id=sie1_0.space_id where s1_0.id=? order by sie1_0.display_order
2025-11-20 20:27:51 - Error caching key 'space:93484515-fb41-45b4-af3f-ce6a020fa3a7': Could not write JSON: Java 8 date/time type `java.time.LocalDateTime` not supported by default: add Module "com.fasterxml.jackson.datatype:jackson-datatype-jsr310" to enable handling (or disable `MapperFeature.REQUIRE_HANDLERS_FOR_JAVA8_TIMES`) (through reference chain: com.balconazo.catalog_microservice.dto.SpaceDTO["createdAt"])
2025-11-20 20:27:52 - No JWT token found in request to: /api/catalog/spaces/93484515-fb41-45b4-af3f-ce6a020fa3a7 - returning 401 UNAUTHORIZED
2025-11-20 20:27:52 - select se1_0.id,se1_0.address,se1_0.amenities,se1_0.area_sqm,se1_0.base_price_cents,se1_0.capacity,se1_0.created_at,se1_0.description,se1_0.lat,se1_0.lon,se1_0.owner_id,se1_0.rules,se1_0.status,se1_0.title,se1_0.updated_at from catalog.spaces se1_0 where se1_0.id=?
2025-11-20 20:27:52 - select sie1_0.id,sie1_0.alt_text,sie1_0.created_at,sie1_0.display_order,sie1_0.is_primary,sie1_0.space_id,sie1_0.url from catalog.space_images sie1_0 left join catalog.spaces s1_0 on s1_0.id=sie1_0.space_id where s1_0.id=? order by sie1_0.display_order
2025-11-20 20:27:52 - Error caching key 'space:b1eb9509-c410-49fc-bc67-08033c6d702a': Could not write JSON: Java 8 date/time type `java.time.LocalDateTime` not supported by default: add Module "com.fasterxml.jackson.datatype:jackson-datatype-jsr310" to enable handling (or disable `MapperFeature.REQUIRE_HANDLERS_FOR_JAVA8_TIMES`) (through reference chain: com.balconazo.catalog_microservice.dto.SpaceDTO["createdAt"])
2025-11-20 20:27:52 - select se1_0.id,se1_0.address,se1_0.amenities,se1_0.area_sqm,se1_0.base_price_cents,se1_0.capacity,se1_0.created_at,se1_0.description,se1_0.lat,se1_0.lon,se1_0.owner_id,se1_0.rules,se1_0.status,se1_0.title,se1_0.updated_at from catalog.spaces se1_0 where se1_0.id=?
2025-11-20 20:27:52 - update catalog.spaces set address=?,amenities=?,area_sqm=?,base_price_cents=?,capacity=?,description=?,lat=?,lon=?,owner_id=?,rules=?,status=?,title=?,updated_at=? where id=?
2025-11-20 20:27:52 - select se1_0.id,se1_0.address,se1_0.amenities,se1_0.area_sqm,se1_0.base_price_cents,se1_0.capacity,se1_0.created_at,se1_0.description,se1_0.lat,se1_0.lon,se1_0.owner_id,se1_0.rules,se1_0.status,se1_0.title,se1_0.updated_at from catalog.spaces se1_0 where se1_0.id=?
2025-11-20 20:27:52 - select sie1_0.id,sie1_0.alt_text,sie1_0.created_at,sie1_0.display_order,sie1_0.is_primary,sie1_0.space_id,sie1_0.url from catalog.space_images sie1_0 left join catalog.spaces s1_0 on s1_0.id=sie1_0.space_id where s1_0.id=? order by sie1_0.display_order
2025-11-20 20:27:52 - Error caching key 'space:b1eb9509-c410-49fc-bc67-08033c6d702a': Could not write JSON: Java 8 date/time type `java.time.LocalDateTime` not supported by default: add Module "com.fasterxml.jackson.datatype:jackson-datatype-jsr310" to enable handling (or disable `MapperFeature.REQUIRE_HANDLERS_FOR_JAVA8_TIMES`) (through reference chain: com.balconazo.catalog_microservice.dto.SpaceDTO["createdAt"])
2025-11-20 20:27:52 - select se1_0.id,se1_0.address,se1_0.amenities,se1_0.area_sqm,se1_0.base_price_cents,se1_0.capacity,se1_0.created_at,se1_0.description,se1_0.lat,se1_0.lon,se1_0.owner_id,se1_0.rules,se1_0.status,se1_0.title,se1_0.updated_at from catalog.spaces se1_0 where se1_0.id=?
2025-11-20 20:27:52 - select sie1_0.id,sie1_0.alt_text,sie1_0.created_at,sie1_0.display_order,sie1_0.is_primary,sie1_0.space_id,sie1_0.url from catalog.space_images sie1_0 left join catalog.spaces s1_0 on s1_0.id=sie1_0.space_id where s1_0.id=? order by sie1_0.display_order
2025-11-20 20:27:52 - Error caching key 'space:93484515-fb41-45b4-af3f-ce6a020fa3a7': Could not write JSON: Java 8 date/time type `java.time.LocalDateTime` not supported by default: add Module "com.fasterxml.jackson.datatype:jackson-datatype-jsr310" to enable handling (or disable `MapperFeature.REQUIRE_HANDLERS_FOR_JAVA8_TIMES`) (through reference chain: com.balconazo.catalog_microservice.dto.SpaceDTO["createdAt"])
2025-11-20 20:27:52 - No JWT token found in request to: /api/catalog/spaces/93484515-fb41-45b4-af3f-ce6a020fa3a7 - returning 401 UNAUTHORIZED
2025-11-20 20:28:00 - Espacio creado con estado ACTIVE: 1c17f459-a2c5-46e5-8b01-1ee3f54cd5e6 por usuario: 4a0f6ab9-e9a9-4fae-98a9-6502bb38398b
2025-11-20 20:28:00 - Usuario 4a0f6ab9-e9a9-4fae-98a9-6502bb38398b promovido a host exitosamente
2025-11-20 20:28:00 - Publicando evento SpaceCreated para espacio: 1c17f459-a2c5-46e5-8b01-1ee3f54cd5e6
2025-11-20 20:28:00 - Evento SpaceCreated publicado exitosamente: 1c17f459-a2c5-46e5-8b01-1ee3f54cd5e6
2025-11-20 20:28:00 - insert into catalog.spaces (address,amenities,area_sqm,base_price_cents,capacity,created_at,description,lat,lon,owner_id,rules,status,title,updated_at,id) values (?,?,?,?,?,?,?,?,?,?,?,?,?,?,?)
2025-11-20 20:28:02 - Espacio creado con estado ACTIVE: 1323968a-5f28-4c26-8294-4ea26504e15d por usuario: 4a0f6ab9-e9a9-4fae-98a9-6502bb38398b
2025-11-20 20:28:02 - Usuario 4a0f6ab9-e9a9-4fae-98a9-6502bb38398b promovido a host exitosamente
2025-11-20 20:28:02 - Publicando evento SpaceCreated para espacio: 1323968a-5f28-4c26-8294-4ea26504e15d
2025-11-20 20:28:02 - Evento SpaceCreated publicado exitosamente: 1323968a-5f28-4c26-8294-4ea26504e15d
2025-11-20 20:28:02 - insert into catalog.spaces (address,amenities,area_sqm,base_price_cents,capacity,created_at,description,lat,lon,owner_id,rules,status,title,updated_at,id) values (?,?,?,?,?,?,?,?,?,?,?,?,?,?,?)
2025-11-20 20:28:02 - Espacio creado con estado ACTIVE: 045fb280-8675-41d2-8661-da830adac3f9 por usuario: 15a40da4-a0f3-4c50-8fd9-e70f7dca7c96
2025-11-20 20:28:03 - Usuario 15a40da4-a0f3-4c50-8fd9-e70f7dca7c96 promovido a host exitosamente
2025-11-20 20:28:03 - Publicando evento SpaceCreated para espacio: 045fb280-8675-41d2-8661-da830adac3f9
2025-11-20 20:28:03 - Evento SpaceCreated publicado exitosamente: 045fb280-8675-41d2-8661-da830adac3f9
2025-11-20 20:28:03 - insert into catalog.spaces (address,amenities,area_sqm,base_price_cents,capacity,created_at,description,lat,lon,owner_id,rules,status,title,updated_at,id) values (?,?,?,?,?,?,?,?,?,?,?,?,?,?,?)
2025-11-20 20:28:05 - No JWT token found in request to: /api/catalog/spaces - returning 401 UNAUTHORIZED
2025-11-20 20:28:05 - select se1_0.id,se1_0.address,se1_0.amenities,se1_0.area_sqm,se1_0.base_price_cents,se1_0.capacity,se1_0.created_at,se1_0.description,se1_0.lat,se1_0.lon,se1_0.owner_id,se1_0.rules,se1_0.status,se1_0.title,se1_0.updated_at from catalog.spaces se1_0 where se1_0.status=?
2025-11-20 20:28:05 - select sie1_0.id,sie1_0.alt_text,sie1_0.created_at,sie1_0.display_order,sie1_0.is_primary,sie1_0.space_id,sie1_0.url from catalog.space_images sie1_0 left join catalog.spaces s1_0 on s1_0.id=sie1_0.space_id where s1_0.id=? order by sie1_0.display_order
2025-11-20 20:28:05 - select sie1_0.id,sie1_0.alt_text,sie1_0.created_at,sie1_0.display_order,sie1_0.is_primary,sie1_0.space_id,sie1_0.url from catalog.space_images sie1_0 left join catalog.spaces s1_0 on s1_0.id=sie1_0.space_id where s1_0.id=? order by sie1_0.display_order
2025-11-20 20:28:05 - select sie1_0.id,sie1_0.alt_text,sie1_0.created_at,sie1_0.display_order,sie1_0.is_primary,sie1_0.space_id,sie1_0.url from catalog.space_images sie1_0 left join catalog.spaces s1_0 on s1_0.id=sie1_0.space_id where s1_0.id=? order by sie1_0.display_order
2025-11-20 20:28:05 - select sie1_0.id,sie1_0.alt_text,sie1_0.created_at,sie1_0.display_order,sie1_0.is_primary,sie1_0.space_id,sie1_0.url from catalog.space_images sie1_0 left join catalog.spaces s1_0 on s1_0.id=sie1_0.space_id where s1_0.id=? order by sie1_0.display_order
2025-11-20 20:28:05 - select sie1_0.id,sie1_0.alt_text,sie1_0.created_at,sie1_0.display_order,sie1_0.is_primary,sie1_0.space_id,sie1_0.url from catalog.space_images sie1_0 left join catalog.spaces s1_0 on s1_0.id=sie1_0.space_id where s1_0.id=? order by sie1_0.display_order
2025-11-20 20:28:05 - select sie1_0.id,sie1_0.alt_text,sie1_0.created_at,sie1_0.display_order,sie1_0.is_primary,sie1_0.space_id,sie1_0.url from catalog.space_images sie1_0 left join catalog.spaces s1_0 on s1_0.id=sie1_0.space_id where s1_0.id=? order by sie1_0.display_order
2025-11-20 20:28:05 - select sie1_0.id,sie1_0.alt_text,sie1_0.created_at,sie1_0.display_order,sie1_0.is_primary,sie1_0.space_id,sie1_0.url from catalog.space_images sie1_0 left join catalog.spaces s1_0 on s1_0.id=sie1_0.space_id where s1_0.id=? order by sie1_0.display_order
2025-11-20 20:28:05 - select sie1_0.id,sie1_0.alt_text,sie1_0.created_at,sie1_0.display_order,sie1_0.is_primary,sie1_0.space_id,sie1_0.url from catalog.space_images sie1_0 left join catalog.spaces s1_0 on s1_0.id=sie1_0.space_id where s1_0.id=? order by sie1_0.display_order
2025-11-20 20:28:05 - select sie1_0.id,sie1_0.alt_text,sie1_0.created_at,sie1_0.display_order,sie1_0.is_primary,sie1_0.space_id,sie1_0.url from catalog.space_images sie1_0 left join catalog.spaces s1_0 on s1_0.id=sie1_0.space_id where s1_0.id=? order by sie1_0.display_order
2025-11-20 20:28:05 - select sie1_0.id,sie1_0.alt_text,sie1_0.created_at,sie1_0.display_order,sie1_0.is_primary,sie1_0.space_id,sie1_0.url from catalog.space_images sie1_0 left join catalog.spaces s1_0 on s1_0.id=sie1_0.space_id where s1_0.id=? order by sie1_0.display_order
2025-11-20 20:28:05 - select sie1_0.id,sie1_0.alt_text,sie1_0.created_at,sie1_0.display_order,sie1_0.is_primary,sie1_0.space_id,sie1_0.url from catalog.space_images sie1_0 left join catalog.spaces s1_0 on s1_0.id=sie1_0.space_id where s1_0.id=? order by sie1_0.display_order
2025-11-20 20:28:05 - select sie1_0.id,sie1_0.alt_text,sie1_0.created_at,sie1_0.display_order,sie1_0.is_primary,sie1_0.space_id,sie1_0.url from catalog.space_images sie1_0 left join catalog.spaces s1_0 on s1_0.id=sie1_0.space_id where s1_0.id=? order by sie1_0.display_order
2025-11-20 20:28:05 - select sie1_0.id,sie1_0.alt_text,sie1_0.created_at,sie1_0.display_order,sie1_0.is_primary,sie1_0.space_id,sie1_0.url from catalog.space_images sie1_0 left join catalog.spaces s1_0 on s1_0.id=sie1_0.space_id where s1_0.id=? order by sie1_0.display_order
2025-11-20 20:28:05 - select sie1_0.id,sie1_0.alt_text,sie1_0.created_at,sie1_0.display_order,sie1_0.is_primary,sie1_0.space_id,sie1_0.url from catalog.space_images sie1_0 left join catalog.spaces s1_0 on s1_0.id=sie1_0.space_id where s1_0.id=? order by sie1_0.display_order
2025-11-20 20:28:05 - select sie1_0.id,sie1_0.alt_text,sie1_0.created_at,sie1_0.display_order,sie1_0.is_primary,sie1_0.space_id,sie1_0.url from catalog.space_images sie1_0 left join catalog.spaces s1_0 on s1_0.id=sie1_0.space_id where s1_0.id=? order by sie1_0.display_order
2025-11-20 20:28:05 - select sie1_0.id,sie1_0.alt_text,sie1_0.created_at,sie1_0.display_order,sie1_0.is_primary,sie1_0.space_id,sie1_0.url from catalog.space_images sie1_0 left join catalog.spaces s1_0 on s1_0.id=sie1_0.space_id where s1_0.id=? order by sie1_0.display_order
2025-11-20 20:28:05 - select sie1_0.id,sie1_0.alt_text,sie1_0.created_at,sie1_0.display_order,sie1_0.is_primary,sie1_0.space_id,sie1_0.url from catalog.space_images sie1_0 left join catalog.spaces s1_0 on s1_0.id=sie1_0.space_id where s1_0.id=? order by sie1_0.display_order
2025-11-20 20:28:05 - select sie1_0.id,sie1_0.alt_text,sie1_0.created_at,sie1_0.display_order,sie1_0.is_primary,sie1_0.space_id,sie1_0.url from catalog.space_images sie1_0 left join catalog.spaces s1_0 on s1_0.id=sie1_0.space_id where s1_0.id=? order by sie1_0.display_order
2025-11-20 20:28:05 - select sie1_0.id,sie1_0.alt_text,sie1_0.created_at,sie1_0.display_order,sie1_0.is_primary,sie1_0.space_id,sie1_0.url from catalog.space_images sie1_0 left join catalog.spaces s1_0 on s1_0.id=sie1_0.space_id where s1_0.id=? order by sie1_0.display_order
2025-11-20 20:28:05 - select sie1_0.id,sie1_0.alt_text,sie1_0.created_at,sie1_0.display_order,sie1_0.is_primary,sie1_0.space_id,sie1_0.url from catalog.space_images sie1_0 left join catalog.spaces s1_0 on s1_0.id=sie1_0.space_id where s1_0.id=? order by sie1_0.display_order
2025-11-20 20:28:05 - select sie1_0.id,sie1_0.alt_text,sie1_0.created_at,sie1_0.display_order,sie1_0.is_primary,sie1_0.space_id,sie1_0.url from catalog.space_images sie1_0 left join catalog.spaces s1_0 on s1_0.id=sie1_0.space_id where s1_0.id=? order by sie1_0.display_order
2025-11-20 20:28:05 - select sie1_0.id,sie1_0.alt_text,sie1_0.created_at,sie1_0.display_order,sie1_0.is_primary,sie1_0.space_id,sie1_0.url from catalog.space_images sie1_0 left join catalog.spaces s1_0 on s1_0.id=sie1_0.space_id where s1_0.id=? order by sie1_0.display_order
2025-11-20 20:28:05 - select sie1_0.id,sie1_0.alt_text,sie1_0.created_at,sie1_0.display_order,sie1_0.is_primary,sie1_0.space_id,sie1_0.url from catalog.space_images sie1_0 left join catalog.spaces s1_0 on s1_0.id=sie1_0.space_id where s1_0.id=? order by sie1_0.display_order
2025-11-20 20:28:05 - select sie1_0.id,sie1_0.alt_text,sie1_0.created_at,sie1_0.display_order,sie1_0.is_primary,sie1_0.space_id,sie1_0.url from catalog.space_images sie1_0 left join catalog.spaces s1_0 on s1_0.id=sie1_0.space_id where s1_0.id=? order by sie1_0.display_order
2025-11-20 20:28:05 - select sie1_0.id,sie1_0.alt_text,sie1_0.created_at,sie1_0.display_order,sie1_0.is_primary,sie1_0.space_id,sie1_0.url from catalog.space_images sie1_0 left join catalog.spaces s1_0 on s1_0.id=sie1_0.space_id where s1_0.id=? order by sie1_0.display_order
2025-11-20 20:28:05 - select sie1_0.id,sie1_0.alt_text,sie1_0.created_at,sie1_0.display_order,sie1_0.is_primary,sie1_0.space_id,sie1_0.url from catalog.space_images sie1_0 left join catalog.spaces s1_0 on s1_0.id=sie1_0.space_id where s1_0.id=? order by sie1_0.display_order
2025-11-20 20:28:05 - select sie1_0.id,sie1_0.alt_text,sie1_0.created_at,sie1_0.display_order,sie1_0.is_primary,sie1_0.space_id,sie1_0.url from catalog.space_images sie1_0 left join catalog.spaces s1_0 on s1_0.id=sie1_0.space_id where s1_0.id=? order by sie1_0.display_order
2025-11-20 20:28:05 - select sie1_0.id,sie1_0.alt_text,sie1_0.created_at,sie1_0.display_order,sie1_0.is_primary,sie1_0.space_id,sie1_0.url from catalog.space_images sie1_0 left join catalog.spaces s1_0 on s1_0.id=sie1_0.space_id where s1_0.id=? order by sie1_0.display_order
2025-11-20 20:28:05 - select sie1_0.id,sie1_0.alt_text,sie1_0.created_at,sie1_0.display_order,sie1_0.is_primary,sie1_0.space_id,sie1_0.url from catalog.space_images sie1_0 left join catalog.spaces s1_0 on s1_0.id=sie1_0.space_id where s1_0.id=? order by sie1_0.display_order
2025-11-20 20:28:05 - select sie1_0.id,sie1_0.alt_text,sie1_0.created_at,sie1_0.display_order,sie1_0.is_primary,sie1_0.space_id,sie1_0.url from catalog.space_images sie1_0 left join catalog.spaces s1_0 on s1_0.id=sie1_0.space_id where s1_0.id=? order by sie1_0.display_order
2025-11-20 20:28:05 - select sie1_0.id,sie1_0.alt_text,sie1_0.created_at,sie1_0.display_order,sie1_0.is_primary,sie1_0.space_id,sie1_0.url from catalog.space_images sie1_0 left join catalog.spaces s1_0 on s1_0.id=sie1_0.space_id where s1_0.id=? order by sie1_0.display_order
2025-11-20 20:28:05 - select sie1_0.id,sie1_0.alt_text,sie1_0.created_at,sie1_0.display_order,sie1_0.is_primary,sie1_0.space_id,sie1_0.url from catalog.space_images sie1_0 left join catalog.spaces s1_0 on s1_0.id=sie1_0.space_id where s1_0.id=? order by sie1_0.display_order
2025-11-20 20:28:05 - select sie1_0.id,sie1_0.alt_text,sie1_0.created_at,sie1_0.display_order,sie1_0.is_primary,sie1_0.space_id,sie1_0.url from catalog.space_images sie1_0 left join catalog.spaces s1_0 on s1_0.id=sie1_0.space_id where s1_0.id=? order by sie1_0.display_order
2025-11-20 20:28:05 - select sie1_0.id,sie1_0.alt_text,sie1_0.created_at,sie1_0.display_order,sie1_0.is_primary,sie1_0.space_id,sie1_0.url from catalog.space_images sie1_0 left join catalog.spaces s1_0 on s1_0.id=sie1_0.space_id where s1_0.id=? order by sie1_0.display_order
2025-11-20 20:28:05 - select sie1_0.id,sie1_0.alt_text,sie1_0.created_at,sie1_0.display_order,sie1_0.is_primary,sie1_0.space_id,sie1_0.url from catalog.space_images sie1_0 left join catalog.spaces s1_0 on s1_0.id=sie1_0.space_id where s1_0.id=? order by sie1_0.display_order
2025-11-20 20:28:05 - select sie1_0.id,sie1_0.alt_text,sie1_0.created_at,sie1_0.display_order,sie1_0.is_primary,sie1_0.space_id,sie1_0.url from catalog.space_images sie1_0 left join catalog.spaces s1_0 on s1_0.id=sie1_0.space_id where s1_0.id=? order by sie1_0.display_order
2025-11-20 20:28:05 - select sie1_0.id,sie1_0.alt_text,sie1_0.created_at,sie1_0.display_order,sie1_0.is_primary,sie1_0.space_id,sie1_0.url from catalog.space_images sie1_0 left join catalog.spaces s1_0 on s1_0.id=sie1_0.space_id where s1_0.id=? order by sie1_0.display_order
2025-11-20 20:28:05 - select sie1_0.id,sie1_0.alt_text,sie1_0.created_at,sie1_0.display_order,sie1_0.is_primary,sie1_0.space_id,sie1_0.url from catalog.space_images sie1_0 left join catalog.spaces s1_0 on s1_0.id=sie1_0.space_id where s1_0.id=? order by sie1_0.display_order
2025-11-20 20:28:05 - select sie1_0.id,sie1_0.alt_text,sie1_0.created_at,sie1_0.display_order,sie1_0.is_primary,sie1_0.space_id,sie1_0.url from catalog.space_images sie1_0 left join catalog.spaces s1_0 on s1_0.id=sie1_0.space_id where s1_0.id=? order by sie1_0.display_order
2025-11-20 20:28:05 - select sie1_0.id,sie1_0.alt_text,sie1_0.created_at,sie1_0.display_order,sie1_0.is_primary,sie1_0.space_id,sie1_0.url from catalog.space_images sie1_0 left join catalog.spaces s1_0 on s1_0.id=sie1_0.space_id where s1_0.id=? order by sie1_0.display_order
2025-11-20 20:28:05 - select sie1_0.id,sie1_0.alt_text,sie1_0.created_at,sie1_0.display_order,sie1_0.is_primary,sie1_0.space_id,sie1_0.url from catalog.space_images sie1_0 left join catalog.spaces s1_0 on s1_0.id=sie1_0.space_id where s1_0.id=? order by sie1_0.display_order
2025-11-20 20:28:05 - select sie1_0.id,sie1_0.alt_text,sie1_0.created_at,sie1_0.display_order,sie1_0.is_primary,sie1_0.space_id,sie1_0.url from catalog.space_images sie1_0 left join catalog.spaces s1_0 on s1_0.id=sie1_0.space_id where s1_0.id=? order by sie1_0.display_order
2025-11-20 20:28:05 - select sie1_0.id,sie1_0.alt_text,sie1_0.created_at,sie1_0.display_order,sie1_0.is_primary,sie1_0.space_id,sie1_0.url from catalog.space_images sie1_0 left join catalog.spaces s1_0 on s1_0.id=sie1_0.space_id where s1_0.id=? order by sie1_0.display_order
2025-11-20 20:28:05 - select sie1_0.id,sie1_0.alt_text,sie1_0.created_at,sie1_0.display_order,sie1_0.is_primary,sie1_0.space_id,sie1_0.url from catalog.space_images sie1_0 left join catalog.spaces s1_0 on s1_0.id=sie1_0.space_id where s1_0.id=? order by sie1_0.display_order
2025-11-20 20:28:05 - select sie1_0.id,sie1_0.alt_text,sie1_0.created_at,sie1_0.display_order,sie1_0.is_primary,sie1_0.space_id,sie1_0.url from catalog.space_images sie1_0 left join catalog.spaces s1_0 on s1_0.id=sie1_0.space_id where s1_0.id=? order by sie1_0.display_order
2025-11-20 20:28:05 - select sie1_0.id,sie1_0.alt_text,sie1_0.created_at,sie1_0.display_order,sie1_0.is_primary,sie1_0.space_id,sie1_0.url from catalog.space_images sie1_0 left join catalog.spaces s1_0 on s1_0.id=sie1_0.space_id where s1_0.id=? order by sie1_0.display_order
2025-11-20 20:28:05 - select sie1_0.id,sie1_0.alt_text,sie1_0.created_at,sie1_0.display_order,sie1_0.is_primary,sie1_0.space_id,sie1_0.url from catalog.space_images sie1_0 left join catalog.spaces s1_0 on s1_0.id=sie1_0.space_id where s1_0.id=? order by sie1_0.display_order
2025-11-20 20:28:05 - select sie1_0.id,sie1_0.alt_text,sie1_0.created_at,sie1_0.display_order,sie1_0.is_primary,sie1_0.space_id,sie1_0.url from catalog.space_images sie1_0 left join catalog.spaces s1_0 on s1_0.id=sie1_0.space_id where s1_0.id=? order by sie1_0.display_order
2025-11-20 20:28:05 - select sie1_0.id,sie1_0.alt_text,sie1_0.created_at,sie1_0.display_order,sie1_0.is_primary,sie1_0.space_id,sie1_0.url from catalog.space_images sie1_0 left join catalog.spaces s1_0 on s1_0.id=sie1_0.space_id where s1_0.id=? order by sie1_0.display_order
2025-11-20 20:28:05 - select sie1_0.id,sie1_0.alt_text,sie1_0.created_at,sie1_0.display_order,sie1_0.is_primary,sie1_0.space_id,sie1_0.url from catalog.space_images sie1_0 left join catalog.spaces s1_0 on s1_0.id=sie1_0.space_id where s1_0.id=? order by sie1_0.display_order
2025-11-20 20:28:05 - select sie1_0.id,sie1_0.alt_text,sie1_0.created_at,sie1_0.display_order,sie1_0.is_primary,sie1_0.space_id,sie1_0.url from catalog.space_images sie1_0 left join catalog.spaces s1_0 on s1_0.id=sie1_0.space_id where s1_0.id=? order by sie1_0.display_order
2025-11-20 20:28:05 - select sie1_0.id,sie1_0.alt_text,sie1_0.created_at,sie1_0.display_order,sie1_0.is_primary,sie1_0.space_id,sie1_0.url from catalog.space_images sie1_0 left join catalog.spaces s1_0 on s1_0.id=sie1_0.space_id where s1_0.id=? order by sie1_0.display_order
2025-11-20 20:28:05 - select sie1_0.id,sie1_0.alt_text,sie1_0.created_at,sie1_0.display_order,sie1_0.is_primary,sie1_0.space_id,sie1_0.url from catalog.space_images sie1_0 left join catalog.spaces s1_0 on s1_0.id=sie1_0.space_id where s1_0.id=? order by sie1_0.display_order
2025-11-20 20:28:05 - select sie1_0.id,sie1_0.alt_text,sie1_0.created_at,sie1_0.display_order,sie1_0.is_primary,sie1_0.space_id,sie1_0.url from catalog.space_images sie1_0 left join catalog.spaces s1_0 on s1_0.id=sie1_0.space_id where s1_0.id=? order by sie1_0.display_order
2025-11-20 20:28:05 - select sie1_0.id,sie1_0.alt_text,sie1_0.created_at,sie1_0.display_order,sie1_0.is_primary,sie1_0.space_id,sie1_0.url from catalog.space_images sie1_0 left join catalog.spaces s1_0 on s1_0.id=sie1_0.space_id where s1_0.id=? order by sie1_0.display_order
2025-11-20 20:28:05 - select sie1_0.id,sie1_0.alt_text,sie1_0.created_at,sie1_0.display_order,sie1_0.is_primary,sie1_0.space_id,sie1_0.url from catalog.space_images sie1_0 left join catalog.spaces s1_0 on s1_0.id=sie1_0.space_id where s1_0.id=? order by sie1_0.display_order
2025-11-20 20:28:05 - select sie1_0.id,sie1_0.alt_text,sie1_0.created_at,sie1_0.display_order,sie1_0.is_primary,sie1_0.space_id,sie1_0.url from catalog.space_images sie1_0 left join catalog.spaces s1_0 on s1_0.id=sie1_0.space_id where s1_0.id=? order by sie1_0.display_order
2025-11-20 20:28:05 - select se1_0.id,se1_0.address,se1_0.amenities,se1_0.area_sqm,se1_0.base_price_cents,se1_0.capacity,se1_0.created_at,se1_0.description,se1_0.lat,se1_0.lon,se1_0.owner_id,se1_0.rules,se1_0.status,se1_0.title,se1_0.updated_at from catalog.spaces se1_0 where se1_0.id=?
2025-11-20 20:28:05 - select sie1_0.id,sie1_0.alt_text,sie1_0.created_at,sie1_0.display_order,sie1_0.is_primary,sie1_0.space_id,sie1_0.url from catalog.space_images sie1_0 left join catalog.spaces s1_0 on s1_0.id=sie1_0.space_id where s1_0.id=? order by sie1_0.display_order
2025-11-20 20:28:05 - Error caching key 'space:1c17f459-a2c5-46e5-8b01-1ee3f54cd5e6': Could not write JSON: Java 8 date/time type `java.time.LocalDateTime` not supported by default: add Module "com.fasterxml.jackson.datatype:jackson-datatype-jsr310" to enable handling (or disable `MapperFeature.REQUIRE_HANDLERS_FOR_JAVA8_TIMES`) (through reference chain: com.balconazo.catalog_microservice.dto.SpaceDTO["createdAt"])
2025-11-20 20:28:05 - No JWT token found in request to: /api/catalog/spaces - returning 401 UNAUTHORIZED
2025-11-20 20:28:05 - select se1_0.id,se1_0.address,se1_0.amenities,se1_0.area_sqm,se1_0.base_price_cents,se1_0.capacity,se1_0.created_at,se1_0.description,se1_0.lat,se1_0.lon,se1_0.owner_id,se1_0.rules,se1_0.status,se1_0.title,se1_0.updated_at from catalog.spaces se1_0 where se1_0.id=?
2025-11-20 20:28:05 - select sie1_0.id,sie1_0.alt_text,sie1_0.created_at,sie1_0.display_order,sie1_0.is_primary,sie1_0.space_id,sie1_0.url from catalog.space_images sie1_0 left join catalog.spaces s1_0 on s1_0.id=sie1_0.space_id where s1_0.id=? order by sie1_0.display_order
2025-11-20 20:28:05 - Error caching key 'space:1c17f459-a2c5-46e5-8b01-1ee3f54cd5e6': Could not write JSON: Java 8 date/time type `java.time.LocalDateTime` not supported by default: add Module "com.fasterxml.jackson.datatype:jackson-datatype-jsr310" to enable handling (or disable `MapperFeature.REQUIRE_HANDLERS_FOR_JAVA8_TIMES`) (through reference chain: com.balconazo.catalog_microservice.dto.SpaceDTO["createdAt"])
2025-11-20 20:28:05 - select se1_0.id,se1_0.address,se1_0.amenities,se1_0.area_sqm,se1_0.base_price_cents,se1_0.capacity,se1_0.created_at,se1_0.description,se1_0.lat,se1_0.lon,se1_0.owner_id,se1_0.rules,se1_0.status,se1_0.title,se1_0.updated_at from catalog.spaces se1_0 where se1_0.id=?
2025-11-20 20:28:05 - update catalog.spaces set address=?,amenities=?,area_sqm=?,base_price_cents=?,capacity=?,description=?,lat=?,lon=?,owner_id=?,rules=?,status=?,title=?,updated_at=? where id=?
2025-11-20 20:28:05 - select se1_0.id,se1_0.address,se1_0.amenities,se1_0.area_sqm,se1_0.base_price_cents,se1_0.capacity,se1_0.created_at,se1_0.description,se1_0.lat,se1_0.lon,se1_0.owner_id,se1_0.rules,se1_0.status,se1_0.title,se1_0.updated_at from catalog.spaces se1_0 where se1_0.id=?
2025-11-20 20:28:05 - select sie1_0.id,sie1_0.alt_text,sie1_0.created_at,sie1_0.display_order,sie1_0.is_primary,sie1_0.space_id,sie1_0.url from catalog.space_images sie1_0 left join catalog.spaces s1_0 on s1_0.id=sie1_0.space_id where s1_0.id=? order by sie1_0.display_order
2025-11-20 20:28:05 - Error caching key 'space:1c17f459-a2c5-46e5-8b01-1ee3f54cd5e6': Could not write JSON: Java 8 date/time type `java.time.LocalDateTime` not supported by default: add Module "com.fasterxml.jackson.datatype:jackson-datatype-jsr310" to enable handling (or disable `MapperFeature.REQUIRE_HANDLERS_FOR_JAVA8_TIMES`) (through reference chain: com.balconazo.catalog_microservice.dto.SpaceDTO["createdAt"])
2025-11-20 20:28:05 - No JWT token found in request to: /api/catalog/spaces/1c17f459-a2c5-46e5-8b01-1ee3f54cd5e6 - returning 401 UNAUTHORIZED
2025-11-20 20:28:05 - select se1_0.id,se1_0.address,se1_0.amenities,se1_0.area_sqm,se1_0.base_price_cents,se1_0.capacity,se1_0.created_at,se1_0.description,se1_0.lat,se1_0.lon,se1_0.owner_id,se1_0.rules,se1_0.status,se1_0.title,se1_0.updated_at from catalog.spaces se1_0 where se1_0.id=?
2025-11-20 20:28:05 - select sie1_0.id,sie1_0.alt_text,sie1_0.created_at,sie1_0.display_order,sie1_0.is_primary,sie1_0.space_id,sie1_0.url from catalog.space_images sie1_0 left join catalog.spaces s1_0 on s1_0.id=sie1_0.space_id where s1_0.id=? order by sie1_0.display_order
2025-11-20 20:28:05 - Error caching key 'space:1323968a-5f28-4c26-8294-4ea26504e15d': Could not write JSON: Java 8 date/time type `java.time.LocalDateTime` not supported by default: add Module "com.fasterxml.jackson.datatype:jackson-datatype-jsr310" to enable handling (or disable `MapperFeature.REQUIRE_HANDLERS_FOR_JAVA8_TIMES`) (through reference chain: com.balconazo.catalog_microservice.dto.SpaceDTO["createdAt"])
2025-11-20 20:28:05 - select se1_0.id,se1_0.address,se1_0.amenities,se1_0.area_sqm,se1_0.base_price_cents,se1_0.capacity,se1_0.created_at,se1_0.description,se1_0.lat,se1_0.lon,se1_0.owner_id,se1_0.rules,se1_0.status,se1_0.title,se1_0.updated_at from catalog.spaces se1_0 where se1_0.id=?
2025-11-20 20:28:05 - update catalog.spaces set address=?,amenities=?,area_sqm=?,base_price_cents=?,capacity=?,description=?,lat=?,lon=?,owner_id=?,rules=?,status=?,title=?,updated_at=? where id=?
2025-11-20 20:28:05 - select se1_0.id,se1_0.address,se1_0.amenities,se1_0.area_sqm,se1_0.base_price_cents,se1_0.capacity,se1_0.created_at,se1_0.description,se1_0.lat,se1_0.lon,se1_0.owner_id,se1_0.rules,se1_0.status,se1_0.title,se1_0.updated_at from catalog.spaces se1_0 where se1_0.id=?
2025-11-20 20:28:05 - select sie1_0.id,sie1_0.alt_text,sie1_0.created_at,sie1_0.display_order,sie1_0.is_primary,sie1_0.space_id,sie1_0.url from catalog.space_images sie1_0 left join catalog.spaces s1_0 on s1_0.id=sie1_0.space_id where s1_0.id=? order by sie1_0.display_order
2025-11-20 20:28:05 - Error caching key 'space:1323968a-5f28-4c26-8294-4ea26504e15d': Could not write JSON: Java 8 date/time type `java.time.LocalDateTime` not supported by default: add Module "com.fasterxml.jackson.datatype:jackson-datatype-jsr310" to enable handling (or disable `MapperFeature.REQUIRE_HANDLERS_FOR_JAVA8_TIMES`) (through reference chain: com.balconazo.catalog_microservice.dto.SpaceDTO["createdAt"])
2025-11-20 20:28:05 - select se1_0.id,se1_0.address,se1_0.amenities,se1_0.area_sqm,se1_0.base_price_cents,se1_0.capacity,se1_0.created_at,se1_0.description,se1_0.lat,se1_0.lon,se1_0.owner_id,se1_0.rules,se1_0.status,se1_0.title,se1_0.updated_at from catalog.spaces se1_0 where se1_0.id=?
2025-11-20 20:28:05 - select sie1_0.id,sie1_0.alt_text,sie1_0.created_at,sie1_0.display_order,sie1_0.is_primary,sie1_0.space_id,sie1_0.url from catalog.space_images sie1_0 left join catalog.spaces s1_0 on s1_0.id=sie1_0.space_id where s1_0.id=? order by sie1_0.display_order
2025-11-20 20:28:05 - Error caching key 'space:1c17f459-a2c5-46e5-8b01-1ee3f54cd5e6': Could not write JSON: Java 8 date/time type `java.time.LocalDateTime` not supported by default: add Module "com.fasterxml.jackson.datatype:jackson-datatype-jsr310" to enable handling (or disable `MapperFeature.REQUIRE_HANDLERS_FOR_JAVA8_TIMES`) (through reference chain: com.balconazo.catalog_microservice.dto.SpaceDTO["createdAt"])
2025-11-20 20:28:05 - No JWT token found in request to: /api/catalog/spaces/1c17f459-a2c5-46e5-8b01-1ee3f54cd5e6 - returning 401 UNAUTHORIZED
2025-11-20 20:28:24 - Espacio creado con estado ACTIVE: 7fb6680b-da95-4d57-8f9d-804224d71900 por usuario: 2c16a70b-aac7-438f-ad00-06215e0bb3a8
2025-11-20 20:28:24 - Usuario 2c16a70b-aac7-438f-ad00-06215e0bb3a8 promovido a host exitosamente
2025-11-20 20:28:24 - Publicando evento SpaceCreated para espacio: 7fb6680b-da95-4d57-8f9d-804224d71900
2025-11-20 20:28:24 - Evento SpaceCreated publicado exitosamente: 7fb6680b-da95-4d57-8f9d-804224d71900
2025-11-20 20:28:24 - insert into catalog.spaces (address,amenities,area_sqm,base_price_cents,capacity,created_at,description,lat,lon,owner_id,rules,status,title,updated_at,id) values (?,?,?,?,?,?,?,?,?,?,?,?,?,?,?)
2025-11-20 20:28:26 - Espacio creado con estado ACTIVE: e93234fe-1219-484a-a425-f432f49f5953 por usuario: 2c16a70b-aac7-438f-ad00-06215e0bb3a8
2025-11-20 20:28:26 - Usuario 2c16a70b-aac7-438f-ad00-06215e0bb3a8 promovido a host exitosamente
2025-11-20 20:28:26 - Publicando evento SpaceCreated para espacio: e93234fe-1219-484a-a425-f432f49f5953
2025-11-20 20:28:26 - Evento SpaceCreated publicado exitosamente: e93234fe-1219-484a-a425-f432f49f5953
2025-11-20 20:28:26 - insert into catalog.spaces (address,amenities,area_sqm,base_price_cents,capacity,created_at,description,lat,lon,owner_id,rules,status,title,updated_at,id) values (?,?,?,?,?,?,?,?,?,?,?,?,?,?,?)
2025-11-20 20:28:26 - Espacio creado con estado ACTIVE: 433ac9dc-ddbc-457e-9c21-b4365b534356 por usuario: 4c5ea12b-1ac6-414f-9201-43c911487ed7
2025-11-20 20:28:26 - Usuario 4c5ea12b-1ac6-414f-9201-43c911487ed7 promovido a host exitosamente
2025-11-20 20:28:26 - Publicando evento SpaceCreated para espacio: 433ac9dc-ddbc-457e-9c21-b4365b534356
2025-11-20 20:28:26 - Evento SpaceCreated publicado exitosamente: 433ac9dc-ddbc-457e-9c21-b4365b534356
2025-11-20 20:28:26 - insert into catalog.spaces (address,amenities,area_sqm,base_price_cents,capacity,created_at,description,lat,lon,owner_id,rules,status,title,updated_at,id) values (?,?,?,?,?,?,?,?,?,?,?,?,?,?,?)
2025-11-20 20:28:28 - No JWT token found in request to: /api/catalog/spaces - returning 401 UNAUTHORIZED
2025-11-20 20:28:28 - select se1_0.id,se1_0.address,se1_0.amenities,se1_0.area_sqm,se1_0.base_price_cents,se1_0.capacity,se1_0.created_at,se1_0.description,se1_0.lat,se1_0.lon,se1_0.owner_id,se1_0.rules,se1_0.status,se1_0.title,se1_0.updated_at from catalog.spaces se1_0 where se1_0.status=?
2025-11-20 20:28:28 - select sie1_0.id,sie1_0.alt_text,sie1_0.created_at,sie1_0.display_order,sie1_0.is_primary,sie1_0.space_id,sie1_0.url from catalog.space_images sie1_0 left join catalog.spaces s1_0 on s1_0.id=sie1_0.space_id where s1_0.id=? order by sie1_0.display_order
2025-11-20 20:28:28 - select sie1_0.id,sie1_0.alt_text,sie1_0.created_at,sie1_0.display_order,sie1_0.is_primary,sie1_0.space_id,sie1_0.url from catalog.space_images sie1_0 left join catalog.spaces s1_0 on s1_0.id=sie1_0.space_id where s1_0.id=? order by sie1_0.display_order
2025-11-20 20:28:28 - select sie1_0.id,sie1_0.alt_text,sie1_0.created_at,sie1_0.display_order,sie1_0.is_primary,sie1_0.space_id,sie1_0.url from catalog.space_images sie1_0 left join catalog.spaces s1_0 on s1_0.id=sie1_0.space_id where s1_0.id=? order by sie1_0.display_order
2025-11-20 20:28:28 - select sie1_0.id,sie1_0.alt_text,sie1_0.created_at,sie1_0.display_order,sie1_0.is_primary,sie1_0.space_id,sie1_0.url from catalog.space_images sie1_0 left join catalog.spaces s1_0 on s1_0.id=sie1_0.space_id where s1_0.id=? order by sie1_0.display_order
2025-11-20 20:28:28 - select sie1_0.id,sie1_0.alt_text,sie1_0.created_at,sie1_0.display_order,sie1_0.is_primary,sie1_0.space_id,sie1_0.url from catalog.space_images sie1_0 left join catalog.spaces s1_0 on s1_0.id=sie1_0.space_id where s1_0.id=? order by sie1_0.display_order
2025-11-20 20:28:28 - select sie1_0.id,sie1_0.alt_text,sie1_0.created_at,sie1_0.display_order,sie1_0.is_primary,sie1_0.space_id,sie1_0.url from catalog.space_images sie1_0 left join catalog.spaces s1_0 on s1_0.id=sie1_0.space_id where s1_0.id=? order by sie1_0.display_order
2025-11-20 20:28:28 - select sie1_0.id,sie1_0.alt_text,sie1_0.created_at,sie1_0.display_order,sie1_0.is_primary,sie1_0.space_id,sie1_0.url from catalog.space_images sie1_0 left join catalog.spaces s1_0 on s1_0.id=sie1_0.space_id where s1_0.id=? order by sie1_0.display_order
2025-11-20 20:28:28 - select sie1_0.id,sie1_0.alt_text,sie1_0.created_at,sie1_0.display_order,sie1_0.is_primary,sie1_0.space_id,sie1_0.url from catalog.space_images sie1_0 left join catalog.spaces s1_0 on s1_0.id=sie1_0.space_id where s1_0.id=? order by sie1_0.display_order
2025-11-20 20:28:28 - select sie1_0.id,sie1_0.alt_text,sie1_0.created_at,sie1_0.display_order,sie1_0.is_primary,sie1_0.space_id,sie1_0.url from catalog.space_images sie1_0 left join catalog.spaces s1_0 on s1_0.id=sie1_0.space_id where s1_0.id=? order by sie1_0.display_order
2025-11-20 20:28:28 - select sie1_0.id,sie1_0.alt_text,sie1_0.created_at,sie1_0.display_order,sie1_0.is_primary,sie1_0.space_id,sie1_0.url from catalog.space_images sie1_0 left join catalog.spaces s1_0 on s1_0.id=sie1_0.space_id where s1_0.id=? order by sie1_0.display_order
2025-11-20 20:28:28 - select sie1_0.id,sie1_0.alt_text,sie1_0.created_at,sie1_0.display_order,sie1_0.is_primary,sie1_0.space_id,sie1_0.url from catalog.space_images sie1_0 left join catalog.spaces s1_0 on s1_0.id=sie1_0.space_id where s1_0.id=? order by sie1_0.display_order
2025-11-20 20:28:28 - select sie1_0.id,sie1_0.alt_text,sie1_0.created_at,sie1_0.display_order,sie1_0.is_primary,sie1_0.space_id,sie1_0.url from catalog.space_images sie1_0 left join catalog.spaces s1_0 on s1_0.id=sie1_0.space_id where s1_0.id=? order by sie1_0.display_order
2025-11-20 20:28:28 - select sie1_0.id,sie1_0.alt_text,sie1_0.created_at,sie1_0.display_order,sie1_0.is_primary,sie1_0.space_id,sie1_0.url from catalog.space_images sie1_0 left join catalog.spaces s1_0 on s1_0.id=sie1_0.space_id where s1_0.id=? order by sie1_0.display_order
2025-11-20 20:28:28 - select sie1_0.id,sie1_0.alt_text,sie1_0.created_at,sie1_0.display_order,sie1_0.is_primary,sie1_0.space_id,sie1_0.url from catalog.space_images sie1_0 left join catalog.spaces s1_0 on s1_0.id=sie1_0.space_id where s1_0.id=? order by sie1_0.display_order
2025-11-20 20:28:28 - select sie1_0.id,sie1_0.alt_text,sie1_0.created_at,sie1_0.display_order,sie1_0.is_primary,sie1_0.space_id,sie1_0.url from catalog.space_images sie1_0 left join catalog.spaces s1_0 on s1_0.id=sie1_0.space_id where s1_0.id=? order by sie1_0.display_order
2025-11-20 20:28:28 - select sie1_0.id,sie1_0.alt_text,sie1_0.created_at,sie1_0.display_order,sie1_0.is_primary,sie1_0.space_id,sie1_0.url from catalog.space_images sie1_0 left join catalog.spaces s1_0 on s1_0.id=sie1_0.space_id where s1_0.id=? order by sie1_0.display_order
2025-11-20 20:28:28 - select sie1_0.id,sie1_0.alt_text,sie1_0.created_at,sie1_0.display_order,sie1_0.is_primary,sie1_0.space_id,sie1_0.url from catalog.space_images sie1_0 left join catalog.spaces s1_0 on s1_0.id=sie1_0.space_id where s1_0.id=? order by sie1_0.display_order
2025-11-20 20:28:28 - select sie1_0.id,sie1_0.alt_text,sie1_0.created_at,sie1_0.display_order,sie1_0.is_primary,sie1_0.space_id,sie1_0.url from catalog.space_images sie1_0 left join catalog.spaces s1_0 on s1_0.id=sie1_0.space_id where s1_0.id=? order by sie1_0.display_order
2025-11-20 20:28:28 - select sie1_0.id,sie1_0.alt_text,sie1_0.created_at,sie1_0.display_order,sie1_0.is_primary,sie1_0.space_id,sie1_0.url from catalog.space_images sie1_0 left join catalog.spaces s1_0 on s1_0.id=sie1_0.space_id where s1_0.id=? order by sie1_0.display_order
2025-11-20 20:28:29 - select sie1_0.id,sie1_0.alt_text,sie1_0.created_at,sie1_0.display_order,sie1_0.is_primary,sie1_0.space_id,sie1_0.url from catalog.space_images sie1_0 left join catalog.spaces s1_0 on s1_0.id=sie1_0.space_id where s1_0.id=? order by sie1_0.display_order
2025-11-20 20:28:29 - select sie1_0.id,sie1_0.alt_text,sie1_0.created_at,sie1_0.display_order,sie1_0.is_primary,sie1_0.space_id,sie1_0.url from catalog.space_images sie1_0 left join catalog.spaces s1_0 on s1_0.id=sie1_0.space_id where s1_0.id=? order by sie1_0.display_order
2025-11-20 20:28:29 - select sie1_0.id,sie1_0.alt_text,sie1_0.created_at,sie1_0.display_order,sie1_0.is_primary,sie1_0.space_id,sie1_0.url from catalog.space_images sie1_0 left join catalog.spaces s1_0 on s1_0.id=sie1_0.space_id where s1_0.id=? order by sie1_0.display_order
2025-11-20 20:28:29 - select sie1_0.id,sie1_0.alt_text,sie1_0.created_at,sie1_0.display_order,sie1_0.is_primary,sie1_0.space_id,sie1_0.url from catalog.space_images sie1_0 left join catalog.spaces s1_0 on s1_0.id=sie1_0.space_id where s1_0.id=? order by sie1_0.display_order
2025-11-20 20:28:29 - select sie1_0.id,sie1_0.alt_text,sie1_0.created_at,sie1_0.display_order,sie1_0.is_primary,sie1_0.space_id,sie1_0.url from catalog.space_images sie1_0 left join catalog.spaces s1_0 on s1_0.id=sie1_0.space_id where s1_0.id=? order by sie1_0.display_order
2025-11-20 20:28:29 - select sie1_0.id,sie1_0.alt_text,sie1_0.created_at,sie1_0.display_order,sie1_0.is_primary,sie1_0.space_id,sie1_0.url from catalog.space_images sie1_0 left join catalog.spaces s1_0 on s1_0.id=sie1_0.space_id where s1_0.id=? order by sie1_0.display_order
2025-11-20 20:28:29 - select sie1_0.id,sie1_0.alt_text,sie1_0.created_at,sie1_0.display_order,sie1_0.is_primary,sie1_0.space_id,sie1_0.url from catalog.space_images sie1_0 left join catalog.spaces s1_0 on s1_0.id=sie1_0.space_id where s1_0.id=? order by sie1_0.display_order
2025-11-20 20:28:29 - select sie1_0.id,sie1_0.alt_text,sie1_0.created_at,sie1_0.display_order,sie1_0.is_primary,sie1_0.space_id,sie1_0.url from catalog.space_images sie1_0 left join catalog.spaces s1_0 on s1_0.id=sie1_0.space_id where s1_0.id=? order by sie1_0.display_order
2025-11-20 20:28:29 - select sie1_0.id,sie1_0.alt_text,sie1_0.created_at,sie1_0.display_order,sie1_0.is_primary,sie1_0.space_id,sie1_0.url from catalog.space_images sie1_0 left join catalog.spaces s1_0 on s1_0.id=sie1_0.space_id where s1_0.id=? order by sie1_0.display_order
2025-11-20 20:28:29 - select sie1_0.id,sie1_0.alt_text,sie1_0.created_at,sie1_0.display_order,sie1_0.is_primary,sie1_0.space_id,sie1_0.url from catalog.space_images sie1_0 left join catalog.spaces s1_0 on s1_0.id=sie1_0.space_id where s1_0.id=? order by sie1_0.display_order
2025-11-20 20:28:29 - select sie1_0.id,sie1_0.alt_text,sie1_0.created_at,sie1_0.display_order,sie1_0.is_primary,sie1_0.space_id,sie1_0.url from catalog.space_images sie1_0 left join catalog.spaces s1_0 on s1_0.id=sie1_0.space_id where s1_0.id=? order by sie1_0.display_order
2025-11-20 20:28:29 - select sie1_0.id,sie1_0.alt_text,sie1_0.created_at,sie1_0.display_order,sie1_0.is_primary,sie1_0.space_id,sie1_0.url from catalog.space_images sie1_0 left join catalog.spaces s1_0 on s1_0.id=sie1_0.space_id where s1_0.id=? order by sie1_0.display_order
2025-11-20 20:28:29 - select sie1_0.id,sie1_0.alt_text,sie1_0.created_at,sie1_0.display_order,sie1_0.is_primary,sie1_0.space_id,sie1_0.url from catalog.space_images sie1_0 left join catalog.spaces s1_0 on s1_0.id=sie1_0.space_id where s1_0.id=? order by sie1_0.display_order
2025-11-20 20:28:29 - select sie1_0.id,sie1_0.alt_text,sie1_0.created_at,sie1_0.display_order,sie1_0.is_primary,sie1_0.space_id,sie1_0.url from catalog.space_images sie1_0 left join catalog.spaces s1_0 on s1_0.id=sie1_0.space_id where s1_0.id=? order by sie1_0.display_order
2025-11-20 20:28:29 - select sie1_0.id,sie1_0.alt_text,sie1_0.created_at,sie1_0.display_order,sie1_0.is_primary,sie1_0.space_id,sie1_0.url from catalog.space_images sie1_0 left join catalog.spaces s1_0 on s1_0.id=sie1_0.space_id where s1_0.id=? order by sie1_0.display_order
2025-11-20 20:28:29 - select sie1_0.id,sie1_0.alt_text,sie1_0.created_at,sie1_0.display_order,sie1_0.is_primary,sie1_0.space_id,sie1_0.url from catalog.space_images sie1_0 left join catalog.spaces s1_0 on s1_0.id=sie1_0.space_id where s1_0.id=? order by sie1_0.display_order
2025-11-20 20:28:29 - select sie1_0.id,sie1_0.alt_text,sie1_0.created_at,sie1_0.display_order,sie1_0.is_primary,sie1_0.space_id,sie1_0.url from catalog.space_images sie1_0 left join catalog.spaces s1_0 on s1_0.id=sie1_0.space_id where s1_0.id=? order by sie1_0.display_order
2025-11-20 20:28:29 - select sie1_0.id,sie1_0.alt_text,sie1_0.created_at,sie1_0.display_order,sie1_0.is_primary,sie1_0.space_id,sie1_0.url from catalog.space_images sie1_0 left join catalog.spaces s1_0 on s1_0.id=sie1_0.space_id where s1_0.id=? order by sie1_0.display_order
2025-11-20 20:28:29 - select sie1_0.id,sie1_0.alt_text,sie1_0.created_at,sie1_0.display_order,sie1_0.is_primary,sie1_0.space_id,sie1_0.url from catalog.space_images sie1_0 left join catalog.spaces s1_0 on s1_0.id=sie1_0.space_id where s1_0.id=? order by sie1_0.display_order
2025-11-20 20:28:29 - select sie1_0.id,sie1_0.alt_text,sie1_0.created_at,sie1_0.display_order,sie1_0.is_primary,sie1_0.space_id,sie1_0.url from catalog.space_images sie1_0 left join catalog.spaces s1_0 on s1_0.id=sie1_0.space_id where s1_0.id=? order by sie1_0.display_order
2025-11-20 20:28:29 - select sie1_0.id,sie1_0.alt_text,sie1_0.created_at,sie1_0.display_order,sie1_0.is_primary,sie1_0.space_id,sie1_0.url from catalog.space_images sie1_0 left join catalog.spaces s1_0 on s1_0.id=sie1_0.space_id where s1_0.id=? order by sie1_0.display_order
2025-11-20 20:28:29 - select sie1_0.id,sie1_0.alt_text,sie1_0.created_at,sie1_0.display_order,sie1_0.is_primary,sie1_0.space_id,sie1_0.url from catalog.space_images sie1_0 left join catalog.spaces s1_0 on s1_0.id=sie1_0.space_id where s1_0.id=? order by sie1_0.display_order
2025-11-20 20:28:29 - select sie1_0.id,sie1_0.alt_text,sie1_0.created_at,sie1_0.display_order,sie1_0.is_primary,sie1_0.space_id,sie1_0.url from catalog.space_images sie1_0 left join catalog.spaces s1_0 on s1_0.id=sie1_0.space_id where s1_0.id=? order by sie1_0.display_order
2025-11-20 20:28:29 - select sie1_0.id,sie1_0.alt_text,sie1_0.created_at,sie1_0.display_order,sie1_0.is_primary,sie1_0.space_id,sie1_0.url from catalog.space_images sie1_0 left join catalog.spaces s1_0 on s1_0.id=sie1_0.space_id where s1_0.id=? order by sie1_0.display_order
2025-11-20 20:28:29 - select sie1_0.id,sie1_0.alt_text,sie1_0.created_at,sie1_0.display_order,sie1_0.is_primary,sie1_0.space_id,sie1_0.url from catalog.space_images sie1_0 left join catalog.spaces s1_0 on s1_0.id=sie1_0.space_id where s1_0.id=? order by sie1_0.display_order
2025-11-20 20:28:29 - select sie1_0.id,sie1_0.alt_text,sie1_0.created_at,sie1_0.display_order,sie1_0.is_primary,sie1_0.space_id,sie1_0.url from catalog.space_images sie1_0 left join catalog.spaces s1_0 on s1_0.id=sie1_0.space_id where s1_0.id=? order by sie1_0.display_order
2025-11-20 20:28:29 - select sie1_0.id,sie1_0.alt_text,sie1_0.created_at,sie1_0.display_order,sie1_0.is_primary,sie1_0.space_id,sie1_0.url from catalog.space_images sie1_0 left join catalog.spaces s1_0 on s1_0.id=sie1_0.space_id where s1_0.id=? order by sie1_0.display_order
2025-11-20 20:28:29 - select sie1_0.id,sie1_0.alt_text,sie1_0.created_at,sie1_0.display_order,sie1_0.is_primary,sie1_0.space_id,sie1_0.url from catalog.space_images sie1_0 left join catalog.spaces s1_0 on s1_0.id=sie1_0.space_id where s1_0.id=? order by sie1_0.display_order
2025-11-20 20:28:29 - select sie1_0.id,sie1_0.alt_text,sie1_0.created_at,sie1_0.display_order,sie1_0.is_primary,sie1_0.space_id,sie1_0.url from catalog.space_images sie1_0 left join catalog.spaces s1_0 on s1_0.id=sie1_0.space_id where s1_0.id=? order by sie1_0.display_order
2025-11-20 20:28:29 - select sie1_0.id,sie1_0.alt_text,sie1_0.created_at,sie1_0.display_order,sie1_0.is_primary,sie1_0.space_id,sie1_0.url from catalog.space_images sie1_0 left join catalog.spaces s1_0 on s1_0.id=sie1_0.space_id where s1_0.id=? order by sie1_0.display_order
2025-11-20 20:28:29 - select sie1_0.id,sie1_0.alt_text,sie1_0.created_at,sie1_0.display_order,sie1_0.is_primary,sie1_0.space_id,sie1_0.url from catalog.space_images sie1_0 left join catalog.spaces s1_0 on s1_0.id=sie1_0.space_id where s1_0.id=? order by sie1_0.display_order
2025-11-20 20:28:29 - select sie1_0.id,sie1_0.alt_text,sie1_0.created_at,sie1_0.display_order,sie1_0.is_primary,sie1_0.space_id,sie1_0.url from catalog.space_images sie1_0 left join catalog.spaces s1_0 on s1_0.id=sie1_0.space_id where s1_0.id=? order by sie1_0.display_order
2025-11-20 20:28:29 - select sie1_0.id,sie1_0.alt_text,sie1_0.created_at,sie1_0.display_order,sie1_0.is_primary,sie1_0.space_id,sie1_0.url from catalog.space_images sie1_0 left join catalog.spaces s1_0 on s1_0.id=sie1_0.space_id where s1_0.id=? order by sie1_0.display_order
2025-11-20 20:28:29 - select sie1_0.id,sie1_0.alt_text,sie1_0.created_at,sie1_0.display_order,sie1_0.is_primary,sie1_0.space_id,sie1_0.url from catalog.space_images sie1_0 left join catalog.spaces s1_0 on s1_0.id=sie1_0.space_id where s1_0.id=? order by sie1_0.display_order
2025-11-20 20:28:29 - select sie1_0.id,sie1_0.alt_text,sie1_0.created_at,sie1_0.display_order,sie1_0.is_primary,sie1_0.space_id,sie1_0.url from catalog.space_images sie1_0 left join catalog.spaces s1_0 on s1_0.id=sie1_0.space_id where s1_0.id=? order by sie1_0.display_order
2025-11-20 20:28:29 - select sie1_0.id,sie1_0.alt_text,sie1_0.created_at,sie1_0.display_order,sie1_0.is_primary,sie1_0.space_id,sie1_0.url from catalog.space_images sie1_0 left join catalog.spaces s1_0 on s1_0.id=sie1_0.space_id where s1_0.id=? order by sie1_0.display_order
2025-11-20 20:28:29 - select sie1_0.id,sie1_0.alt_text,sie1_0.created_at,sie1_0.display_order,sie1_0.is_primary,sie1_0.space_id,sie1_0.url from catalog.space_images sie1_0 left join catalog.spaces s1_0 on s1_0.id=sie1_0.space_id where s1_0.id=? order by sie1_0.display_order
2025-11-20 20:28:29 - select sie1_0.id,sie1_0.alt_text,sie1_0.created_at,sie1_0.display_order,sie1_0.is_primary,sie1_0.space_id,sie1_0.url from catalog.space_images sie1_0 left join catalog.spaces s1_0 on s1_0.id=sie1_0.space_id where s1_0.id=? order by sie1_0.display_order
2025-11-20 20:28:29 - select sie1_0.id,sie1_0.alt_text,sie1_0.created_at,sie1_0.display_order,sie1_0.is_primary,sie1_0.space_id,sie1_0.url from catalog.space_images sie1_0 left join catalog.spaces s1_0 on s1_0.id=sie1_0.space_id where s1_0.id=? order by sie1_0.display_order
2025-11-20 20:28:29 - select sie1_0.id,sie1_0.alt_text,sie1_0.created_at,sie1_0.display_order,sie1_0.is_primary,sie1_0.space_id,sie1_0.url from catalog.space_images sie1_0 left join catalog.spaces s1_0 on s1_0.id=sie1_0.space_id where s1_0.id=? order by sie1_0.display_order
2025-11-20 20:28:29 - select se1_0.id,se1_0.address,se1_0.amenities,se1_0.area_sqm,se1_0.base_price_cents,se1_0.capacity,se1_0.created_at,se1_0.description,se1_0.lat,se1_0.lon,se1_0.owner_id,se1_0.rules,se1_0.status,se1_0.title,se1_0.updated_at from catalog.spaces se1_0 where se1_0.id=?
2025-11-20 20:28:29 - select sie1_0.id,sie1_0.alt_text,sie1_0.created_at,sie1_0.display_order,sie1_0.is_primary,sie1_0.space_id,sie1_0.url from catalog.space_images sie1_0 left join catalog.spaces s1_0 on s1_0.id=sie1_0.space_id where s1_0.id=? order by sie1_0.display_order
2025-11-20 20:28:29 - Error caching key 'space:7fb6680b-da95-4d57-8f9d-804224d71900': Could not write JSON: Java 8 date/time type `java.time.LocalDateTime` not supported by default: add Module "com.fasterxml.jackson.datatype:jackson-datatype-jsr310" to enable handling (or disable `MapperFeature.REQUIRE_HANDLERS_FOR_JAVA8_TIMES`) (through reference chain: com.balconazo.catalog_microservice.dto.SpaceDTO["createdAt"])
2025-11-20 20:28:29 - No JWT token found in request to: /api/catalog/spaces - returning 401 UNAUTHORIZED
2025-11-20 20:28:29 - select se1_0.id,se1_0.address,se1_0.amenities,se1_0.area_sqm,se1_0.base_price_cents,se1_0.capacity,se1_0.created_at,se1_0.description,se1_0.lat,se1_0.lon,se1_0.owner_id,se1_0.rules,se1_0.status,se1_0.title,se1_0.updated_at from catalog.spaces se1_0 where se1_0.id=?
2025-11-20 20:28:29 - select sie1_0.id,sie1_0.alt_text,sie1_0.created_at,sie1_0.display_order,sie1_0.is_primary,sie1_0.space_id,sie1_0.url from catalog.space_images sie1_0 left join catalog.spaces s1_0 on s1_0.id=sie1_0.space_id where s1_0.id=? order by sie1_0.display_order
2025-11-20 20:28:29 - Error caching key 'space:7fb6680b-da95-4d57-8f9d-804224d71900': Could not write JSON: Java 8 date/time type `java.time.LocalDateTime` not supported by default: add Module "com.fasterxml.jackson.datatype:jackson-datatype-jsr310" to enable handling (or disable `MapperFeature.REQUIRE_HANDLERS_FOR_JAVA8_TIMES`) (through reference chain: com.balconazo.catalog_microservice.dto.SpaceDTO["createdAt"])
2025-11-20 20:28:29 - select se1_0.id,se1_0.address,se1_0.amenities,se1_0.area_sqm,se1_0.base_price_cents,se1_0.capacity,se1_0.created_at,se1_0.description,se1_0.lat,se1_0.lon,se1_0.owner_id,se1_0.rules,se1_0.status,se1_0.title,se1_0.updated_at from catalog.spaces se1_0 where se1_0.id=?
2025-11-20 20:28:29 - update catalog.spaces set address=?,amenities=?,area_sqm=?,base_price_cents=?,capacity=?,description=?,lat=?,lon=?,owner_id=?,rules=?,status=?,title=?,updated_at=? where id=?
2025-11-20 20:28:29 - select se1_0.id,se1_0.address,se1_0.amenities,se1_0.area_sqm,se1_0.base_price_cents,se1_0.capacity,se1_0.created_at,se1_0.description,se1_0.lat,se1_0.lon,se1_0.owner_id,se1_0.rules,se1_0.status,se1_0.title,se1_0.updated_at from catalog.spaces se1_0 where se1_0.id=?
2025-11-20 20:28:29 - select sie1_0.id,sie1_0.alt_text,sie1_0.created_at,sie1_0.display_order,sie1_0.is_primary,sie1_0.space_id,sie1_0.url from catalog.space_images sie1_0 left join catalog.spaces s1_0 on s1_0.id=sie1_0.space_id where s1_0.id=? order by sie1_0.display_order
2025-11-20 20:28:29 - Error caching key 'space:7fb6680b-da95-4d57-8f9d-804224d71900': Could not write JSON: Java 8 date/time type `java.time.LocalDateTime` not supported by default: add Module "com.fasterxml.jackson.datatype:jackson-datatype-jsr310" to enable handling (or disable `MapperFeature.REQUIRE_HANDLERS_FOR_JAVA8_TIMES`) (through reference chain: com.balconazo.catalog_microservice.dto.SpaceDTO["createdAt"])
2025-11-20 20:28:29 - No JWT token found in request to: /api/catalog/spaces/7fb6680b-da95-4d57-8f9d-804224d71900 - returning 401 UNAUTHORIZED
2025-11-20 20:28:29 - select se1_0.id,se1_0.address,se1_0.amenities,se1_0.area_sqm,se1_0.base_price_cents,se1_0.capacity,se1_0.created_at,se1_0.description,se1_0.lat,se1_0.lon,se1_0.owner_id,se1_0.rules,se1_0.status,se1_0.title,se1_0.updated_at from catalog.spaces se1_0 where se1_0.id=?
2025-11-20 20:28:29 - select sie1_0.id,sie1_0.alt_text,sie1_0.created_at,sie1_0.display_order,sie1_0.is_primary,sie1_0.space_id,sie1_0.url from catalog.space_images sie1_0 left join catalog.spaces s1_0 on s1_0.id=sie1_0.space_id where s1_0.id=? order by sie1_0.display_order
2025-11-20 20:28:29 - Error caching key 'space:e93234fe-1219-484a-a425-f432f49f5953': Could not write JSON: Java 8 date/time type `java.time.LocalDateTime` not supported by default: add Module "com.fasterxml.jackson.datatype:jackson-datatype-jsr310" to enable handling (or disable `MapperFeature.REQUIRE_HANDLERS_FOR_JAVA8_TIMES`) (through reference chain: com.balconazo.catalog_microservice.dto.SpaceDTO["createdAt"])
2025-11-20 20:28:29 - select se1_0.id,se1_0.address,se1_0.amenities,se1_0.area_sqm,se1_0.base_price_cents,se1_0.capacity,se1_0.created_at,se1_0.description,se1_0.lat,se1_0.lon,se1_0.owner_id,se1_0.rules,se1_0.status,se1_0.title,se1_0.updated_at from catalog.spaces se1_0 where se1_0.id=?
2025-11-20 20:28:29 - update catalog.spaces set address=?,amenities=?,area_sqm=?,base_price_cents=?,capacity=?,description=?,lat=?,lon=?,owner_id=?,rules=?,status=?,title=?,updated_at=? where id=?
2025-11-20 20:28:29 - select se1_0.id,se1_0.address,se1_0.amenities,se1_0.area_sqm,se1_0.base_price_cents,se1_0.capacity,se1_0.created_at,se1_0.description,se1_0.lat,se1_0.lon,se1_0.owner_id,se1_0.rules,se1_0.status,se1_0.title,se1_0.updated_at from catalog.spaces se1_0 where se1_0.id=?
2025-11-20 20:28:29 - select sie1_0.id,sie1_0.alt_text,sie1_0.created_at,sie1_0.display_order,sie1_0.is_primary,sie1_0.space_id,sie1_0.url from catalog.space_images sie1_0 left join catalog.spaces s1_0 on s1_0.id=sie1_0.space_id where s1_0.id=? order by sie1_0.display_order
2025-11-20 20:28:29 - Error caching key 'space:e93234fe-1219-484a-a425-f432f49f5953': Could not write JSON: Java 8 date/time type `java.time.LocalDateTime` not supported by default: add Module "com.fasterxml.jackson.datatype:jackson-datatype-jsr310" to enable handling (or disable `MapperFeature.REQUIRE_HANDLERS_FOR_JAVA8_TIMES`) (through reference chain: com.balconazo.catalog_microservice.dto.SpaceDTO["createdAt"])
2025-11-20 20:28:29 - select se1_0.id,se1_0.address,se1_0.amenities,se1_0.area_sqm,se1_0.base_price_cents,se1_0.capacity,se1_0.created_at,se1_0.description,se1_0.lat,se1_0.lon,se1_0.owner_id,se1_0.rules,se1_0.status,se1_0.title,se1_0.updated_at from catalog.spaces se1_0 where se1_0.id=?
2025-11-20 20:28:29 - select sie1_0.id,sie1_0.alt_text,sie1_0.created_at,sie1_0.display_order,sie1_0.is_primary,sie1_0.space_id,sie1_0.url from catalog.space_images sie1_0 left join catalog.spaces s1_0 on s1_0.id=sie1_0.space_id where s1_0.id=? order by sie1_0.display_order
2025-11-20 20:28:29 - Error caching key 'space:7fb6680b-da95-4d57-8f9d-804224d71900': Could not write JSON: Java 8 date/time type `java.time.LocalDateTime` not supported by default: add Module "com.fasterxml.jackson.datatype:jackson-datatype-jsr310" to enable handling (or disable `MapperFeature.REQUIRE_HANDLERS_FOR_JAVA8_TIMES`) (through reference chain: com.balconazo.catalog_microservice.dto.SpaceDTO["createdAt"])
2025-11-20 20:28:29 - No JWT token found in request to: /api/catalog/spaces/7fb6680b-da95-4d57-8f9d-804224d71900 - returning 401 UNAUTHORIZED
2025-11-20 20:29:52 - Espacio creado con estado ACTIVE: f2800de5-c224-4598-9065-1c28384729aa por usuario: e4d6f9b4-8f1f-4360-af46-3487dde379bb
2025-11-20 20:29:52 - Usuario e4d6f9b4-8f1f-4360-af46-3487dde379bb promovido a host exitosamente
2025-11-20 20:29:52 - Publicando evento SpaceCreated para espacio: f2800de5-c224-4598-9065-1c28384729aa
2025-11-20 20:29:52 - Evento SpaceCreated publicado exitosamente: f2800de5-c224-4598-9065-1c28384729aa
2025-11-20 20:29:52 - insert into catalog.spaces (address,amenities,area_sqm,base_price_cents,capacity,created_at,description,lat,lon,owner_id,rules,status,title,updated_at,id) values (?,?,?,?,?,?,?,?,?,?,?,?,?,?,?)
2025-11-20 20:29:55 - Espacio creado con estado ACTIVE: 5ad0e881-4c8a-4403-8198-09bbdb4eec22 por usuario: e4d6f9b4-8f1f-4360-af46-3487dde379bb
2025-11-20 20:29:55 - Usuario e4d6f9b4-8f1f-4360-af46-3487dde379bb promovido a host exitosamente
2025-11-20 20:29:55 - Publicando evento SpaceCreated para espacio: 5ad0e881-4c8a-4403-8198-09bbdb4eec22
2025-11-20 20:29:55 - Evento SpaceCreated publicado exitosamente: 5ad0e881-4c8a-4403-8198-09bbdb4eec22
2025-11-20 20:29:55 - insert into catalog.spaces (address,amenities,area_sqm,base_price_cents,capacity,created_at,description,lat,lon,owner_id,rules,status,title,updated_at,id) values (?,?,?,?,?,?,?,?,?,?,?,?,?,?,?)
2025-11-20 20:29:55 - Espacio creado con estado ACTIVE: 16ca9276-d6bb-4c9b-9c2d-8f54b5b58110 por usuario: 8a0f8577-4ac4-404b-8e66-e9f25b10977b
2025-11-20 20:29:55 - Usuario 8a0f8577-4ac4-404b-8e66-e9f25b10977b promovido a host exitosamente
2025-11-20 20:29:55 - Publicando evento SpaceCreated para espacio: 16ca9276-d6bb-4c9b-9c2d-8f54b5b58110
2025-11-20 20:29:55 - Evento SpaceCreated publicado exitosamente: 16ca9276-d6bb-4c9b-9c2d-8f54b5b58110
2025-11-20 20:29:55 - insert into catalog.spaces (address,amenities,area_sqm,base_price_cents,capacity,created_at,description,lat,lon,owner_id,rules,status,title,updated_at,id) values (?,?,?,?,?,?,?,?,?,?,?,?,?,?,?)
2025-11-20 20:29:57 - No JWT token found in request to: /api/catalog/spaces - returning 401 UNAUTHORIZED
2025-11-20 20:29:57 - select se1_0.id,se1_0.address,se1_0.amenities,se1_0.area_sqm,se1_0.base_price_cents,se1_0.capacity,se1_0.created_at,se1_0.description,se1_0.lat,se1_0.lon,se1_0.owner_id,se1_0.rules,se1_0.status,se1_0.title,se1_0.updated_at from catalog.spaces se1_0 where se1_0.status=?
2025-11-20 20:29:57 - select sie1_0.id,sie1_0.alt_text,sie1_0.created_at,sie1_0.display_order,sie1_0.is_primary,sie1_0.space_id,sie1_0.url from catalog.space_images sie1_0 left join catalog.spaces s1_0 on s1_0.id=sie1_0.space_id where s1_0.id=? order by sie1_0.display_order
2025-11-20 20:29:57 - select sie1_0.id,sie1_0.alt_text,sie1_0.created_at,sie1_0.display_order,sie1_0.is_primary,sie1_0.space_id,sie1_0.url from catalog.space_images sie1_0 left join catalog.spaces s1_0 on s1_0.id=sie1_0.space_id where s1_0.id=? order by sie1_0.display_order
2025-11-20 20:29:57 - select sie1_0.id,sie1_0.alt_text,sie1_0.created_at,sie1_0.display_order,sie1_0.is_primary,sie1_0.space_id,sie1_0.url from catalog.space_images sie1_0 left join catalog.spaces s1_0 on s1_0.id=sie1_0.space_id where s1_0.id=? order by sie1_0.display_order
2025-11-20 20:29:57 - select sie1_0.id,sie1_0.alt_text,sie1_0.created_at,sie1_0.display_order,sie1_0.is_primary,sie1_0.space_id,sie1_0.url from catalog.space_images sie1_0 left join catalog.spaces s1_0 on s1_0.id=sie1_0.space_id where s1_0.id=? order by sie1_0.display_order
2025-11-20 20:29:57 - select sie1_0.id,sie1_0.alt_text,sie1_0.created_at,sie1_0.display_order,sie1_0.is_primary,sie1_0.space_id,sie1_0.url from catalog.space_images sie1_0 left join catalog.spaces s1_0 on s1_0.id=sie1_0.space_id where s1_0.id=? order by sie1_0.display_order
2025-11-20 20:29:57 - select sie1_0.id,sie1_0.alt_text,sie1_0.created_at,sie1_0.display_order,sie1_0.is_primary,sie1_0.space_id,sie1_0.url from catalog.space_images sie1_0 left join catalog.spaces s1_0 on s1_0.id=sie1_0.space_id where s1_0.id=? order by sie1_0.display_order
2025-11-20 20:29:57 - select sie1_0.id,sie1_0.alt_text,sie1_0.created_at,sie1_0.display_order,sie1_0.is_primary,sie1_0.space_id,sie1_0.url from catalog.space_images sie1_0 left join catalog.spaces s1_0 on s1_0.id=sie1_0.space_id where s1_0.id=? order by sie1_0.display_order
2025-11-20 20:29:57 - select sie1_0.id,sie1_0.alt_text,sie1_0.created_at,sie1_0.display_order,sie1_0.is_primary,sie1_0.space_id,sie1_0.url from catalog.space_images sie1_0 left join catalog.spaces s1_0 on s1_0.id=sie1_0.space_id where s1_0.id=? order by sie1_0.display_order
2025-11-20 20:29:57 - select sie1_0.id,sie1_0.alt_text,sie1_0.created_at,sie1_0.display_order,sie1_0.is_primary,sie1_0.space_id,sie1_0.url from catalog.space_images sie1_0 left join catalog.spaces s1_0 on s1_0.id=sie1_0.space_id where s1_0.id=? order by sie1_0.display_order
2025-11-20 20:29:57 - select sie1_0.id,sie1_0.alt_text,sie1_0.created_at,sie1_0.display_order,sie1_0.is_primary,sie1_0.space_id,sie1_0.url from catalog.space_images sie1_0 left join catalog.spaces s1_0 on s1_0.id=sie1_0.space_id where s1_0.id=? order by sie1_0.display_order
2025-11-20 20:29:57 - select sie1_0.id,sie1_0.alt_text,sie1_0.created_at,sie1_0.display_order,sie1_0.is_primary,sie1_0.space_id,sie1_0.url from catalog.space_images sie1_0 left join catalog.spaces s1_0 on s1_0.id=sie1_0.space_id where s1_0.id=? order by sie1_0.display_order
2025-11-20 20:29:57 - select sie1_0.id,sie1_0.alt_text,sie1_0.created_at,sie1_0.display_order,sie1_0.is_primary,sie1_0.space_id,sie1_0.url from catalog.space_images sie1_0 left join catalog.spaces s1_0 on s1_0.id=sie1_0.space_id where s1_0.id=? order by sie1_0.display_order
2025-11-20 20:29:57 - select sie1_0.id,sie1_0.alt_text,sie1_0.created_at,sie1_0.display_order,sie1_0.is_primary,sie1_0.space_id,sie1_0.url from catalog.space_images sie1_0 left join catalog.spaces s1_0 on s1_0.id=sie1_0.space_id where s1_0.id=? order by sie1_0.display_order
2025-11-20 20:29:57 - select sie1_0.id,sie1_0.alt_text,sie1_0.created_at,sie1_0.display_order,sie1_0.is_primary,sie1_0.space_id,sie1_0.url from catalog.space_images sie1_0 left join catalog.spaces s1_0 on s1_0.id=sie1_0.space_id where s1_0.id=? order by sie1_0.display_order
2025-11-20 20:29:57 - select sie1_0.id,sie1_0.alt_text,sie1_0.created_at,sie1_0.display_order,sie1_0.is_primary,sie1_0.space_id,sie1_0.url from catalog.space_images sie1_0 left join catalog.spaces s1_0 on s1_0.id=sie1_0.space_id where s1_0.id=? order by sie1_0.display_order
2025-11-20 20:29:57 - select sie1_0.id,sie1_0.alt_text,sie1_0.created_at,sie1_0.display_order,sie1_0.is_primary,sie1_0.space_id,sie1_0.url from catalog.space_images sie1_0 left join catalog.spaces s1_0 on s1_0.id=sie1_0.space_id where s1_0.id=? order by sie1_0.display_order
2025-11-20 20:29:57 - select sie1_0.id,sie1_0.alt_text,sie1_0.created_at,sie1_0.display_order,sie1_0.is_primary,sie1_0.space_id,sie1_0.url from catalog.space_images sie1_0 left join catalog.spaces s1_0 on s1_0.id=sie1_0.space_id where s1_0.id=? order by sie1_0.display_order
2025-11-20 20:29:57 - select sie1_0.id,sie1_0.alt_text,sie1_0.created_at,sie1_0.display_order,sie1_0.is_primary,sie1_0.space_id,sie1_0.url from catalog.space_images sie1_0 left join catalog.spaces s1_0 on s1_0.id=sie1_0.space_id where s1_0.id=? order by sie1_0.display_order
2025-11-20 20:29:57 - select sie1_0.id,sie1_0.alt_text,sie1_0.created_at,sie1_0.display_order,sie1_0.is_primary,sie1_0.space_id,sie1_0.url from catalog.space_images sie1_0 left join catalog.spaces s1_0 on s1_0.id=sie1_0.space_id where s1_0.id=? order by sie1_0.display_order
2025-11-20 20:29:57 - select sie1_0.id,sie1_0.alt_text,sie1_0.created_at,sie1_0.display_order,sie1_0.is_primary,sie1_0.space_id,sie1_0.url from catalog.space_images sie1_0 left join catalog.spaces s1_0 on s1_0.id=sie1_0.space_id where s1_0.id=? order by sie1_0.display_order
2025-11-20 20:29:57 - select sie1_0.id,sie1_0.alt_text,sie1_0.created_at,sie1_0.display_order,sie1_0.is_primary,sie1_0.space_id,sie1_0.url from catalog.space_images sie1_0 left join catalog.spaces s1_0 on s1_0.id=sie1_0.space_id where s1_0.id=? order by sie1_0.display_order
2025-11-20 20:29:57 - select sie1_0.id,sie1_0.alt_text,sie1_0.created_at,sie1_0.display_order,sie1_0.is_primary,sie1_0.space_id,sie1_0.url from catalog.space_images sie1_0 left join catalog.spaces s1_0 on s1_0.id=sie1_0.space_id where s1_0.id=? order by sie1_0.display_order
2025-11-20 20:29:57 - select sie1_0.id,sie1_0.alt_text,sie1_0.created_at,sie1_0.display_order,sie1_0.is_primary,sie1_0.space_id,sie1_0.url from catalog.space_images sie1_0 left join catalog.spaces s1_0 on s1_0.id=sie1_0.space_id where s1_0.id=? order by sie1_0.display_order
2025-11-20 20:29:57 - select sie1_0.id,sie1_0.alt_text,sie1_0.created_at,sie1_0.display_order,sie1_0.is_primary,sie1_0.space_id,sie1_0.url from catalog.space_images sie1_0 left join catalog.spaces s1_0 on s1_0.id=sie1_0.space_id where s1_0.id=? order by sie1_0.display_order
2025-11-20 20:29:57 - select sie1_0.id,sie1_0.alt_text,sie1_0.created_at,sie1_0.display_order,sie1_0.is_primary,sie1_0.space_id,sie1_0.url from catalog.space_images sie1_0 left join catalog.spaces s1_0 on s1_0.id=sie1_0.space_id where s1_0.id=? order by sie1_0.display_order
2025-11-20 20:29:57 - select sie1_0.id,sie1_0.alt_text,sie1_0.created_at,sie1_0.display_order,sie1_0.is_primary,sie1_0.space_id,sie1_0.url from catalog.space_images sie1_0 left join catalog.spaces s1_0 on s1_0.id=sie1_0.space_id where s1_0.id=? order by sie1_0.display_order
2025-11-20 20:29:57 - select sie1_0.id,sie1_0.alt_text,sie1_0.created_at,sie1_0.display_order,sie1_0.is_primary,sie1_0.space_id,sie1_0.url from catalog.space_images sie1_0 left join catalog.spaces s1_0 on s1_0.id=sie1_0.space_id where s1_0.id=? order by sie1_0.display_order
2025-11-20 20:29:57 - select sie1_0.id,sie1_0.alt_text,sie1_0.created_at,sie1_0.display_order,sie1_0.is_primary,sie1_0.space_id,sie1_0.url from catalog.space_images sie1_0 left join catalog.spaces s1_0 on s1_0.id=sie1_0.space_id where s1_0.id=? order by sie1_0.display_order
2025-11-20 20:29:57 - select sie1_0.id,sie1_0.alt_text,sie1_0.created_at,sie1_0.display_order,sie1_0.is_primary,sie1_0.space_id,sie1_0.url from catalog.space_images sie1_0 left join catalog.spaces s1_0 on s1_0.id=sie1_0.space_id where s1_0.id=? order by sie1_0.display_order
2025-11-20 20:29:57 - select sie1_0.id,sie1_0.alt_text,sie1_0.created_at,sie1_0.display_order,sie1_0.is_primary,sie1_0.space_id,sie1_0.url from catalog.space_images sie1_0 left join catalog.spaces s1_0 on s1_0.id=sie1_0.space_id where s1_0.id=? order by sie1_0.display_order
2025-11-20 20:29:57 - select sie1_0.id,sie1_0.alt_text,sie1_0.created_at,sie1_0.display_order,sie1_0.is_primary,sie1_0.space_id,sie1_0.url from catalog.space_images sie1_0 left join catalog.spaces s1_0 on s1_0.id=sie1_0.space_id where s1_0.id=? order by sie1_0.display_order
2025-11-20 20:29:57 - select sie1_0.id,sie1_0.alt_text,sie1_0.created_at,sie1_0.display_order,sie1_0.is_primary,sie1_0.space_id,sie1_0.url from catalog.space_images sie1_0 left join catalog.spaces s1_0 on s1_0.id=sie1_0.space_id where s1_0.id=? order by sie1_0.display_order
2025-11-20 20:29:57 - select sie1_0.id,sie1_0.alt_text,sie1_0.created_at,sie1_0.display_order,sie1_0.is_primary,sie1_0.space_id,sie1_0.url from catalog.space_images sie1_0 left join catalog.spaces s1_0 on s1_0.id=sie1_0.space_id where s1_0.id=? order by sie1_0.display_order
2025-11-20 20:29:57 - select sie1_0.id,sie1_0.alt_text,sie1_0.created_at,sie1_0.display_order,sie1_0.is_primary,sie1_0.space_id,sie1_0.url from catalog.space_images sie1_0 left join catalog.spaces s1_0 on s1_0.id=sie1_0.space_id where s1_0.id=? order by sie1_0.display_order
2025-11-20 20:29:57 - select sie1_0.id,sie1_0.alt_text,sie1_0.created_at,sie1_0.display_order,sie1_0.is_primary,sie1_0.space_id,sie1_0.url from catalog.space_images sie1_0 left join catalog.spaces s1_0 on s1_0.id=sie1_0.space_id where s1_0.id=? order by sie1_0.display_order
2025-11-20 20:29:57 - select sie1_0.id,sie1_0.alt_text,sie1_0.created_at,sie1_0.display_order,sie1_0.is_primary,sie1_0.space_id,sie1_0.url from catalog.space_images sie1_0 left join catalog.spaces s1_0 on s1_0.id=sie1_0.space_id where s1_0.id=? order by sie1_0.display_order
2025-11-20 20:29:57 - select sie1_0.id,sie1_0.alt_text,sie1_0.created_at,sie1_0.display_order,sie1_0.is_primary,sie1_0.space_id,sie1_0.url from catalog.space_images sie1_0 left join catalog.spaces s1_0 on s1_0.id=sie1_0.space_id where s1_0.id=? order by sie1_0.display_order
2025-11-20 20:29:57 - select sie1_0.id,sie1_0.alt_text,sie1_0.created_at,sie1_0.display_order,sie1_0.is_primary,sie1_0.space_id,sie1_0.url from catalog.space_images sie1_0 left join catalog.spaces s1_0 on s1_0.id=sie1_0.space_id where s1_0.id=? order by sie1_0.display_order
2025-11-20 20:29:57 - select sie1_0.id,sie1_0.alt_text,sie1_0.created_at,sie1_0.display_order,sie1_0.is_primary,sie1_0.space_id,sie1_0.url from catalog.space_images sie1_0 left join catalog.spaces s1_0 on s1_0.id=sie1_0.space_id where s1_0.id=? order by sie1_0.display_order
2025-11-20 20:29:57 - select sie1_0.id,sie1_0.alt_text,sie1_0.created_at,sie1_0.display_order,sie1_0.is_primary,sie1_0.space_id,sie1_0.url from catalog.space_images sie1_0 left join catalog.spaces s1_0 on s1_0.id=sie1_0.space_id where s1_0.id=? order by sie1_0.display_order
2025-11-20 20:29:57 - select sie1_0.id,sie1_0.alt_text,sie1_0.created_at,sie1_0.display_order,sie1_0.is_primary,sie1_0.space_id,sie1_0.url from catalog.space_images sie1_0 left join catalog.spaces s1_0 on s1_0.id=sie1_0.space_id where s1_0.id=? order by sie1_0.display_order
2025-11-20 20:29:57 - select sie1_0.id,sie1_0.alt_text,sie1_0.created_at,sie1_0.display_order,sie1_0.is_primary,sie1_0.space_id,sie1_0.url from catalog.space_images sie1_0 left join catalog.spaces s1_0 on s1_0.id=sie1_0.space_id where s1_0.id=? order by sie1_0.display_order
2025-11-20 20:29:57 - select sie1_0.id,sie1_0.alt_text,sie1_0.created_at,sie1_0.display_order,sie1_0.is_primary,sie1_0.space_id,sie1_0.url from catalog.space_images sie1_0 left join catalog.spaces s1_0 on s1_0.id=sie1_0.space_id where s1_0.id=? order by sie1_0.display_order
2025-11-20 20:29:57 - select sie1_0.id,sie1_0.alt_text,sie1_0.created_at,sie1_0.display_order,sie1_0.is_primary,sie1_0.space_id,sie1_0.url from catalog.space_images sie1_0 left join catalog.spaces s1_0 on s1_0.id=sie1_0.space_id where s1_0.id=? order by sie1_0.display_order
2025-11-20 20:29:57 - select sie1_0.id,sie1_0.alt_text,sie1_0.created_at,sie1_0.display_order,sie1_0.is_primary,sie1_0.space_id,sie1_0.url from catalog.space_images sie1_0 left join catalog.spaces s1_0 on s1_0.id=sie1_0.space_id where s1_0.id=? order by sie1_0.display_order
2025-11-20 20:29:57 - select sie1_0.id,sie1_0.alt_text,sie1_0.created_at,sie1_0.display_order,sie1_0.is_primary,sie1_0.space_id,sie1_0.url from catalog.space_images sie1_0 left join catalog.spaces s1_0 on s1_0.id=sie1_0.space_id where s1_0.id=? order by sie1_0.display_order
2025-11-20 20:29:57 - select sie1_0.id,sie1_0.alt_text,sie1_0.created_at,sie1_0.display_order,sie1_0.is_primary,sie1_0.space_id,sie1_0.url from catalog.space_images sie1_0 left join catalog.spaces s1_0 on s1_0.id=sie1_0.space_id where s1_0.id=? order by sie1_0.display_order
2025-11-20 20:29:57 - select sie1_0.id,sie1_0.alt_text,sie1_0.created_at,sie1_0.display_order,sie1_0.is_primary,sie1_0.space_id,sie1_0.url from catalog.space_images sie1_0 left join catalog.spaces s1_0 on s1_0.id=sie1_0.space_id where s1_0.id=? order by sie1_0.display_order
2025-11-20 20:29:57 - select sie1_0.id,sie1_0.alt_text,sie1_0.created_at,sie1_0.display_order,sie1_0.is_primary,sie1_0.space_id,sie1_0.url from catalog.space_images sie1_0 left join catalog.spaces s1_0 on s1_0.id=sie1_0.space_id where s1_0.id=? order by sie1_0.display_order
2025-11-20 20:29:57 - select sie1_0.id,sie1_0.alt_text,sie1_0.created_at,sie1_0.display_order,sie1_0.is_primary,sie1_0.space_id,sie1_0.url from catalog.space_images sie1_0 left join catalog.spaces s1_0 on s1_0.id=sie1_0.space_id where s1_0.id=? order by sie1_0.display_order
2025-11-20 20:29:57 - select sie1_0.id,sie1_0.alt_text,sie1_0.created_at,sie1_0.display_order,sie1_0.is_primary,sie1_0.space_id,sie1_0.url from catalog.space_images sie1_0 left join catalog.spaces s1_0 on s1_0.id=sie1_0.space_id where s1_0.id=? order by sie1_0.display_order
2025-11-20 20:29:57 - select sie1_0.id,sie1_0.alt_text,sie1_0.created_at,sie1_0.display_order,sie1_0.is_primary,sie1_0.space_id,sie1_0.url from catalog.space_images sie1_0 left join catalog.spaces s1_0 on s1_0.id=sie1_0.space_id where s1_0.id=? order by sie1_0.display_order
2025-11-20 20:29:57 - select sie1_0.id,sie1_0.alt_text,sie1_0.created_at,sie1_0.display_order,sie1_0.is_primary,sie1_0.space_id,sie1_0.url from catalog.space_images sie1_0 left join catalog.spaces s1_0 on s1_0.id=sie1_0.space_id where s1_0.id=? order by sie1_0.display_order
2025-11-20 20:29:57 - select sie1_0.id,sie1_0.alt_text,sie1_0.created_at,sie1_0.display_order,sie1_0.is_primary,sie1_0.space_id,sie1_0.url from catalog.space_images sie1_0 left join catalog.spaces s1_0 on s1_0.id=sie1_0.space_id where s1_0.id=? order by sie1_0.display_order
2025-11-20 20:29:57 - select sie1_0.id,sie1_0.alt_text,sie1_0.created_at,sie1_0.display_order,sie1_0.is_primary,sie1_0.space_id,sie1_0.url from catalog.space_images sie1_0 left join catalog.spaces s1_0 on s1_0.id=sie1_0.space_id where s1_0.id=? order by sie1_0.display_order
2025-11-20 20:29:57 - select sie1_0.id,sie1_0.alt_text,sie1_0.created_at,sie1_0.display_order,sie1_0.is_primary,sie1_0.space_id,sie1_0.url from catalog.space_images sie1_0 left join catalog.spaces s1_0 on s1_0.id=sie1_0.space_id where s1_0.id=? order by sie1_0.display_order
2025-11-20 20:29:57 - select sie1_0.id,sie1_0.alt_text,sie1_0.created_at,sie1_0.display_order,sie1_0.is_primary,sie1_0.space_id,sie1_0.url from catalog.space_images sie1_0 left join catalog.spaces s1_0 on s1_0.id=sie1_0.space_id where s1_0.id=? order by sie1_0.display_order
2025-11-20 20:29:57 - select sie1_0.id,sie1_0.alt_text,sie1_0.created_at,sie1_0.display_order,sie1_0.is_primary,sie1_0.space_id,sie1_0.url from catalog.space_images sie1_0 left join catalog.spaces s1_0 on s1_0.id=sie1_0.space_id where s1_0.id=? order by sie1_0.display_order
2025-11-20 20:29:57 - select sie1_0.id,sie1_0.alt_text,sie1_0.created_at,sie1_0.display_order,sie1_0.is_primary,sie1_0.space_id,sie1_0.url from catalog.space_images sie1_0 left join catalog.spaces s1_0 on s1_0.id=sie1_0.space_id where s1_0.id=? order by sie1_0.display_order
2025-11-20 20:29:57 - select sie1_0.id,sie1_0.alt_text,sie1_0.created_at,sie1_0.display_order,sie1_0.is_primary,sie1_0.space_id,sie1_0.url from catalog.space_images sie1_0 left join catalog.spaces s1_0 on s1_0.id=sie1_0.space_id where s1_0.id=? order by sie1_0.display_order
2025-11-20 20:29:57 - select sie1_0.id,sie1_0.alt_text,sie1_0.created_at,sie1_0.display_order,sie1_0.is_primary,sie1_0.space_id,sie1_0.url from catalog.space_images sie1_0 left join catalog.spaces s1_0 on s1_0.id=sie1_0.space_id where s1_0.id=? order by sie1_0.display_order
2025-11-20 20:29:57 - select se1_0.id,se1_0.address,se1_0.amenities,se1_0.area_sqm,se1_0.base_price_cents,se1_0.capacity,se1_0.created_at,se1_0.description,se1_0.lat,se1_0.lon,se1_0.owner_id,se1_0.rules,se1_0.status,se1_0.title,se1_0.updated_at from catalog.spaces se1_0 where se1_0.id=?
2025-11-20 20:29:57 - select sie1_0.id,sie1_0.alt_text,sie1_0.created_at,sie1_0.display_order,sie1_0.is_primary,sie1_0.space_id,sie1_0.url from catalog.space_images sie1_0 left join catalog.spaces s1_0 on s1_0.id=sie1_0.space_id where s1_0.id=? order by sie1_0.display_order
2025-11-20 20:29:57 - Error caching key 'space:f2800de5-c224-4598-9065-1c28384729aa': Could not write JSON: Java 8 date/time type `java.time.LocalDateTime` not supported by default: add Module "com.fasterxml.jackson.datatype:jackson-datatype-jsr310" to enable handling (or disable `MapperFeature.REQUIRE_HANDLERS_FOR_JAVA8_TIMES`) (through reference chain: com.balconazo.catalog_microservice.dto.SpaceDTO["createdAt"])
2025-11-20 20:29:57 - No JWT token found in request to: /api/catalog/spaces - returning 401 UNAUTHORIZED
2025-11-20 20:29:57 - select se1_0.id,se1_0.address,se1_0.amenities,se1_0.area_sqm,se1_0.base_price_cents,se1_0.capacity,se1_0.created_at,se1_0.description,se1_0.lat,se1_0.lon,se1_0.owner_id,se1_0.rules,se1_0.status,se1_0.title,se1_0.updated_at from catalog.spaces se1_0 where se1_0.id=?
2025-11-20 20:29:57 - select sie1_0.id,sie1_0.alt_text,sie1_0.created_at,sie1_0.display_order,sie1_0.is_primary,sie1_0.space_id,sie1_0.url from catalog.space_images sie1_0 left join catalog.spaces s1_0 on s1_0.id=sie1_0.space_id where s1_0.id=? order by sie1_0.display_order
2025-11-20 20:29:57 - Error caching key 'space:f2800de5-c224-4598-9065-1c28384729aa': Could not write JSON: Java 8 date/time type `java.time.LocalDateTime` not supported by default: add Module "com.fasterxml.jackson.datatype:jackson-datatype-jsr310" to enable handling (or disable `MapperFeature.REQUIRE_HANDLERS_FOR_JAVA8_TIMES`) (through reference chain: com.balconazo.catalog_microservice.dto.SpaceDTO["createdAt"])
2025-11-20 20:29:57 - select se1_0.id,se1_0.address,se1_0.amenities,se1_0.area_sqm,se1_0.base_price_cents,se1_0.capacity,se1_0.created_at,se1_0.description,se1_0.lat,se1_0.lon,se1_0.owner_id,se1_0.rules,se1_0.status,se1_0.title,se1_0.updated_at from catalog.spaces se1_0 where se1_0.id=?
2025-11-20 20:29:57 - update catalog.spaces set address=?,amenities=?,area_sqm=?,base_price_cents=?,capacity=?,description=?,lat=?,lon=?,owner_id=?,rules=?,status=?,title=?,updated_at=? where id=?
2025-11-20 20:29:57 - select se1_0.id,se1_0.address,se1_0.amenities,se1_0.area_sqm,se1_0.base_price_cents,se1_0.capacity,se1_0.created_at,se1_0.description,se1_0.lat,se1_0.lon,se1_0.owner_id,se1_0.rules,se1_0.status,se1_0.title,se1_0.updated_at from catalog.spaces se1_0 where se1_0.id=?
2025-11-20 20:29:57 - select sie1_0.id,sie1_0.alt_text,sie1_0.created_at,sie1_0.display_order,sie1_0.is_primary,sie1_0.space_id,sie1_0.url from catalog.space_images sie1_0 left join catalog.spaces s1_0 on s1_0.id=sie1_0.space_id where s1_0.id=? order by sie1_0.display_order
2025-11-20 20:29:57 - Error caching key 'space:f2800de5-c224-4598-9065-1c28384729aa': Could not write JSON: Java 8 date/time type `java.time.LocalDateTime` not supported by default: add Module "com.fasterxml.jackson.datatype:jackson-datatype-jsr310" to enable handling (or disable `MapperFeature.REQUIRE_HANDLERS_FOR_JAVA8_TIMES`) (through reference chain: com.balconazo.catalog_microservice.dto.SpaceDTO["createdAt"])
2025-11-20 20:29:57 - No JWT token found in request to: /api/catalog/spaces/f2800de5-c224-4598-9065-1c28384729aa - returning 401 UNAUTHORIZED
2025-11-20 20:29:57 - select se1_0.id,se1_0.address,se1_0.amenities,se1_0.area_sqm,se1_0.base_price_cents,se1_0.capacity,se1_0.created_at,se1_0.description,se1_0.lat,se1_0.lon,se1_0.owner_id,se1_0.rules,se1_0.status,se1_0.title,se1_0.updated_at from catalog.spaces se1_0 where se1_0.id=?
2025-11-20 20:29:57 - select sie1_0.id,sie1_0.alt_text,sie1_0.created_at,sie1_0.display_order,sie1_0.is_primary,sie1_0.space_id,sie1_0.url from catalog.space_images sie1_0 left join catalog.spaces s1_0 on s1_0.id=sie1_0.space_id where s1_0.id=? order by sie1_0.display_order
2025-11-20 20:29:57 - Error caching key 'space:5ad0e881-4c8a-4403-8198-09bbdb4eec22': Could not write JSON: Java 8 date/time type `java.time.LocalDateTime` not supported by default: add Module "com.fasterxml.jackson.datatype:jackson-datatype-jsr310" to enable handling (or disable `MapperFeature.REQUIRE_HANDLERS_FOR_JAVA8_TIMES`) (through reference chain: com.balconazo.catalog_microservice.dto.SpaceDTO["createdAt"])
2025-11-20 20:29:57 - select se1_0.id,se1_0.address,se1_0.amenities,se1_0.area_sqm,se1_0.base_price_cents,se1_0.capacity,se1_0.created_at,se1_0.description,se1_0.lat,se1_0.lon,se1_0.owner_id,se1_0.rules,se1_0.status,se1_0.title,se1_0.updated_at from catalog.spaces se1_0 where se1_0.id=?
2025-11-20 20:29:57 - update catalog.spaces set address=?,amenities=?,area_sqm=?,base_price_cents=?,capacity=?,description=?,lat=?,lon=?,owner_id=?,rules=?,status=?,title=?,updated_at=? where id=?
2025-11-20 20:29:57 - select se1_0.id,se1_0.address,se1_0.amenities,se1_0.area_sqm,se1_0.base_price_cents,se1_0.capacity,se1_0.created_at,se1_0.description,se1_0.lat,se1_0.lon,se1_0.owner_id,se1_0.rules,se1_0.status,se1_0.title,se1_0.updated_at from catalog.spaces se1_0 where se1_0.id=?
2025-11-20 20:29:57 - select sie1_0.id,sie1_0.alt_text,sie1_0.created_at,sie1_0.display_order,sie1_0.is_primary,sie1_0.space_id,sie1_0.url from catalog.space_images sie1_0 left join catalog.spaces s1_0 on s1_0.id=sie1_0.space_id where s1_0.id=? order by sie1_0.display_order
2025-11-20 20:29:57 - Error caching key 'space:5ad0e881-4c8a-4403-8198-09bbdb4eec22': Could not write JSON: Java 8 date/time type `java.time.LocalDateTime` not supported by default: add Module "com.fasterxml.jackson.datatype:jackson-datatype-jsr310" to enable handling (or disable `MapperFeature.REQUIRE_HANDLERS_FOR_JAVA8_TIMES`) (through reference chain: com.balconazo.catalog_microservice.dto.SpaceDTO["createdAt"])
2025-11-20 20:29:57 - select se1_0.id,se1_0.address,se1_0.amenities,se1_0.area_sqm,se1_0.base_price_cents,se1_0.capacity,se1_0.created_at,se1_0.description,se1_0.lat,se1_0.lon,se1_0.owner_id,se1_0.rules,se1_0.status,se1_0.title,se1_0.updated_at from catalog.spaces se1_0 where se1_0.id=?
2025-11-20 20:29:57 - select sie1_0.id,sie1_0.alt_text,sie1_0.created_at,sie1_0.display_order,sie1_0.is_primary,sie1_0.space_id,sie1_0.url from catalog.space_images sie1_0 left join catalog.spaces s1_0 on s1_0.id=sie1_0.space_id where s1_0.id=? order by sie1_0.display_order
2025-11-20 20:29:57 - Error caching key 'space:f2800de5-c224-4598-9065-1c28384729aa': Could not write JSON: Java 8 date/time type `java.time.LocalDateTime` not supported by default: add Module "com.fasterxml.jackson.datatype:jackson-datatype-jsr310" to enable handling (or disable `MapperFeature.REQUIRE_HANDLERS_FOR_JAVA8_TIMES`) (through reference chain: com.balconazo.catalog_microservice.dto.SpaceDTO["createdAt"])
2025-11-20 20:29:57 - No JWT token found in request to: /api/catalog/spaces/f2800de5-c224-4598-9065-1c28384729aa - returning 401 UNAUTHORIZED
2025-11-20 20:32:17 - Resolving eureka endpoints via configuration
2025-11-20 20:34:38 - Espacio creado con estado ACTIVE: 20b94115-373d-4d1d-864e-aa639d14dac0 por usuario: 3d777559-9a9f-4c07-9219-7844051b0627
2025-11-20 20:34:38 - Usuario 3d777559-9a9f-4c07-9219-7844051b0627 promovido a host exitosamente
2025-11-20 20:34:38 - Publicando evento SpaceCreated para espacio: 20b94115-373d-4d1d-864e-aa639d14dac0
2025-11-20 20:34:38 - Evento SpaceCreated publicado exitosamente: 20b94115-373d-4d1d-864e-aa639d14dac0
2025-11-20 20:34:38 - insert into catalog.spaces (address,amenities,area_sqm,base_price_cents,capacity,created_at,description,lat,lon,owner_id,rules,status,title,updated_at,id) values (?,?,?,?,?,?,?,?,?,?,?,?,?,?,?)
2025-11-20 20:34:40 - Espacio creado con estado ACTIVE: 69fc197c-d60c-4efc-83c3-aa360d99cdf7 por usuario: 3d777559-9a9f-4c07-9219-7844051b0627
2025-11-20 20:34:40 - Usuario 3d777559-9a9f-4c07-9219-7844051b0627 promovido a host exitosamente
2025-11-20 20:34:40 - Publicando evento SpaceCreated para espacio: 69fc197c-d60c-4efc-83c3-aa360d99cdf7
2025-11-20 20:34:40 - Evento SpaceCreated publicado exitosamente: 69fc197c-d60c-4efc-83c3-aa360d99cdf7
2025-11-20 20:34:40 - insert into catalog.spaces (address,amenities,area_sqm,base_price_cents,capacity,created_at,description,lat,lon,owner_id,rules,status,title,updated_at,id) values (?,?,?,?,?,?,?,?,?,?,?,?,?,?,?)
2025-11-20 20:34:40 - Espacio creado con estado ACTIVE: 7702adc2-6684-4077-b999-bfbeacea9e8b por usuario: 65c89826-0bb0-48e8-b185-b782218105fb
2025-11-20 20:34:40 - Usuario 65c89826-0bb0-48e8-b185-b782218105fb promovido a host exitosamente
2025-11-20 20:34:40 - Publicando evento SpaceCreated para espacio: 7702adc2-6684-4077-b999-bfbeacea9e8b
2025-11-20 20:34:40 - Evento SpaceCreated publicado exitosamente: 7702adc2-6684-4077-b999-bfbeacea9e8b
2025-11-20 20:34:40 - insert into catalog.spaces (address,amenities,area_sqm,base_price_cents,capacity,created_at,description,lat,lon,owner_id,rules,status,title,updated_at,id) values (?,?,?,?,?,?,?,?,?,?,?,?,?,?,?)
2025-11-20 20:34:42 - No JWT token found in request to: /api/catalog/spaces - returning 401 UNAUTHORIZED
2025-11-20 20:34:42 - select se1_0.id,se1_0.address,se1_0.amenities,se1_0.area_sqm,se1_0.base_price_cents,se1_0.capacity,se1_0.created_at,se1_0.description,se1_0.lat,se1_0.lon,se1_0.owner_id,se1_0.rules,se1_0.status,se1_0.title,se1_0.updated_at from catalog.spaces se1_0 where se1_0.status=?
2025-11-20 20:34:42 - select sie1_0.id,sie1_0.alt_text,sie1_0.created_at,sie1_0.display_order,sie1_0.is_primary,sie1_0.space_id,sie1_0.url from catalog.space_images sie1_0 left join catalog.spaces s1_0 on s1_0.id=sie1_0.space_id where s1_0.id=? order by sie1_0.display_order
2025-11-20 20:34:42 - select sie1_0.id,sie1_0.alt_text,sie1_0.created_at,sie1_0.display_order,sie1_0.is_primary,sie1_0.space_id,sie1_0.url from catalog.space_images sie1_0 left join catalog.spaces s1_0 on s1_0.id=sie1_0.space_id where s1_0.id=? order by sie1_0.display_order
2025-11-20 20:34:42 - select sie1_0.id,sie1_0.alt_text,sie1_0.created_at,sie1_0.display_order,sie1_0.is_primary,sie1_0.space_id,sie1_0.url from catalog.space_images sie1_0 left join catalog.spaces s1_0 on s1_0.id=sie1_0.space_id where s1_0.id=? order by sie1_0.display_order
2025-11-20 20:34:42 - select sie1_0.id,sie1_0.alt_text,sie1_0.created_at,sie1_0.display_order,sie1_0.is_primary,sie1_0.space_id,sie1_0.url from catalog.space_images sie1_0 left join catalog.spaces s1_0 on s1_0.id=sie1_0.space_id where s1_0.id=? order by sie1_0.display_order
2025-11-20 20:34:42 - select sie1_0.id,sie1_0.alt_text,sie1_0.created_at,sie1_0.display_order,sie1_0.is_primary,sie1_0.space_id,sie1_0.url from catalog.space_images sie1_0 left join catalog.spaces s1_0 on s1_0.id=sie1_0.space_id where s1_0.id=? order by sie1_0.display_order
2025-11-20 20:34:42 - select sie1_0.id,sie1_0.alt_text,sie1_0.created_at,sie1_0.display_order,sie1_0.is_primary,sie1_0.space_id,sie1_0.url from catalog.space_images sie1_0 left join catalog.spaces s1_0 on s1_0.id=sie1_0.space_id where s1_0.id=? order by sie1_0.display_order
2025-11-20 20:34:42 - select sie1_0.id,sie1_0.alt_text,sie1_0.created_at,sie1_0.display_order,sie1_0.is_primary,sie1_0.space_id,sie1_0.url from catalog.space_images sie1_0 left join catalog.spaces s1_0 on s1_0.id=sie1_0.space_id where s1_0.id=? order by sie1_0.display_order
2025-11-20 20:34:42 - select sie1_0.id,sie1_0.alt_text,sie1_0.created_at,sie1_0.display_order,sie1_0.is_primary,sie1_0.space_id,sie1_0.url from catalog.space_images sie1_0 left join catalog.spaces s1_0 on s1_0.id=sie1_0.space_id where s1_0.id=? order by sie1_0.display_order
2025-11-20 20:34:42 - select sie1_0.id,sie1_0.alt_text,sie1_0.created_at,sie1_0.display_order,sie1_0.is_primary,sie1_0.space_id,sie1_0.url from catalog.space_images sie1_0 left join catalog.spaces s1_0 on s1_0.id=sie1_0.space_id where s1_0.id=? order by sie1_0.display_order
2025-11-20 20:34:42 - select sie1_0.id,sie1_0.alt_text,sie1_0.created_at,sie1_0.display_order,sie1_0.is_primary,sie1_0.space_id,sie1_0.url from catalog.space_images sie1_0 left join catalog.spaces s1_0 on s1_0.id=sie1_0.space_id where s1_0.id=? order by sie1_0.display_order
2025-11-20 20:34:42 - select sie1_0.id,sie1_0.alt_text,sie1_0.created_at,sie1_0.display_order,sie1_0.is_primary,sie1_0.space_id,sie1_0.url from catalog.space_images sie1_0 left join catalog.spaces s1_0 on s1_0.id=sie1_0.space_id where s1_0.id=? order by sie1_0.display_order
2025-11-20 20:34:42 - select sie1_0.id,sie1_0.alt_text,sie1_0.created_at,sie1_0.display_order,sie1_0.is_primary,sie1_0.space_id,sie1_0.url from catalog.space_images sie1_0 left join catalog.spaces s1_0 on s1_0.id=sie1_0.space_id where s1_0.id=? order by sie1_0.display_order
2025-11-20 20:34:42 - select sie1_0.id,sie1_0.alt_text,sie1_0.created_at,sie1_0.display_order,sie1_0.is_primary,sie1_0.space_id,sie1_0.url from catalog.space_images sie1_0 left join catalog.spaces s1_0 on s1_0.id=sie1_0.space_id where s1_0.id=? order by sie1_0.display_order
2025-11-20 20:34:42 - select sie1_0.id,sie1_0.alt_text,sie1_0.created_at,sie1_0.display_order,sie1_0.is_primary,sie1_0.space_id,sie1_0.url from catalog.space_images sie1_0 left join catalog.spaces s1_0 on s1_0.id=sie1_0.space_id where s1_0.id=? order by sie1_0.display_order
2025-11-20 20:34:42 - select sie1_0.id,sie1_0.alt_text,sie1_0.created_at,sie1_0.display_order,sie1_0.is_primary,sie1_0.space_id,sie1_0.url from catalog.space_images sie1_0 left join catalog.spaces s1_0 on s1_0.id=sie1_0.space_id where s1_0.id=? order by sie1_0.display_order
2025-11-20 20:34:42 - select sie1_0.id,sie1_0.alt_text,sie1_0.created_at,sie1_0.display_order,sie1_0.is_primary,sie1_0.space_id,sie1_0.url from catalog.space_images sie1_0 left join catalog.spaces s1_0 on s1_0.id=sie1_0.space_id where s1_0.id=? order by sie1_0.display_order
2025-11-20 20:34:42 - select sie1_0.id,sie1_0.alt_text,sie1_0.created_at,sie1_0.display_order,sie1_0.is_primary,sie1_0.space_id,sie1_0.url from catalog.space_images sie1_0 left join catalog.spaces s1_0 on s1_0.id=sie1_0.space_id where s1_0.id=? order by sie1_0.display_order
2025-11-20 20:34:42 - select sie1_0.id,sie1_0.alt_text,sie1_0.created_at,sie1_0.display_order,sie1_0.is_primary,sie1_0.space_id,sie1_0.url from catalog.space_images sie1_0 left join catalog.spaces s1_0 on s1_0.id=sie1_0.space_id where s1_0.id=? order by sie1_0.display_order
2025-11-20 20:34:42 - select sie1_0.id,sie1_0.alt_text,sie1_0.created_at,sie1_0.display_order,sie1_0.is_primary,sie1_0.space_id,sie1_0.url from catalog.space_images sie1_0 left join catalog.spaces s1_0 on s1_0.id=sie1_0.space_id where s1_0.id=? order by sie1_0.display_order
2025-11-20 20:34:42 - select sie1_0.id,sie1_0.alt_text,sie1_0.created_at,sie1_0.display_order,sie1_0.is_primary,sie1_0.space_id,sie1_0.url from catalog.space_images sie1_0 left join catalog.spaces s1_0 on s1_0.id=sie1_0.space_id where s1_0.id=? order by sie1_0.display_order
2025-11-20 20:34:42 - select sie1_0.id,sie1_0.alt_text,sie1_0.created_at,sie1_0.display_order,sie1_0.is_primary,sie1_0.space_id,sie1_0.url from catalog.space_images sie1_0 left join catalog.spaces s1_0 on s1_0.id=sie1_0.space_id where s1_0.id=? order by sie1_0.display_order
2025-11-20 20:34:42 - select sie1_0.id,sie1_0.alt_text,sie1_0.created_at,sie1_0.display_order,sie1_0.is_primary,sie1_0.space_id,sie1_0.url from catalog.space_images sie1_0 left join catalog.spaces s1_0 on s1_0.id=sie1_0.space_id where s1_0.id=? order by sie1_0.display_order
2025-11-20 20:34:42 - select sie1_0.id,sie1_0.alt_text,sie1_0.created_at,sie1_0.display_order,sie1_0.is_primary,sie1_0.space_id,sie1_0.url from catalog.space_images sie1_0 left join catalog.spaces s1_0 on s1_0.id=sie1_0.space_id where s1_0.id=? order by sie1_0.display_order
2025-11-20 20:34:42 - select sie1_0.id,sie1_0.alt_text,sie1_0.created_at,sie1_0.display_order,sie1_0.is_primary,sie1_0.space_id,sie1_0.url from catalog.space_images sie1_0 left join catalog.spaces s1_0 on s1_0.id=sie1_0.space_id where s1_0.id=? order by sie1_0.display_order
2025-11-20 20:34:42 - select sie1_0.id,sie1_0.alt_text,sie1_0.created_at,sie1_0.display_order,sie1_0.is_primary,sie1_0.space_id,sie1_0.url from catalog.space_images sie1_0 left join catalog.spaces s1_0 on s1_0.id=sie1_0.space_id where s1_0.id=? order by sie1_0.display_order
2025-11-20 20:34:42 - select sie1_0.id,sie1_0.alt_text,sie1_0.created_at,sie1_0.display_order,sie1_0.is_primary,sie1_0.space_id,sie1_0.url from catalog.space_images sie1_0 left join catalog.spaces s1_0 on s1_0.id=sie1_0.space_id where s1_0.id=? order by sie1_0.display_order
2025-11-20 20:34:42 - select sie1_0.id,sie1_0.alt_text,sie1_0.created_at,sie1_0.display_order,sie1_0.is_primary,sie1_0.space_id,sie1_0.url from catalog.space_images sie1_0 left join catalog.spaces s1_0 on s1_0.id=sie1_0.space_id where s1_0.id=? order by sie1_0.display_order
2025-11-20 20:34:42 - select sie1_0.id,sie1_0.alt_text,sie1_0.created_at,sie1_0.display_order,sie1_0.is_primary,sie1_0.space_id,sie1_0.url from catalog.space_images sie1_0 left join catalog.spaces s1_0 on s1_0.id=sie1_0.space_id where s1_0.id=? order by sie1_0.display_order
2025-11-20 20:34:42 - select sie1_0.id,sie1_0.alt_text,sie1_0.created_at,sie1_0.display_order,sie1_0.is_primary,sie1_0.space_id,sie1_0.url from catalog.space_images sie1_0 left join catalog.spaces s1_0 on s1_0.id=sie1_0.space_id where s1_0.id=? order by sie1_0.display_order
2025-11-20 20:34:42 - select sie1_0.id,sie1_0.alt_text,sie1_0.created_at,sie1_0.display_order,sie1_0.is_primary,sie1_0.space_id,sie1_0.url from catalog.space_images sie1_0 left join catalog.spaces s1_0 on s1_0.id=sie1_0.space_id where s1_0.id=? order by sie1_0.display_order
2025-11-20 20:34:42 - select sie1_0.id,sie1_0.alt_text,sie1_0.created_at,sie1_0.display_order,sie1_0.is_primary,sie1_0.space_id,sie1_0.url from catalog.space_images sie1_0 left join catalog.spaces s1_0 on s1_0.id=sie1_0.space_id where s1_0.id=? order by sie1_0.display_order
2025-11-20 20:34:42 - select sie1_0.id,sie1_0.alt_text,sie1_0.created_at,sie1_0.display_order,sie1_0.is_primary,sie1_0.space_id,sie1_0.url from catalog.space_images sie1_0 left join catalog.spaces s1_0 on s1_0.id=sie1_0.space_id where s1_0.id=? order by sie1_0.display_order
2025-11-20 20:34:42 - select sie1_0.id,sie1_0.alt_text,sie1_0.created_at,sie1_0.display_order,sie1_0.is_primary,sie1_0.space_id,sie1_0.url from catalog.space_images sie1_0 left join catalog.spaces s1_0 on s1_0.id=sie1_0.space_id where s1_0.id=? order by sie1_0.display_order
2025-11-20 20:34:42 - select sie1_0.id,sie1_0.alt_text,sie1_0.created_at,sie1_0.display_order,sie1_0.is_primary,sie1_0.space_id,sie1_0.url from catalog.space_images sie1_0 left join catalog.spaces s1_0 on s1_0.id=sie1_0.space_id where s1_0.id=? order by sie1_0.display_order
2025-11-20 20:34:42 - select sie1_0.id,sie1_0.alt_text,sie1_0.created_at,sie1_0.display_order,sie1_0.is_primary,sie1_0.space_id,sie1_0.url from catalog.space_images sie1_0 left join catalog.spaces s1_0 on s1_0.id=sie1_0.space_id where s1_0.id=? order by sie1_0.display_order
2025-11-20 20:34:42 - select sie1_0.id,sie1_0.alt_text,sie1_0.created_at,sie1_0.display_order,sie1_0.is_primary,sie1_0.space_id,sie1_0.url from catalog.space_images sie1_0 left join catalog.spaces s1_0 on s1_0.id=sie1_0.space_id where s1_0.id=? order by sie1_0.display_order
2025-11-20 20:34:42 - select sie1_0.id,sie1_0.alt_text,sie1_0.created_at,sie1_0.display_order,sie1_0.is_primary,sie1_0.space_id,sie1_0.url from catalog.space_images sie1_0 left join catalog.spaces s1_0 on s1_0.id=sie1_0.space_id where s1_0.id=? order by sie1_0.display_order
2025-11-20 20:34:42 - select sie1_0.id,sie1_0.alt_text,sie1_0.created_at,sie1_0.display_order,sie1_0.is_primary,sie1_0.space_id,sie1_0.url from catalog.space_images sie1_0 left join catalog.spaces s1_0 on s1_0.id=sie1_0.space_id where s1_0.id=? order by sie1_0.display_order
2025-11-20 20:34:42 - select sie1_0.id,sie1_0.alt_text,sie1_0.created_at,sie1_0.display_order,sie1_0.is_primary,sie1_0.space_id,sie1_0.url from catalog.space_images sie1_0 left join catalog.spaces s1_0 on s1_0.id=sie1_0.space_id where s1_0.id=? order by sie1_0.display_order
2025-11-20 20:34:42 - select sie1_0.id,sie1_0.alt_text,sie1_0.created_at,sie1_0.display_order,sie1_0.is_primary,sie1_0.space_id,sie1_0.url from catalog.space_images sie1_0 left join catalog.spaces s1_0 on s1_0.id=sie1_0.space_id where s1_0.id=? order by sie1_0.display_order
2025-11-20 20:34:42 - select sie1_0.id,sie1_0.alt_text,sie1_0.created_at,sie1_0.display_order,sie1_0.is_primary,sie1_0.space_id,sie1_0.url from catalog.space_images sie1_0 left join catalog.spaces s1_0 on s1_0.id=sie1_0.space_id where s1_0.id=? order by sie1_0.display_order
2025-11-20 20:34:42 - select sie1_0.id,sie1_0.alt_text,sie1_0.created_at,sie1_0.display_order,sie1_0.is_primary,sie1_0.space_id,sie1_0.url from catalog.space_images sie1_0 left join catalog.spaces s1_0 on s1_0.id=sie1_0.space_id where s1_0.id=? order by sie1_0.display_order
2025-11-20 20:34:42 - select sie1_0.id,sie1_0.alt_text,sie1_0.created_at,sie1_0.display_order,sie1_0.is_primary,sie1_0.space_id,sie1_0.url from catalog.space_images sie1_0 left join catalog.spaces s1_0 on s1_0.id=sie1_0.space_id where s1_0.id=? order by sie1_0.display_order
2025-11-20 20:34:42 - select sie1_0.id,sie1_0.alt_text,sie1_0.created_at,sie1_0.display_order,sie1_0.is_primary,sie1_0.space_id,sie1_0.url from catalog.space_images sie1_0 left join catalog.spaces s1_0 on s1_0.id=sie1_0.space_id where s1_0.id=? order by sie1_0.display_order
2025-11-20 20:34:42 - select sie1_0.id,sie1_0.alt_text,sie1_0.created_at,sie1_0.display_order,sie1_0.is_primary,sie1_0.space_id,sie1_0.url from catalog.space_images sie1_0 left join catalog.spaces s1_0 on s1_0.id=sie1_0.space_id where s1_0.id=? order by sie1_0.display_order
2025-11-20 20:34:42 - select sie1_0.id,sie1_0.alt_text,sie1_0.created_at,sie1_0.display_order,sie1_0.is_primary,sie1_0.space_id,sie1_0.url from catalog.space_images sie1_0 left join catalog.spaces s1_0 on s1_0.id=sie1_0.space_id where s1_0.id=? order by sie1_0.display_order
2025-11-20 20:34:42 - select sie1_0.id,sie1_0.alt_text,sie1_0.created_at,sie1_0.display_order,sie1_0.is_primary,sie1_0.space_id,sie1_0.url from catalog.space_images sie1_0 left join catalog.spaces s1_0 on s1_0.id=sie1_0.space_id where s1_0.id=? order by sie1_0.display_order
2025-11-20 20:34:42 - select sie1_0.id,sie1_0.alt_text,sie1_0.created_at,sie1_0.display_order,sie1_0.is_primary,sie1_0.space_id,sie1_0.url from catalog.space_images sie1_0 left join catalog.spaces s1_0 on s1_0.id=sie1_0.space_id where s1_0.id=? order by sie1_0.display_order
2025-11-20 20:34:42 - select sie1_0.id,sie1_0.alt_text,sie1_0.created_at,sie1_0.display_order,sie1_0.is_primary,sie1_0.space_id,sie1_0.url from catalog.space_images sie1_0 left join catalog.spaces s1_0 on s1_0.id=sie1_0.space_id where s1_0.id=? order by sie1_0.display_order
2025-11-20 20:34:42 - select sie1_0.id,sie1_0.alt_text,sie1_0.created_at,sie1_0.display_order,sie1_0.is_primary,sie1_0.space_id,sie1_0.url from catalog.space_images sie1_0 left join catalog.spaces s1_0 on s1_0.id=sie1_0.space_id where s1_0.id=? order by sie1_0.display_order
2025-11-20 20:34:42 - select sie1_0.id,sie1_0.alt_text,sie1_0.created_at,sie1_0.display_order,sie1_0.is_primary,sie1_0.space_id,sie1_0.url from catalog.space_images sie1_0 left join catalog.spaces s1_0 on s1_0.id=sie1_0.space_id where s1_0.id=? order by sie1_0.display_order
2025-11-20 20:34:42 - select sie1_0.id,sie1_0.alt_text,sie1_0.created_at,sie1_0.display_order,sie1_0.is_primary,sie1_0.space_id,sie1_0.url from catalog.space_images sie1_0 left join catalog.spaces s1_0 on s1_0.id=sie1_0.space_id where s1_0.id=? order by sie1_0.display_order
2025-11-20 20:34:42 - select sie1_0.id,sie1_0.alt_text,sie1_0.created_at,sie1_0.display_order,sie1_0.is_primary,sie1_0.space_id,sie1_0.url from catalog.space_images sie1_0 left join catalog.spaces s1_0 on s1_0.id=sie1_0.space_id where s1_0.id=? order by sie1_0.display_order
2025-11-20 20:34:42 - select sie1_0.id,sie1_0.alt_text,sie1_0.created_at,sie1_0.display_order,sie1_0.is_primary,sie1_0.space_id,sie1_0.url from catalog.space_images sie1_0 left join catalog.spaces s1_0 on s1_0.id=sie1_0.space_id where s1_0.id=? order by sie1_0.display_order
2025-11-20 20:34:42 - select sie1_0.id,sie1_0.alt_text,sie1_0.created_at,sie1_0.display_order,sie1_0.is_primary,sie1_0.space_id,sie1_0.url from catalog.space_images sie1_0 left join catalog.spaces s1_0 on s1_0.id=sie1_0.space_id where s1_0.id=? order by sie1_0.display_order
2025-11-20 20:34:42 - select sie1_0.id,sie1_0.alt_text,sie1_0.created_at,sie1_0.display_order,sie1_0.is_primary,sie1_0.space_id,sie1_0.url from catalog.space_images sie1_0 left join catalog.spaces s1_0 on s1_0.id=sie1_0.space_id where s1_0.id=? order by sie1_0.display_order
2025-11-20 20:34:42 - select sie1_0.id,sie1_0.alt_text,sie1_0.created_at,sie1_0.display_order,sie1_0.is_primary,sie1_0.space_id,sie1_0.url from catalog.space_images sie1_0 left join catalog.spaces s1_0 on s1_0.id=sie1_0.space_id where s1_0.id=? order by sie1_0.display_order
2025-11-20 20:34:42 - select sie1_0.id,sie1_0.alt_text,sie1_0.created_at,sie1_0.display_order,sie1_0.is_primary,sie1_0.space_id,sie1_0.url from catalog.space_images sie1_0 left join catalog.spaces s1_0 on s1_0.id=sie1_0.space_id where s1_0.id=? order by sie1_0.display_order
2025-11-20 20:34:42 - select sie1_0.id,sie1_0.alt_text,sie1_0.created_at,sie1_0.display_order,sie1_0.is_primary,sie1_0.space_id,sie1_0.url from catalog.space_images sie1_0 left join catalog.spaces s1_0 on s1_0.id=sie1_0.space_id where s1_0.id=? order by sie1_0.display_order
2025-11-20 20:34:42 - select sie1_0.id,sie1_0.alt_text,sie1_0.created_at,sie1_0.display_order,sie1_0.is_primary,sie1_0.space_id,sie1_0.url from catalog.space_images sie1_0 left join catalog.spaces s1_0 on s1_0.id=sie1_0.space_id where s1_0.id=? order by sie1_0.display_order
2025-11-20 20:34:42 - select sie1_0.id,sie1_0.alt_text,sie1_0.created_at,sie1_0.display_order,sie1_0.is_primary,sie1_0.space_id,sie1_0.url from catalog.space_images sie1_0 left join catalog.spaces s1_0 on s1_0.id=sie1_0.space_id where s1_0.id=? order by sie1_0.display_order
2025-11-20 20:34:42 - select sie1_0.id,sie1_0.alt_text,sie1_0.created_at,sie1_0.display_order,sie1_0.is_primary,sie1_0.space_id,sie1_0.url from catalog.space_images sie1_0 left join catalog.spaces s1_0 on s1_0.id=sie1_0.space_id where s1_0.id=? order by sie1_0.display_order
2025-11-20 20:34:42 - select sie1_0.id,sie1_0.alt_text,sie1_0.created_at,sie1_0.display_order,sie1_0.is_primary,sie1_0.space_id,sie1_0.url from catalog.space_images sie1_0 left join catalog.spaces s1_0 on s1_0.id=sie1_0.space_id where s1_0.id=? order by sie1_0.display_order
2025-11-20 20:34:42 - select se1_0.id,se1_0.address,se1_0.amenities,se1_0.area_sqm,se1_0.base_price_cents,se1_0.capacity,se1_0.created_at,se1_0.description,se1_0.lat,se1_0.lon,se1_0.owner_id,se1_0.rules,se1_0.status,se1_0.title,se1_0.updated_at from catalog.spaces se1_0 where se1_0.id=?
2025-11-20 20:34:42 - select sie1_0.id,sie1_0.alt_text,sie1_0.created_at,sie1_0.display_order,sie1_0.is_primary,sie1_0.space_id,sie1_0.url from catalog.space_images sie1_0 left join catalog.spaces s1_0 on s1_0.id=sie1_0.space_id where s1_0.id=? order by sie1_0.display_order
2025-11-20 20:34:42 - Error caching key 'space:20b94115-373d-4d1d-864e-aa639d14dac0': Could not write JSON: Java 8 date/time type `java.time.LocalDateTime` not supported by default: add Module "com.fasterxml.jackson.datatype:jackson-datatype-jsr310" to enable handling (or disable `MapperFeature.REQUIRE_HANDLERS_FOR_JAVA8_TIMES`) (through reference chain: com.balconazo.catalog_microservice.dto.SpaceDTO["createdAt"])
2025-11-20 20:34:42 - No JWT token found in request to: /api/catalog/spaces - returning 401 UNAUTHORIZED
2025-11-20 20:34:42 - select se1_0.id,se1_0.address,se1_0.amenities,se1_0.area_sqm,se1_0.base_price_cents,se1_0.capacity,se1_0.created_at,se1_0.description,se1_0.lat,se1_0.lon,se1_0.owner_id,se1_0.rules,se1_0.status,se1_0.title,se1_0.updated_at from catalog.spaces se1_0 where se1_0.id=?
2025-11-20 20:34:42 - select sie1_0.id,sie1_0.alt_text,sie1_0.created_at,sie1_0.display_order,sie1_0.is_primary,sie1_0.space_id,sie1_0.url from catalog.space_images sie1_0 left join catalog.spaces s1_0 on s1_0.id=sie1_0.space_id where s1_0.id=? order by sie1_0.display_order
2025-11-20 20:34:42 - Error caching key 'space:20b94115-373d-4d1d-864e-aa639d14dac0': Could not write JSON: Java 8 date/time type `java.time.LocalDateTime` not supported by default: add Module "com.fasterxml.jackson.datatype:jackson-datatype-jsr310" to enable handling (or disable `MapperFeature.REQUIRE_HANDLERS_FOR_JAVA8_TIMES`) (through reference chain: com.balconazo.catalog_microservice.dto.SpaceDTO["createdAt"])
2025-11-20 20:34:42 - select se1_0.id,se1_0.address,se1_0.amenities,se1_0.area_sqm,se1_0.base_price_cents,se1_0.capacity,se1_0.created_at,se1_0.description,se1_0.lat,se1_0.lon,se1_0.owner_id,se1_0.rules,se1_0.status,se1_0.title,se1_0.updated_at from catalog.spaces se1_0 where se1_0.id=?
2025-11-20 20:34:42 - update catalog.spaces set address=?,amenities=?,area_sqm=?,base_price_cents=?,capacity=?,description=?,lat=?,lon=?,owner_id=?,rules=?,status=?,title=?,updated_at=? where id=?
2025-11-20 20:34:42 - select se1_0.id,se1_0.address,se1_0.amenities,se1_0.area_sqm,se1_0.base_price_cents,se1_0.capacity,se1_0.created_at,se1_0.description,se1_0.lat,se1_0.lon,se1_0.owner_id,se1_0.rules,se1_0.status,se1_0.title,se1_0.updated_at from catalog.spaces se1_0 where se1_0.id=?
2025-11-20 20:34:42 - select sie1_0.id,sie1_0.alt_text,sie1_0.created_at,sie1_0.display_order,sie1_0.is_primary,sie1_0.space_id,sie1_0.url from catalog.space_images sie1_0 left join catalog.spaces s1_0 on s1_0.id=sie1_0.space_id where s1_0.id=? order by sie1_0.display_order
2025-11-20 20:34:42 - Error caching key 'space:20b94115-373d-4d1d-864e-aa639d14dac0': Could not write JSON: Java 8 date/time type `java.time.LocalDateTime` not supported by default: add Module "com.fasterxml.jackson.datatype:jackson-datatype-jsr310" to enable handling (or disable `MapperFeature.REQUIRE_HANDLERS_FOR_JAVA8_TIMES`) (through reference chain: com.balconazo.catalog_microservice.dto.SpaceDTO["createdAt"])
2025-11-20 20:34:42 - No JWT token found in request to: /api/catalog/spaces/20b94115-373d-4d1d-864e-aa639d14dac0 - returning 401 UNAUTHORIZED
2025-11-20 20:34:42 - select se1_0.id,se1_0.address,se1_0.amenities,se1_0.area_sqm,se1_0.base_price_cents,se1_0.capacity,se1_0.created_at,se1_0.description,se1_0.lat,se1_0.lon,se1_0.owner_id,se1_0.rules,se1_0.status,se1_0.title,se1_0.updated_at from catalog.spaces se1_0 where se1_0.id=?
2025-11-20 20:34:42 - select sie1_0.id,sie1_0.alt_text,sie1_0.created_at,sie1_0.display_order,sie1_0.is_primary,sie1_0.space_id,sie1_0.url from catalog.space_images sie1_0 left join catalog.spaces s1_0 on s1_0.id=sie1_0.space_id where s1_0.id=? order by sie1_0.display_order
2025-11-20 20:34:42 - Error caching key 'space:69fc197c-d60c-4efc-83c3-aa360d99cdf7': Could not write JSON: Java 8 date/time type `java.time.LocalDateTime` not supported by default: add Module "com.fasterxml.jackson.datatype:jackson-datatype-jsr310" to enable handling (or disable `MapperFeature.REQUIRE_HANDLERS_FOR_JAVA8_TIMES`) (through reference chain: com.balconazo.catalog_microservice.dto.SpaceDTO["createdAt"])
2025-11-20 20:34:42 - select se1_0.id,se1_0.address,se1_0.amenities,se1_0.area_sqm,se1_0.base_price_cents,se1_0.capacity,se1_0.created_at,se1_0.description,se1_0.lat,se1_0.lon,se1_0.owner_id,se1_0.rules,se1_0.status,se1_0.title,se1_0.updated_at from catalog.spaces se1_0 where se1_0.id=?
2025-11-20 20:34:42 - update catalog.spaces set address=?,amenities=?,area_sqm=?,base_price_cents=?,capacity=?,description=?,lat=?,lon=?,owner_id=?,rules=?,status=?,title=?,updated_at=? where id=?
2025-11-20 20:34:42 - select se1_0.id,se1_0.address,se1_0.amenities,se1_0.area_sqm,se1_0.base_price_cents,se1_0.capacity,se1_0.created_at,se1_0.description,se1_0.lat,se1_0.lon,se1_0.owner_id,se1_0.rules,se1_0.status,se1_0.title,se1_0.updated_at from catalog.spaces se1_0 where se1_0.id=?
2025-11-20 20:34:42 - select sie1_0.id,sie1_0.alt_text,sie1_0.created_at,sie1_0.display_order,sie1_0.is_primary,sie1_0.space_id,sie1_0.url from catalog.space_images sie1_0 left join catalog.spaces s1_0 on s1_0.id=sie1_0.space_id where s1_0.id=? order by sie1_0.display_order
2025-11-20 20:34:42 - Error caching key 'space:69fc197c-d60c-4efc-83c3-aa360d99cdf7': Could not write JSON: Java 8 date/time type `java.time.LocalDateTime` not supported by default: add Module "com.fasterxml.jackson.datatype:jackson-datatype-jsr310" to enable handling (or disable `MapperFeature.REQUIRE_HANDLERS_FOR_JAVA8_TIMES`) (through reference chain: com.balconazo.catalog_microservice.dto.SpaceDTO["createdAt"])
2025-11-20 20:34:43 - select se1_0.id,se1_0.address,se1_0.amenities,se1_0.area_sqm,se1_0.base_price_cents,se1_0.capacity,se1_0.created_at,se1_0.description,se1_0.lat,se1_0.lon,se1_0.owner_id,se1_0.rules,se1_0.status,se1_0.title,se1_0.updated_at from catalog.spaces se1_0 where se1_0.id=?
2025-11-20 20:34:43 - select sie1_0.id,sie1_0.alt_text,sie1_0.created_at,sie1_0.display_order,sie1_0.is_primary,sie1_0.space_id,sie1_0.url from catalog.space_images sie1_0 left join catalog.spaces s1_0 on s1_0.id=sie1_0.space_id where s1_0.id=? order by sie1_0.display_order
2025-11-20 20:34:43 - Error caching key 'space:20b94115-373d-4d1d-864e-aa639d14dac0': Could not write JSON: Java 8 date/time type `java.time.LocalDateTime` not supported by default: add Module "com.fasterxml.jackson.datatype:jackson-datatype-jsr310" to enable handling (or disable `MapperFeature.REQUIRE_HANDLERS_FOR_JAVA8_TIMES`) (through reference chain: com.balconazo.catalog_microservice.dto.SpaceDTO["createdAt"])
2025-11-20 20:34:43 - No JWT token found in request to: /api/catalog/spaces/20b94115-373d-4d1d-864e-aa639d14dac0 - returning 401 UNAUTHORIZED
2025-11-20 20:35:03 - Espacio creado con estado ACTIVE: 58e6a0f8-ac88-4414-ab43-51b184894518 por usuario: 4a26d976-876a-48f9-88aa-72b89e6cfc97
2025-11-20 20:35:03 - Usuario 4a26d976-876a-48f9-88aa-72b89e6cfc97 promovido a host exitosamente
2025-11-20 20:35:03 - Publicando evento SpaceCreated para espacio: 58e6a0f8-ac88-4414-ab43-51b184894518
2025-11-20 20:35:03 - Evento SpaceCreated publicado exitosamente: 58e6a0f8-ac88-4414-ab43-51b184894518
2025-11-20 20:35:03 - insert into catalog.spaces (address,amenities,area_sqm,base_price_cents,capacity,created_at,description,lat,lon,owner_id,rules,status,title,updated_at,id) values (?,?,?,?,?,?,?,?,?,?,?,?,?,?,?)
2025-11-20 20:35:05 - Espacio creado con estado ACTIVE: 1c1d6afc-273c-4f2a-8b2a-9bfa119a8e38 por usuario: 4a26d976-876a-48f9-88aa-72b89e6cfc97
2025-11-20 20:35:05 - Usuario 4a26d976-876a-48f9-88aa-72b89e6cfc97 promovido a host exitosamente
2025-11-20 20:35:05 - Publicando evento SpaceCreated para espacio: 1c1d6afc-273c-4f2a-8b2a-9bfa119a8e38
2025-11-20 20:35:05 - Evento SpaceCreated publicado exitosamente: 1c1d6afc-273c-4f2a-8b2a-9bfa119a8e38
2025-11-20 20:35:05 - insert into catalog.spaces (address,amenities,area_sqm,base_price_cents,capacity,created_at,description,lat,lon,owner_id,rules,status,title,updated_at,id) values (?,?,?,?,?,?,?,?,?,?,?,?,?,?,?)
2025-11-20 20:35:05 - Espacio creado con estado ACTIVE: 4ee7a694-062f-46e5-8f8b-88a797c12f66 por usuario: 2b1a2855-4237-4ad6-b6b6-0e91bcc177cf
2025-11-20 20:35:05 - Usuario 2b1a2855-4237-4ad6-b6b6-0e91bcc177cf promovido a host exitosamente
2025-11-20 20:35:05 - Publicando evento SpaceCreated para espacio: 4ee7a694-062f-46e5-8f8b-88a797c12f66
2025-11-20 20:35:05 - Evento SpaceCreated publicado exitosamente: 4ee7a694-062f-46e5-8f8b-88a797c12f66
2025-11-20 20:35:05 - insert into catalog.spaces (address,amenities,area_sqm,base_price_cents,capacity,created_at,description,lat,lon,owner_id,rules,status,title,updated_at,id) values (?,?,?,?,?,?,?,?,?,?,?,?,?,?,?)
2025-11-20 20:35:07 - No JWT token found in request to: /api/catalog/spaces - returning 401 UNAUTHORIZED
2025-11-20 20:35:07 - select se1_0.id,se1_0.address,se1_0.amenities,se1_0.area_sqm,se1_0.base_price_cents,se1_0.capacity,se1_0.created_at,se1_0.description,se1_0.lat,se1_0.lon,se1_0.owner_id,se1_0.rules,se1_0.status,se1_0.title,se1_0.updated_at from catalog.spaces se1_0 where se1_0.status=?
2025-11-20 20:35:07 - select sie1_0.id,sie1_0.alt_text,sie1_0.created_at,sie1_0.display_order,sie1_0.is_primary,sie1_0.space_id,sie1_0.url from catalog.space_images sie1_0 left join catalog.spaces s1_0 on s1_0.id=sie1_0.space_id where s1_0.id=? order by sie1_0.display_order
2025-11-20 20:35:07 - select sie1_0.id,sie1_0.alt_text,sie1_0.created_at,sie1_0.display_order,sie1_0.is_primary,sie1_0.space_id,sie1_0.url from catalog.space_images sie1_0 left join catalog.spaces s1_0 on s1_0.id=sie1_0.space_id where s1_0.id=? order by sie1_0.display_order
2025-11-20 20:35:07 - select sie1_0.id,sie1_0.alt_text,sie1_0.created_at,sie1_0.display_order,sie1_0.is_primary,sie1_0.space_id,sie1_0.url from catalog.space_images sie1_0 left join catalog.spaces s1_0 on s1_0.id=sie1_0.space_id where s1_0.id=? order by sie1_0.display_order
2025-11-20 20:35:07 - select sie1_0.id,sie1_0.alt_text,sie1_0.created_at,sie1_0.display_order,sie1_0.is_primary,sie1_0.space_id,sie1_0.url from catalog.space_images sie1_0 left join catalog.spaces s1_0 on s1_0.id=sie1_0.space_id where s1_0.id=? order by sie1_0.display_order
2025-11-20 20:35:07 - select sie1_0.id,sie1_0.alt_text,sie1_0.created_at,sie1_0.display_order,sie1_0.is_primary,sie1_0.space_id,sie1_0.url from catalog.space_images sie1_0 left join catalog.spaces s1_0 on s1_0.id=sie1_0.space_id where s1_0.id=? order by sie1_0.display_order
2025-11-20 20:35:07 - select sie1_0.id,sie1_0.alt_text,sie1_0.created_at,sie1_0.display_order,sie1_0.is_primary,sie1_0.space_id,sie1_0.url from catalog.space_images sie1_0 left join catalog.spaces s1_0 on s1_0.id=sie1_0.space_id where s1_0.id=? order by sie1_0.display_order
2025-11-20 20:35:07 - select sie1_0.id,sie1_0.alt_text,sie1_0.created_at,sie1_0.display_order,sie1_0.is_primary,sie1_0.space_id,sie1_0.url from catalog.space_images sie1_0 left join catalog.spaces s1_0 on s1_0.id=sie1_0.space_id where s1_0.id=? order by sie1_0.display_order
2025-11-20 20:35:07 - select sie1_0.id,sie1_0.alt_text,sie1_0.created_at,sie1_0.display_order,sie1_0.is_primary,sie1_0.space_id,sie1_0.url from catalog.space_images sie1_0 left join catalog.spaces s1_0 on s1_0.id=sie1_0.space_id where s1_0.id=? order by sie1_0.display_order
2025-11-20 20:35:07 - select sie1_0.id,sie1_0.alt_text,sie1_0.created_at,sie1_0.display_order,sie1_0.is_primary,sie1_0.space_id,sie1_0.url from catalog.space_images sie1_0 left join catalog.spaces s1_0 on s1_0.id=sie1_0.space_id where s1_0.id=? order by sie1_0.display_order
2025-11-20 20:35:07 - select sie1_0.id,sie1_0.alt_text,sie1_0.created_at,sie1_0.display_order,sie1_0.is_primary,sie1_0.space_id,sie1_0.url from catalog.space_images sie1_0 left join catalog.spaces s1_0 on s1_0.id=sie1_0.space_id where s1_0.id=? order by sie1_0.display_order
2025-11-20 20:35:07 - select sie1_0.id,sie1_0.alt_text,sie1_0.created_at,sie1_0.display_order,sie1_0.is_primary,sie1_0.space_id,sie1_0.url from catalog.space_images sie1_0 left join catalog.spaces s1_0 on s1_0.id=sie1_0.space_id where s1_0.id=? order by sie1_0.display_order
2025-11-20 20:35:07 - select sie1_0.id,sie1_0.alt_text,sie1_0.created_at,sie1_0.display_order,sie1_0.is_primary,sie1_0.space_id,sie1_0.url from catalog.space_images sie1_0 left join catalog.spaces s1_0 on s1_0.id=sie1_0.space_id where s1_0.id=? order by sie1_0.display_order
2025-11-20 20:35:07 - select sie1_0.id,sie1_0.alt_text,sie1_0.created_at,sie1_0.display_order,sie1_0.is_primary,sie1_0.space_id,sie1_0.url from catalog.space_images sie1_0 left join catalog.spaces s1_0 on s1_0.id=sie1_0.space_id where s1_0.id=? order by sie1_0.display_order
2025-11-20 20:35:07 - select sie1_0.id,sie1_0.alt_text,sie1_0.created_at,sie1_0.display_order,sie1_0.is_primary,sie1_0.space_id,sie1_0.url from catalog.space_images sie1_0 left join catalog.spaces s1_0 on s1_0.id=sie1_0.space_id where s1_0.id=? order by sie1_0.display_order
2025-11-20 20:35:07 - select sie1_0.id,sie1_0.alt_text,sie1_0.created_at,sie1_0.display_order,sie1_0.is_primary,sie1_0.space_id,sie1_0.url from catalog.space_images sie1_0 left join catalog.spaces s1_0 on s1_0.id=sie1_0.space_id where s1_0.id=? order by sie1_0.display_order
2025-11-20 20:35:07 - select sie1_0.id,sie1_0.alt_text,sie1_0.created_at,sie1_0.display_order,sie1_0.is_primary,sie1_0.space_id,sie1_0.url from catalog.space_images sie1_0 left join catalog.spaces s1_0 on s1_0.id=sie1_0.space_id where s1_0.id=? order by sie1_0.display_order
2025-11-20 20:35:07 - select sie1_0.id,sie1_0.alt_text,sie1_0.created_at,sie1_0.display_order,sie1_0.is_primary,sie1_0.space_id,sie1_0.url from catalog.space_images sie1_0 left join catalog.spaces s1_0 on s1_0.id=sie1_0.space_id where s1_0.id=? order by sie1_0.display_order
2025-11-20 20:35:07 - select sie1_0.id,sie1_0.alt_text,sie1_0.created_at,sie1_0.display_order,sie1_0.is_primary,sie1_0.space_id,sie1_0.url from catalog.space_images sie1_0 left join catalog.spaces s1_0 on s1_0.id=sie1_0.space_id where s1_0.id=? order by sie1_0.display_order
2025-11-20 20:35:07 - select sie1_0.id,sie1_0.alt_text,sie1_0.created_at,sie1_0.display_order,sie1_0.is_primary,sie1_0.space_id,sie1_0.url from catalog.space_images sie1_0 left join catalog.spaces s1_0 on s1_0.id=sie1_0.space_id where s1_0.id=? order by sie1_0.display_order
2025-11-20 20:35:07 - select sie1_0.id,sie1_0.alt_text,sie1_0.created_at,sie1_0.display_order,sie1_0.is_primary,sie1_0.space_id,sie1_0.url from catalog.space_images sie1_0 left join catalog.spaces s1_0 on s1_0.id=sie1_0.space_id where s1_0.id=? order by sie1_0.display_order
2025-11-20 20:35:07 - select sie1_0.id,sie1_0.alt_text,sie1_0.created_at,sie1_0.display_order,sie1_0.is_primary,sie1_0.space_id,sie1_0.url from catalog.space_images sie1_0 left join catalog.spaces s1_0 on s1_0.id=sie1_0.space_id where s1_0.id=? order by sie1_0.display_order
2025-11-20 20:35:07 - select sie1_0.id,sie1_0.alt_text,sie1_0.created_at,sie1_0.display_order,sie1_0.is_primary,sie1_0.space_id,sie1_0.url from catalog.space_images sie1_0 left join catalog.spaces s1_0 on s1_0.id=sie1_0.space_id where s1_0.id=? order by sie1_0.display_order
2025-11-20 20:35:07 - select sie1_0.id,sie1_0.alt_text,sie1_0.created_at,sie1_0.display_order,sie1_0.is_primary,sie1_0.space_id,sie1_0.url from catalog.space_images sie1_0 left join catalog.spaces s1_0 on s1_0.id=sie1_0.space_id where s1_0.id=? order by sie1_0.display_order
2025-11-20 20:35:07 - select sie1_0.id,sie1_0.alt_text,sie1_0.created_at,sie1_0.display_order,sie1_0.is_primary,sie1_0.space_id,sie1_0.url from catalog.space_images sie1_0 left join catalog.spaces s1_0 on s1_0.id=sie1_0.space_id where s1_0.id=? order by sie1_0.display_order
2025-11-20 20:35:07 - select sie1_0.id,sie1_0.alt_text,sie1_0.created_at,sie1_0.display_order,sie1_0.is_primary,sie1_0.space_id,sie1_0.url from catalog.space_images sie1_0 left join catalog.spaces s1_0 on s1_0.id=sie1_0.space_id where s1_0.id=? order by sie1_0.display_order
2025-11-20 20:35:07 - select sie1_0.id,sie1_0.alt_text,sie1_0.created_at,sie1_0.display_order,sie1_0.is_primary,sie1_0.space_id,sie1_0.url from catalog.space_images sie1_0 left join catalog.spaces s1_0 on s1_0.id=sie1_0.space_id where s1_0.id=? order by sie1_0.display_order
2025-11-20 20:35:07 - select sie1_0.id,sie1_0.alt_text,sie1_0.created_at,sie1_0.display_order,sie1_0.is_primary,sie1_0.space_id,sie1_0.url from catalog.space_images sie1_0 left join catalog.spaces s1_0 on s1_0.id=sie1_0.space_id where s1_0.id=? order by sie1_0.display_order
2025-11-20 20:35:07 - select sie1_0.id,sie1_0.alt_text,sie1_0.created_at,sie1_0.display_order,sie1_0.is_primary,sie1_0.space_id,sie1_0.url from catalog.space_images sie1_0 left join catalog.spaces s1_0 on s1_0.id=sie1_0.space_id where s1_0.id=? order by sie1_0.display_order
2025-11-20 20:35:07 - select sie1_0.id,sie1_0.alt_text,sie1_0.created_at,sie1_0.display_order,sie1_0.is_primary,sie1_0.space_id,sie1_0.url from catalog.space_images sie1_0 left join catalog.spaces s1_0 on s1_0.id=sie1_0.space_id where s1_0.id=? order by sie1_0.display_order
2025-11-20 20:35:07 - select sie1_0.id,sie1_0.alt_text,sie1_0.created_at,sie1_0.display_order,sie1_0.is_primary,sie1_0.space_id,sie1_0.url from catalog.space_images sie1_0 left join catalog.spaces s1_0 on s1_0.id=sie1_0.space_id where s1_0.id=? order by sie1_0.display_order
2025-11-20 20:35:07 - select sie1_0.id,sie1_0.alt_text,sie1_0.created_at,sie1_0.display_order,sie1_0.is_primary,sie1_0.space_id,sie1_0.url from catalog.space_images sie1_0 left join catalog.spaces s1_0 on s1_0.id=sie1_0.space_id where s1_0.id=? order by sie1_0.display_order
2025-11-20 20:35:07 - select sie1_0.id,sie1_0.alt_text,sie1_0.created_at,sie1_0.display_order,sie1_0.is_primary,sie1_0.space_id,sie1_0.url from catalog.space_images sie1_0 left join catalog.spaces s1_0 on s1_0.id=sie1_0.space_id where s1_0.id=? order by sie1_0.display_order
2025-11-20 20:35:07 - select sie1_0.id,sie1_0.alt_text,sie1_0.created_at,sie1_0.display_order,sie1_0.is_primary,sie1_0.space_id,sie1_0.url from catalog.space_images sie1_0 left join catalog.spaces s1_0 on s1_0.id=sie1_0.space_id where s1_0.id=? order by sie1_0.display_order
2025-11-20 20:35:07 - select sie1_0.id,sie1_0.alt_text,sie1_0.created_at,sie1_0.display_order,sie1_0.is_primary,sie1_0.space_id,sie1_0.url from catalog.space_images sie1_0 left join catalog.spaces s1_0 on s1_0.id=sie1_0.space_id where s1_0.id=? order by sie1_0.display_order
2025-11-20 20:35:07 - select sie1_0.id,sie1_0.alt_text,sie1_0.created_at,sie1_0.display_order,sie1_0.is_primary,sie1_0.space_id,sie1_0.url from catalog.space_images sie1_0 left join catalog.spaces s1_0 on s1_0.id=sie1_0.space_id where s1_0.id=? order by sie1_0.display_order
2025-11-20 20:35:07 - select sie1_0.id,sie1_0.alt_text,sie1_0.created_at,sie1_0.display_order,sie1_0.is_primary,sie1_0.space_id,sie1_0.url from catalog.space_images sie1_0 left join catalog.spaces s1_0 on s1_0.id=sie1_0.space_id where s1_0.id=? order by sie1_0.display_order
2025-11-20 20:35:07 - select sie1_0.id,sie1_0.alt_text,sie1_0.created_at,sie1_0.display_order,sie1_0.is_primary,sie1_0.space_id,sie1_0.url from catalog.space_images sie1_0 left join catalog.spaces s1_0 on s1_0.id=sie1_0.space_id where s1_0.id=? order by sie1_0.display_order
2025-11-20 20:35:07 - select sie1_0.id,sie1_0.alt_text,sie1_0.created_at,sie1_0.display_order,sie1_0.is_primary,sie1_0.space_id,sie1_0.url from catalog.space_images sie1_0 left join catalog.spaces s1_0 on s1_0.id=sie1_0.space_id where s1_0.id=? order by sie1_0.display_order
2025-11-20 20:35:07 - select sie1_0.id,sie1_0.alt_text,sie1_0.created_at,sie1_0.display_order,sie1_0.is_primary,sie1_0.space_id,sie1_0.url from catalog.space_images sie1_0 left join catalog.spaces s1_0 on s1_0.id=sie1_0.space_id where s1_0.id=? order by sie1_0.display_order
2025-11-20 20:35:07 - select sie1_0.id,sie1_0.alt_text,sie1_0.created_at,sie1_0.display_order,sie1_0.is_primary,sie1_0.space_id,sie1_0.url from catalog.space_images sie1_0 left join catalog.spaces s1_0 on s1_0.id=sie1_0.space_id where s1_0.id=? order by sie1_0.display_order
2025-11-20 20:35:07 - select sie1_0.id,sie1_0.alt_text,sie1_0.created_at,sie1_0.display_order,sie1_0.is_primary,sie1_0.space_id,sie1_0.url from catalog.space_images sie1_0 left join catalog.spaces s1_0 on s1_0.id=sie1_0.space_id where s1_0.id=? order by sie1_0.display_order
2025-11-20 20:35:07 - select sie1_0.id,sie1_0.alt_text,sie1_0.created_at,sie1_0.display_order,sie1_0.is_primary,sie1_0.space_id,sie1_0.url from catalog.space_images sie1_0 left join catalog.spaces s1_0 on s1_0.id=sie1_0.space_id where s1_0.id=? order by sie1_0.display_order
2025-11-20 20:35:07 - select sie1_0.id,sie1_0.alt_text,sie1_0.created_at,sie1_0.display_order,sie1_0.is_primary,sie1_0.space_id,sie1_0.url from catalog.space_images sie1_0 left join catalog.spaces s1_0 on s1_0.id=sie1_0.space_id where s1_0.id=? order by sie1_0.display_order
2025-11-20 20:35:07 - select sie1_0.id,sie1_0.alt_text,sie1_0.created_at,sie1_0.display_order,sie1_0.is_primary,sie1_0.space_id,sie1_0.url from catalog.space_images sie1_0 left join catalog.spaces s1_0 on s1_0.id=sie1_0.space_id where s1_0.id=? order by sie1_0.display_order
2025-11-20 20:35:07 - select sie1_0.id,sie1_0.alt_text,sie1_0.created_at,sie1_0.display_order,sie1_0.is_primary,sie1_0.space_id,sie1_0.url from catalog.space_images sie1_0 left join catalog.spaces s1_0 on s1_0.id=sie1_0.space_id where s1_0.id=? order by sie1_0.display_order
2025-11-20 20:35:07 - select sie1_0.id,sie1_0.alt_text,sie1_0.created_at,sie1_0.display_order,sie1_0.is_primary,sie1_0.space_id,sie1_0.url from catalog.space_images sie1_0 left join catalog.spaces s1_0 on s1_0.id=sie1_0.space_id where s1_0.id=? order by sie1_0.display_order
2025-11-20 20:35:07 - select sie1_0.id,sie1_0.alt_text,sie1_0.created_at,sie1_0.display_order,sie1_0.is_primary,sie1_0.space_id,sie1_0.url from catalog.space_images sie1_0 left join catalog.spaces s1_0 on s1_0.id=sie1_0.space_id where s1_0.id=? order by sie1_0.display_order
2025-11-20 20:35:07 - select sie1_0.id,sie1_0.alt_text,sie1_0.created_at,sie1_0.display_order,sie1_0.is_primary,sie1_0.space_id,sie1_0.url from catalog.space_images sie1_0 left join catalog.spaces s1_0 on s1_0.id=sie1_0.space_id where s1_0.id=? order by sie1_0.display_order
2025-11-20 20:35:07 - select sie1_0.id,sie1_0.alt_text,sie1_0.created_at,sie1_0.display_order,sie1_0.is_primary,sie1_0.space_id,sie1_0.url from catalog.space_images sie1_0 left join catalog.spaces s1_0 on s1_0.id=sie1_0.space_id where s1_0.id=? order by sie1_0.display_order
2025-11-20 20:35:07 - select sie1_0.id,sie1_0.alt_text,sie1_0.created_at,sie1_0.display_order,sie1_0.is_primary,sie1_0.space_id,sie1_0.url from catalog.space_images sie1_0 left join catalog.spaces s1_0 on s1_0.id=sie1_0.space_id where s1_0.id=? order by sie1_0.display_order
2025-11-20 20:35:07 - select sie1_0.id,sie1_0.alt_text,sie1_0.created_at,sie1_0.display_order,sie1_0.is_primary,sie1_0.space_id,sie1_0.url from catalog.space_images sie1_0 left join catalog.spaces s1_0 on s1_0.id=sie1_0.space_id where s1_0.id=? order by sie1_0.display_order
2025-11-20 20:35:07 - select sie1_0.id,sie1_0.alt_text,sie1_0.created_at,sie1_0.display_order,sie1_0.is_primary,sie1_0.space_id,sie1_0.url from catalog.space_images sie1_0 left join catalog.spaces s1_0 on s1_0.id=sie1_0.space_id where s1_0.id=? order by sie1_0.display_order
2025-11-20 20:35:07 - select sie1_0.id,sie1_0.alt_text,sie1_0.created_at,sie1_0.display_order,sie1_0.is_primary,sie1_0.space_id,sie1_0.url from catalog.space_images sie1_0 left join catalog.spaces s1_0 on s1_0.id=sie1_0.space_id where s1_0.id=? order by sie1_0.display_order
2025-11-20 20:35:07 - select sie1_0.id,sie1_0.alt_text,sie1_0.created_at,sie1_0.display_order,sie1_0.is_primary,sie1_0.space_id,sie1_0.url from catalog.space_images sie1_0 left join catalog.spaces s1_0 on s1_0.id=sie1_0.space_id where s1_0.id=? order by sie1_0.display_order
2025-11-20 20:35:07 - select sie1_0.id,sie1_0.alt_text,sie1_0.created_at,sie1_0.display_order,sie1_0.is_primary,sie1_0.space_id,sie1_0.url from catalog.space_images sie1_0 left join catalog.spaces s1_0 on s1_0.id=sie1_0.space_id where s1_0.id=? order by sie1_0.display_order
2025-11-20 20:35:07 - select sie1_0.id,sie1_0.alt_text,sie1_0.created_at,sie1_0.display_order,sie1_0.is_primary,sie1_0.space_id,sie1_0.url from catalog.space_images sie1_0 left join catalog.spaces s1_0 on s1_0.id=sie1_0.space_id where s1_0.id=? order by sie1_0.display_order
2025-11-20 20:35:07 - select sie1_0.id,sie1_0.alt_text,sie1_0.created_at,sie1_0.display_order,sie1_0.is_primary,sie1_0.space_id,sie1_0.url from catalog.space_images sie1_0 left join catalog.spaces s1_0 on s1_0.id=sie1_0.space_id where s1_0.id=? order by sie1_0.display_order
2025-11-20 20:35:07 - select sie1_0.id,sie1_0.alt_text,sie1_0.created_at,sie1_0.display_order,sie1_0.is_primary,sie1_0.space_id,sie1_0.url from catalog.space_images sie1_0 left join catalog.spaces s1_0 on s1_0.id=sie1_0.space_id where s1_0.id=? order by sie1_0.display_order
2025-11-20 20:35:07 - select sie1_0.id,sie1_0.alt_text,sie1_0.created_at,sie1_0.display_order,sie1_0.is_primary,sie1_0.space_id,sie1_0.url from catalog.space_images sie1_0 left join catalog.spaces s1_0 on s1_0.id=sie1_0.space_id where s1_0.id=? order by sie1_0.display_order
2025-11-20 20:35:07 - select sie1_0.id,sie1_0.alt_text,sie1_0.created_at,sie1_0.display_order,sie1_0.is_primary,sie1_0.space_id,sie1_0.url from catalog.space_images sie1_0 left join catalog.spaces s1_0 on s1_0.id=sie1_0.space_id where s1_0.id=? order by sie1_0.display_order
2025-11-20 20:35:07 - select sie1_0.id,sie1_0.alt_text,sie1_0.created_at,sie1_0.display_order,sie1_0.is_primary,sie1_0.space_id,sie1_0.url from catalog.space_images sie1_0 left join catalog.spaces s1_0 on s1_0.id=sie1_0.space_id where s1_0.id=? order by sie1_0.display_order
2025-11-20 20:35:07 - select sie1_0.id,sie1_0.alt_text,sie1_0.created_at,sie1_0.display_order,sie1_0.is_primary,sie1_0.space_id,sie1_0.url from catalog.space_images sie1_0 left join catalog.spaces s1_0 on s1_0.id=sie1_0.space_id where s1_0.id=? order by sie1_0.display_order
2025-11-20 20:35:07 - select sie1_0.id,sie1_0.alt_text,sie1_0.created_at,sie1_0.display_order,sie1_0.is_primary,sie1_0.space_id,sie1_0.url from catalog.space_images sie1_0 left join catalog.spaces s1_0 on s1_0.id=sie1_0.space_id where s1_0.id=? order by sie1_0.display_order
2025-11-20 20:35:07 - select sie1_0.id,sie1_0.alt_text,sie1_0.created_at,sie1_0.display_order,sie1_0.is_primary,sie1_0.space_id,sie1_0.url from catalog.space_images sie1_0 left join catalog.spaces s1_0 on s1_0.id=sie1_0.space_id where s1_0.id=? order by sie1_0.display_order
2025-11-20 20:35:07 - select sie1_0.id,sie1_0.alt_text,sie1_0.created_at,sie1_0.display_order,sie1_0.is_primary,sie1_0.space_id,sie1_0.url from catalog.space_images sie1_0 left join catalog.spaces s1_0 on s1_0.id=sie1_0.space_id where s1_0.id=? order by sie1_0.display_order
2025-11-20 20:35:07 - select se1_0.id,se1_0.address,se1_0.amenities,se1_0.area_sqm,se1_0.base_price_cents,se1_0.capacity,se1_0.created_at,se1_0.description,se1_0.lat,se1_0.lon,se1_0.owner_id,se1_0.rules,se1_0.status,se1_0.title,se1_0.updated_at from catalog.spaces se1_0 where se1_0.id=?
2025-11-20 20:35:07 - select sie1_0.id,sie1_0.alt_text,sie1_0.created_at,sie1_0.display_order,sie1_0.is_primary,sie1_0.space_id,sie1_0.url from catalog.space_images sie1_0 left join catalog.spaces s1_0 on s1_0.id=sie1_0.space_id where s1_0.id=? order by sie1_0.display_order
2025-11-20 20:35:07 - Error caching key 'space:58e6a0f8-ac88-4414-ab43-51b184894518': Could not write JSON: Java 8 date/time type `java.time.LocalDateTime` not supported by default: add Module "com.fasterxml.jackson.datatype:jackson-datatype-jsr310" to enable handling (or disable `MapperFeature.REQUIRE_HANDLERS_FOR_JAVA8_TIMES`) (through reference chain: com.balconazo.catalog_microservice.dto.SpaceDTO["createdAt"])
2025-11-20 20:35:07 - No JWT token found in request to: /api/catalog/spaces - returning 401 UNAUTHORIZED
2025-11-20 20:35:07 - select se1_0.id,se1_0.address,se1_0.amenities,se1_0.area_sqm,se1_0.base_price_cents,se1_0.capacity,se1_0.created_at,se1_0.description,se1_0.lat,se1_0.lon,se1_0.owner_id,se1_0.rules,se1_0.status,se1_0.title,se1_0.updated_at from catalog.spaces se1_0 where se1_0.id=?
2025-11-20 20:35:07 - select sie1_0.id,sie1_0.alt_text,sie1_0.created_at,sie1_0.display_order,sie1_0.is_primary,sie1_0.space_id,sie1_0.url from catalog.space_images sie1_0 left join catalog.spaces s1_0 on s1_0.id=sie1_0.space_id where s1_0.id=? order by sie1_0.display_order
2025-11-20 20:35:07 - Error caching key 'space:58e6a0f8-ac88-4414-ab43-51b184894518': Could not write JSON: Java 8 date/time type `java.time.LocalDateTime` not supported by default: add Module "com.fasterxml.jackson.datatype:jackson-datatype-jsr310" to enable handling (or disable `MapperFeature.REQUIRE_HANDLERS_FOR_JAVA8_TIMES`) (through reference chain: com.balconazo.catalog_microservice.dto.SpaceDTO["createdAt"])
2025-11-20 20:35:07 - select se1_0.id,se1_0.address,se1_0.amenities,se1_0.area_sqm,se1_0.base_price_cents,se1_0.capacity,se1_0.created_at,se1_0.description,se1_0.lat,se1_0.lon,se1_0.owner_id,se1_0.rules,se1_0.status,se1_0.title,se1_0.updated_at from catalog.spaces se1_0 where se1_0.id=?
2025-11-20 20:35:07 - update catalog.spaces set address=?,amenities=?,area_sqm=?,base_price_cents=?,capacity=?,description=?,lat=?,lon=?,owner_id=?,rules=?,status=?,title=?,updated_at=? where id=?
2025-11-20 20:35:07 - select se1_0.id,se1_0.address,se1_0.amenities,se1_0.area_sqm,se1_0.base_price_cents,se1_0.capacity,se1_0.created_at,se1_0.description,se1_0.lat,se1_0.lon,se1_0.owner_id,se1_0.rules,se1_0.status,se1_0.title,se1_0.updated_at from catalog.spaces se1_0 where se1_0.id=?
2025-11-20 20:35:07 - select sie1_0.id,sie1_0.alt_text,sie1_0.created_at,sie1_0.display_order,sie1_0.is_primary,sie1_0.space_id,sie1_0.url from catalog.space_images sie1_0 left join catalog.spaces s1_0 on s1_0.id=sie1_0.space_id where s1_0.id=? order by sie1_0.display_order
2025-11-20 20:35:07 - Error caching key 'space:58e6a0f8-ac88-4414-ab43-51b184894518': Could not write JSON: Java 8 date/time type `java.time.LocalDateTime` not supported by default: add Module "com.fasterxml.jackson.datatype:jackson-datatype-jsr310" to enable handling (or disable `MapperFeature.REQUIRE_HANDLERS_FOR_JAVA8_TIMES`) (through reference chain: com.balconazo.catalog_microservice.dto.SpaceDTO["createdAt"])
2025-11-20 20:35:07 - No JWT token found in request to: /api/catalog/spaces/58e6a0f8-ac88-4414-ab43-51b184894518 - returning 401 UNAUTHORIZED
2025-11-20 20:35:08 - select se1_0.id,se1_0.address,se1_0.amenities,se1_0.area_sqm,se1_0.base_price_cents,se1_0.capacity,se1_0.created_at,se1_0.description,se1_0.lat,se1_0.lon,se1_0.owner_id,se1_0.rules,se1_0.status,se1_0.title,se1_0.updated_at from catalog.spaces se1_0 where se1_0.id=?
2025-11-20 20:35:08 - select sie1_0.id,sie1_0.alt_text,sie1_0.created_at,sie1_0.display_order,sie1_0.is_primary,sie1_0.space_id,sie1_0.url from catalog.space_images sie1_0 left join catalog.spaces s1_0 on s1_0.id=sie1_0.space_id where s1_0.id=? order by sie1_0.display_order
2025-11-20 20:35:08 - Error caching key 'space:1c1d6afc-273c-4f2a-8b2a-9bfa119a8e38': Could not write JSON: Java 8 date/time type `java.time.LocalDateTime` not supported by default: add Module "com.fasterxml.jackson.datatype:jackson-datatype-jsr310" to enable handling (or disable `MapperFeature.REQUIRE_HANDLERS_FOR_JAVA8_TIMES`) (through reference chain: com.balconazo.catalog_microservice.dto.SpaceDTO["createdAt"])
2025-11-20 20:35:08 - select se1_0.id,se1_0.address,se1_0.amenities,se1_0.area_sqm,se1_0.base_price_cents,se1_0.capacity,se1_0.created_at,se1_0.description,se1_0.lat,se1_0.lon,se1_0.owner_id,se1_0.rules,se1_0.status,se1_0.title,se1_0.updated_at from catalog.spaces se1_0 where se1_0.id=?
2025-11-20 20:35:08 - update catalog.spaces set address=?,amenities=?,area_sqm=?,base_price_cents=?,capacity=?,description=?,lat=?,lon=?,owner_id=?,rules=?,status=?,title=?,updated_at=? where id=?
2025-11-20 20:35:08 - select se1_0.id,se1_0.address,se1_0.amenities,se1_0.area_sqm,se1_0.base_price_cents,se1_0.capacity,se1_0.created_at,se1_0.description,se1_0.lat,se1_0.lon,se1_0.owner_id,se1_0.rules,se1_0.status,se1_0.title,se1_0.updated_at from catalog.spaces se1_0 where se1_0.id=?
2025-11-20 20:35:08 - select sie1_0.id,sie1_0.alt_text,sie1_0.created_at,sie1_0.display_order,sie1_0.is_primary,sie1_0.space_id,sie1_0.url from catalog.space_images sie1_0 left join catalog.spaces s1_0 on s1_0.id=sie1_0.space_id where s1_0.id=? order by sie1_0.display_order
2025-11-20 20:35:08 - Error caching key 'space:1c1d6afc-273c-4f2a-8b2a-9bfa119a8e38': Could not write JSON: Java 8 date/time type `java.time.LocalDateTime` not supported by default: add Module "com.fasterxml.jackson.datatype:jackson-datatype-jsr310" to enable handling (or disable `MapperFeature.REQUIRE_HANDLERS_FOR_JAVA8_TIMES`) (through reference chain: com.balconazo.catalog_microservice.dto.SpaceDTO["createdAt"])
2025-11-20 20:35:08 - select se1_0.id,se1_0.address,se1_0.amenities,se1_0.area_sqm,se1_0.base_price_cents,se1_0.capacity,se1_0.created_at,se1_0.description,se1_0.lat,se1_0.lon,se1_0.owner_id,se1_0.rules,se1_0.status,se1_0.title,se1_0.updated_at from catalog.spaces se1_0 where se1_0.id=?
2025-11-20 20:35:08 - select sie1_0.id,sie1_0.alt_text,sie1_0.created_at,sie1_0.display_order,sie1_0.is_primary,sie1_0.space_id,sie1_0.url from catalog.space_images sie1_0 left join catalog.spaces s1_0 on s1_0.id=sie1_0.space_id where s1_0.id=? order by sie1_0.display_order
2025-11-20 20:35:08 - Error caching key 'space:58e6a0f8-ac88-4414-ab43-51b184894518': Could not write JSON: Java 8 date/time type `java.time.LocalDateTime` not supported by default: add Module "com.fasterxml.jackson.datatype:jackson-datatype-jsr310" to enable handling (or disable `MapperFeature.REQUIRE_HANDLERS_FOR_JAVA8_TIMES`) (through reference chain: com.balconazo.catalog_microservice.dto.SpaceDTO["createdAt"])
2025-11-20 20:35:08 - No JWT token found in request to: /api/catalog/spaces/58e6a0f8-ac88-4414-ab43-51b184894518 - returning 401 UNAUTHORIZED
2025-11-20 20:35:47 - Espacio creado con estado ACTIVE: 0b4d17d1-d6ed-4c97-9fed-ca31e142847c por usuario: 1277fddd-8f9d-4bce-bcbd-4d54d7642a66
2025-11-20 20:35:47 - Usuario 1277fddd-8f9d-4bce-bcbd-4d54d7642a66 promovido a host exitosamente
2025-11-20 20:35:47 - Publicando evento SpaceCreated para espacio: 0b4d17d1-d6ed-4c97-9fed-ca31e142847c
2025-11-20 20:35:47 - Evento SpaceCreated publicado exitosamente: 0b4d17d1-d6ed-4c97-9fed-ca31e142847c
2025-11-20 20:35:47 - insert into catalog.spaces (address,amenities,area_sqm,base_price_cents,capacity,created_at,description,lat,lon,owner_id,rules,status,title,updated_at,id) values (?,?,?,?,?,?,?,?,?,?,?,?,?,?,?)
2025-11-20 20:35:49 - Espacio creado con estado ACTIVE: 712716cf-50e5-46cc-8b29-90e8d877d480 por usuario: 1277fddd-8f9d-4bce-bcbd-4d54d7642a66
2025-11-20 20:35:49 - Usuario 1277fddd-8f9d-4bce-bcbd-4d54d7642a66 promovido a host exitosamente
2025-11-20 20:35:49 - Publicando evento SpaceCreated para espacio: 712716cf-50e5-46cc-8b29-90e8d877d480
2025-11-20 20:35:49 - Evento SpaceCreated publicado exitosamente: 712716cf-50e5-46cc-8b29-90e8d877d480
2025-11-20 20:35:49 - insert into catalog.spaces (address,amenities,area_sqm,base_price_cents,capacity,created_at,description,lat,lon,owner_id,rules,status,title,updated_at,id) values (?,?,?,?,?,?,?,?,?,?,?,?,?,?,?)
2025-11-20 20:35:49 - Espacio creado con estado ACTIVE: d5ab8ece-1b8d-4a92-8757-9a5a47fe1dfd por usuario: 19a45b40-10d9-49f2-bb4c-3cec9ef2db77
2025-11-20 20:35:49 - Usuario 19a45b40-10d9-49f2-bb4c-3cec9ef2db77 promovido a host exitosamente
2025-11-20 20:35:49 - Publicando evento SpaceCreated para espacio: d5ab8ece-1b8d-4a92-8757-9a5a47fe1dfd
2025-11-20 20:35:49 - Evento SpaceCreated publicado exitosamente: d5ab8ece-1b8d-4a92-8757-9a5a47fe1dfd
2025-11-20 20:35:49 - insert into catalog.spaces (address,amenities,area_sqm,base_price_cents,capacity,created_at,description,lat,lon,owner_id,rules,status,title,updated_at,id) values (?,?,?,?,?,?,?,?,?,?,?,?,?,?,?)
2025-11-20 20:35:51 - No JWT token found in request to: /api/catalog/spaces - returning 401 UNAUTHORIZED
2025-11-20 20:35:51 - select se1_0.id,se1_0.address,se1_0.amenities,se1_0.area_sqm,se1_0.base_price_cents,se1_0.capacity,se1_0.created_at,se1_0.description,se1_0.lat,se1_0.lon,se1_0.owner_id,se1_0.rules,se1_0.status,se1_0.title,se1_0.updated_at from catalog.spaces se1_0 where se1_0.status=?
2025-11-20 20:35:51 - select sie1_0.id,sie1_0.alt_text,sie1_0.created_at,sie1_0.display_order,sie1_0.is_primary,sie1_0.space_id,sie1_0.url from catalog.space_images sie1_0 left join catalog.spaces s1_0 on s1_0.id=sie1_0.space_id where s1_0.id=? order by sie1_0.display_order
2025-11-20 20:35:51 - select sie1_0.id,sie1_0.alt_text,sie1_0.created_at,sie1_0.display_order,sie1_0.is_primary,sie1_0.space_id,sie1_0.url from catalog.space_images sie1_0 left join catalog.spaces s1_0 on s1_0.id=sie1_0.space_id where s1_0.id=? order by sie1_0.display_order
2025-11-20 20:35:51 - select sie1_0.id,sie1_0.alt_text,sie1_0.created_at,sie1_0.display_order,sie1_0.is_primary,sie1_0.space_id,sie1_0.url from catalog.space_images sie1_0 left join catalog.spaces s1_0 on s1_0.id=sie1_0.space_id where s1_0.id=? order by sie1_0.display_order
2025-11-20 20:35:51 - select sie1_0.id,sie1_0.alt_text,sie1_0.created_at,sie1_0.display_order,sie1_0.is_primary,sie1_0.space_id,sie1_0.url from catalog.space_images sie1_0 left join catalog.spaces s1_0 on s1_0.id=sie1_0.space_id where s1_0.id=? order by sie1_0.display_order
2025-11-20 20:35:51 - select sie1_0.id,sie1_0.alt_text,sie1_0.created_at,sie1_0.display_order,sie1_0.is_primary,sie1_0.space_id,sie1_0.url from catalog.space_images sie1_0 left join catalog.spaces s1_0 on s1_0.id=sie1_0.space_id where s1_0.id=? order by sie1_0.display_order
2025-11-20 20:35:51 - select sie1_0.id,sie1_0.alt_text,sie1_0.created_at,sie1_0.display_order,sie1_0.is_primary,sie1_0.space_id,sie1_0.url from catalog.space_images sie1_0 left join catalog.spaces s1_0 on s1_0.id=sie1_0.space_id where s1_0.id=? order by sie1_0.display_order
2025-11-20 20:35:51 - select sie1_0.id,sie1_0.alt_text,sie1_0.created_at,sie1_0.display_order,sie1_0.is_primary,sie1_0.space_id,sie1_0.url from catalog.space_images sie1_0 left join catalog.spaces s1_0 on s1_0.id=sie1_0.space_id where s1_0.id=? order by sie1_0.display_order
2025-11-20 20:35:51 - select sie1_0.id,sie1_0.alt_text,sie1_0.created_at,sie1_0.display_order,sie1_0.is_primary,sie1_0.space_id,sie1_0.url from catalog.space_images sie1_0 left join catalog.spaces s1_0 on s1_0.id=sie1_0.space_id where s1_0.id=? order by sie1_0.display_order
2025-11-20 20:35:51 - select sie1_0.id,sie1_0.alt_text,sie1_0.created_at,sie1_0.display_order,sie1_0.is_primary,sie1_0.space_id,sie1_0.url from catalog.space_images sie1_0 left join catalog.spaces s1_0 on s1_0.id=sie1_0.space_id where s1_0.id=? order by sie1_0.display_order
2025-11-20 20:35:51 - select sie1_0.id,sie1_0.alt_text,sie1_0.created_at,sie1_0.display_order,sie1_0.is_primary,sie1_0.space_id,sie1_0.url from catalog.space_images sie1_0 left join catalog.spaces s1_0 on s1_0.id=sie1_0.space_id where s1_0.id=? order by sie1_0.display_order
2025-11-20 20:35:51 - select sie1_0.id,sie1_0.alt_text,sie1_0.created_at,sie1_0.display_order,sie1_0.is_primary,sie1_0.space_id,sie1_0.url from catalog.space_images sie1_0 left join catalog.spaces s1_0 on s1_0.id=sie1_0.space_id where s1_0.id=? order by sie1_0.display_order
2025-11-20 20:35:51 - select sie1_0.id,sie1_0.alt_text,sie1_0.created_at,sie1_0.display_order,sie1_0.is_primary,sie1_0.space_id,sie1_0.url from catalog.space_images sie1_0 left join catalog.spaces s1_0 on s1_0.id=sie1_0.space_id where s1_0.id=? order by sie1_0.display_order
2025-11-20 20:35:51 - select sie1_0.id,sie1_0.alt_text,sie1_0.created_at,sie1_0.display_order,sie1_0.is_primary,sie1_0.space_id,sie1_0.url from catalog.space_images sie1_0 left join catalog.spaces s1_0 on s1_0.id=sie1_0.space_id where s1_0.id=? order by sie1_0.display_order
2025-11-20 20:35:51 - select sie1_0.id,sie1_0.alt_text,sie1_0.created_at,sie1_0.display_order,sie1_0.is_primary,sie1_0.space_id,sie1_0.url from catalog.space_images sie1_0 left join catalog.spaces s1_0 on s1_0.id=sie1_0.space_id where s1_0.id=? order by sie1_0.display_order
2025-11-20 20:35:51 - select sie1_0.id,sie1_0.alt_text,sie1_0.created_at,sie1_0.display_order,sie1_0.is_primary,sie1_0.space_id,sie1_0.url from catalog.space_images sie1_0 left join catalog.spaces s1_0 on s1_0.id=sie1_0.space_id where s1_0.id=? order by sie1_0.display_order
2025-11-20 20:35:51 - select sie1_0.id,sie1_0.alt_text,sie1_0.created_at,sie1_0.display_order,sie1_0.is_primary,sie1_0.space_id,sie1_0.url from catalog.space_images sie1_0 left join catalog.spaces s1_0 on s1_0.id=sie1_0.space_id where s1_0.id=? order by sie1_0.display_order
2025-11-20 20:35:51 - select sie1_0.id,sie1_0.alt_text,sie1_0.created_at,sie1_0.display_order,sie1_0.is_primary,sie1_0.space_id,sie1_0.url from catalog.space_images sie1_0 left join catalog.spaces s1_0 on s1_0.id=sie1_0.space_id where s1_0.id=? order by sie1_0.display_order
2025-11-20 20:35:51 - select sie1_0.id,sie1_0.alt_text,sie1_0.created_at,sie1_0.display_order,sie1_0.is_primary,sie1_0.space_id,sie1_0.url from catalog.space_images sie1_0 left join catalog.spaces s1_0 on s1_0.id=sie1_0.space_id where s1_0.id=? order by sie1_0.display_order
2025-11-20 20:35:51 - select sie1_0.id,sie1_0.alt_text,sie1_0.created_at,sie1_0.display_order,sie1_0.is_primary,sie1_0.space_id,sie1_0.url from catalog.space_images sie1_0 left join catalog.spaces s1_0 on s1_0.id=sie1_0.space_id where s1_0.id=? order by sie1_0.display_order
2025-11-20 20:35:51 - select sie1_0.id,sie1_0.alt_text,sie1_0.created_at,sie1_0.display_order,sie1_0.is_primary,sie1_0.space_id,sie1_0.url from catalog.space_images sie1_0 left join catalog.spaces s1_0 on s1_0.id=sie1_0.space_id where s1_0.id=? order by sie1_0.display_order
2025-11-20 20:35:51 - select sie1_0.id,sie1_0.alt_text,sie1_0.created_at,sie1_0.display_order,sie1_0.is_primary,sie1_0.space_id,sie1_0.url from catalog.space_images sie1_0 left join catalog.spaces s1_0 on s1_0.id=sie1_0.space_id where s1_0.id=? order by sie1_0.display_order
2025-11-20 20:35:51 - select sie1_0.id,sie1_0.alt_text,sie1_0.created_at,sie1_0.display_order,sie1_0.is_primary,sie1_0.space_id,sie1_0.url from catalog.space_images sie1_0 left join catalog.spaces s1_0 on s1_0.id=sie1_0.space_id where s1_0.id=? order by sie1_0.display_order
2025-11-20 20:35:51 - select sie1_0.id,sie1_0.alt_text,sie1_0.created_at,sie1_0.display_order,sie1_0.is_primary,sie1_0.space_id,sie1_0.url from catalog.space_images sie1_0 left join catalog.spaces s1_0 on s1_0.id=sie1_0.space_id where s1_0.id=? order by sie1_0.display_order
2025-11-20 20:35:51 - select sie1_0.id,sie1_0.alt_text,sie1_0.created_at,sie1_0.display_order,sie1_0.is_primary,sie1_0.space_id,sie1_0.url from catalog.space_images sie1_0 left join catalog.spaces s1_0 on s1_0.id=sie1_0.space_id where s1_0.id=? order by sie1_0.display_order
2025-11-20 20:35:51 - select sie1_0.id,sie1_0.alt_text,sie1_0.created_at,sie1_0.display_order,sie1_0.is_primary,sie1_0.space_id,sie1_0.url from catalog.space_images sie1_0 left join catalog.spaces s1_0 on s1_0.id=sie1_0.space_id where s1_0.id=? order by sie1_0.display_order
2025-11-20 20:35:51 - select sie1_0.id,sie1_0.alt_text,sie1_0.created_at,sie1_0.display_order,sie1_0.is_primary,sie1_0.space_id,sie1_0.url from catalog.space_images sie1_0 left join catalog.spaces s1_0 on s1_0.id=sie1_0.space_id where s1_0.id=? order by sie1_0.display_order
2025-11-20 20:35:51 - select sie1_0.id,sie1_0.alt_text,sie1_0.created_at,sie1_0.display_order,sie1_0.is_primary,sie1_0.space_id,sie1_0.url from catalog.space_images sie1_0 left join catalog.spaces s1_0 on s1_0.id=sie1_0.space_id where s1_0.id=? order by sie1_0.display_order
2025-11-20 20:35:51 - select sie1_0.id,sie1_0.alt_text,sie1_0.created_at,sie1_0.display_order,sie1_0.is_primary,sie1_0.space_id,sie1_0.url from catalog.space_images sie1_0 left join catalog.spaces s1_0 on s1_0.id=sie1_0.space_id where s1_0.id=? order by sie1_0.display_order
2025-11-20 20:35:51 - select sie1_0.id,sie1_0.alt_text,sie1_0.created_at,sie1_0.display_order,sie1_0.is_primary,sie1_0.space_id,sie1_0.url from catalog.space_images sie1_0 left join catalog.spaces s1_0 on s1_0.id=sie1_0.space_id where s1_0.id=? order by sie1_0.display_order
2025-11-20 20:35:51 - select sie1_0.id,sie1_0.alt_text,sie1_0.created_at,sie1_0.display_order,sie1_0.is_primary,sie1_0.space_id,sie1_0.url from catalog.space_images sie1_0 left join catalog.spaces s1_0 on s1_0.id=sie1_0.space_id where s1_0.id=? order by sie1_0.display_order
2025-11-20 20:35:51 - select sie1_0.id,sie1_0.alt_text,sie1_0.created_at,sie1_0.display_order,sie1_0.is_primary,sie1_0.space_id,sie1_0.url from catalog.space_images sie1_0 left join catalog.spaces s1_0 on s1_0.id=sie1_0.space_id where s1_0.id=? order by sie1_0.display_order
2025-11-20 20:35:51 - select sie1_0.id,sie1_0.alt_text,sie1_0.created_at,sie1_0.display_order,sie1_0.is_primary,sie1_0.space_id,sie1_0.url from catalog.space_images sie1_0 left join catalog.spaces s1_0 on s1_0.id=sie1_0.space_id where s1_0.id=? order by sie1_0.display_order
2025-11-20 20:35:51 - select sie1_0.id,sie1_0.alt_text,sie1_0.created_at,sie1_0.display_order,sie1_0.is_primary,sie1_0.space_id,sie1_0.url from catalog.space_images sie1_0 left join catalog.spaces s1_0 on s1_0.id=sie1_0.space_id where s1_0.id=? order by sie1_0.display_order
2025-11-20 20:35:51 - select sie1_0.id,sie1_0.alt_text,sie1_0.created_at,sie1_0.display_order,sie1_0.is_primary,sie1_0.space_id,sie1_0.url from catalog.space_images sie1_0 left join catalog.spaces s1_0 on s1_0.id=sie1_0.space_id where s1_0.id=? order by sie1_0.display_order
2025-11-20 20:35:51 - select sie1_0.id,sie1_0.alt_text,sie1_0.created_at,sie1_0.display_order,sie1_0.is_primary,sie1_0.space_id,sie1_0.url from catalog.space_images sie1_0 left join catalog.spaces s1_0 on s1_0.id=sie1_0.space_id where s1_0.id=? order by sie1_0.display_order
2025-11-20 20:35:51 - select sie1_0.id,sie1_0.alt_text,sie1_0.created_at,sie1_0.display_order,sie1_0.is_primary,sie1_0.space_id,sie1_0.url from catalog.space_images sie1_0 left join catalog.spaces s1_0 on s1_0.id=sie1_0.space_id where s1_0.id=? order by sie1_0.display_order
2025-11-20 20:35:51 - select sie1_0.id,sie1_0.alt_text,sie1_0.created_at,sie1_0.display_order,sie1_0.is_primary,sie1_0.space_id,sie1_0.url from catalog.space_images sie1_0 left join catalog.spaces s1_0 on s1_0.id=sie1_0.space_id where s1_0.id=? order by sie1_0.display_order
2025-11-20 20:35:51 - select sie1_0.id,sie1_0.alt_text,sie1_0.created_at,sie1_0.display_order,sie1_0.is_primary,sie1_0.space_id,sie1_0.url from catalog.space_images sie1_0 left join catalog.spaces s1_0 on s1_0.id=sie1_0.space_id where s1_0.id=? order by sie1_0.display_order
2025-11-20 20:35:51 - select sie1_0.id,sie1_0.alt_text,sie1_0.created_at,sie1_0.display_order,sie1_0.is_primary,sie1_0.space_id,sie1_0.url from catalog.space_images sie1_0 left join catalog.spaces s1_0 on s1_0.id=sie1_0.space_id where s1_0.id=? order by sie1_0.display_order
2025-11-20 20:35:51 - select sie1_0.id,sie1_0.alt_text,sie1_0.created_at,sie1_0.display_order,sie1_0.is_primary,sie1_0.space_id,sie1_0.url from catalog.space_images sie1_0 left join catalog.spaces s1_0 on s1_0.id=sie1_0.space_id where s1_0.id=? order by sie1_0.display_order
2025-11-20 20:35:51 - select sie1_0.id,sie1_0.alt_text,sie1_0.created_at,sie1_0.display_order,sie1_0.is_primary,sie1_0.space_id,sie1_0.url from catalog.space_images sie1_0 left join catalog.spaces s1_0 on s1_0.id=sie1_0.space_id where s1_0.id=? order by sie1_0.display_order
2025-11-20 20:35:51 - select sie1_0.id,sie1_0.alt_text,sie1_0.created_at,sie1_0.display_order,sie1_0.is_primary,sie1_0.space_id,sie1_0.url from catalog.space_images sie1_0 left join catalog.spaces s1_0 on s1_0.id=sie1_0.space_id where s1_0.id=? order by sie1_0.display_order
2025-11-20 20:35:51 - select sie1_0.id,sie1_0.alt_text,sie1_0.created_at,sie1_0.display_order,sie1_0.is_primary,sie1_0.space_id,sie1_0.url from catalog.space_images sie1_0 left join catalog.spaces s1_0 on s1_0.id=sie1_0.space_id where s1_0.id=? order by sie1_0.display_order
2025-11-20 20:35:51 - select sie1_0.id,sie1_0.alt_text,sie1_0.created_at,sie1_0.display_order,sie1_0.is_primary,sie1_0.space_id,sie1_0.url from catalog.space_images sie1_0 left join catalog.spaces s1_0 on s1_0.id=sie1_0.space_id where s1_0.id=? order by sie1_0.display_order
2025-11-20 20:35:51 - select sie1_0.id,sie1_0.alt_text,sie1_0.created_at,sie1_0.display_order,sie1_0.is_primary,sie1_0.space_id,sie1_0.url from catalog.space_images sie1_0 left join catalog.spaces s1_0 on s1_0.id=sie1_0.space_id where s1_0.id=? order by sie1_0.display_order
2025-11-20 20:35:51 - select sie1_0.id,sie1_0.alt_text,sie1_0.created_at,sie1_0.display_order,sie1_0.is_primary,sie1_0.space_id,sie1_0.url from catalog.space_images sie1_0 left join catalog.spaces s1_0 on s1_0.id=sie1_0.space_id where s1_0.id=? order by sie1_0.display_order
2025-11-20 20:35:51 - select sie1_0.id,sie1_0.alt_text,sie1_0.created_at,sie1_0.display_order,sie1_0.is_primary,sie1_0.space_id,sie1_0.url from catalog.space_images sie1_0 left join catalog.spaces s1_0 on s1_0.id=sie1_0.space_id where s1_0.id=? order by sie1_0.display_order
2025-11-20 20:35:51 - select sie1_0.id,sie1_0.alt_text,sie1_0.created_at,sie1_0.display_order,sie1_0.is_primary,sie1_0.space_id,sie1_0.url from catalog.space_images sie1_0 left join catalog.spaces s1_0 on s1_0.id=sie1_0.space_id where s1_0.id=? order by sie1_0.display_order
2025-11-20 20:35:51 - select sie1_0.id,sie1_0.alt_text,sie1_0.created_at,sie1_0.display_order,sie1_0.is_primary,sie1_0.space_id,sie1_0.url from catalog.space_images sie1_0 left join catalog.spaces s1_0 on s1_0.id=sie1_0.space_id where s1_0.id=? order by sie1_0.display_order
2025-11-20 20:35:51 - select sie1_0.id,sie1_0.alt_text,sie1_0.created_at,sie1_0.display_order,sie1_0.is_primary,sie1_0.space_id,sie1_0.url from catalog.space_images sie1_0 left join catalog.spaces s1_0 on s1_0.id=sie1_0.space_id where s1_0.id=? order by sie1_0.display_order
2025-11-20 20:35:51 - select sie1_0.id,sie1_0.alt_text,sie1_0.created_at,sie1_0.display_order,sie1_0.is_primary,sie1_0.space_id,sie1_0.url from catalog.space_images sie1_0 left join catalog.spaces s1_0 on s1_0.id=sie1_0.space_id where s1_0.id=? order by sie1_0.display_order
2025-11-20 20:35:51 - select sie1_0.id,sie1_0.alt_text,sie1_0.created_at,sie1_0.display_order,sie1_0.is_primary,sie1_0.space_id,sie1_0.url from catalog.space_images sie1_0 left join catalog.spaces s1_0 on s1_0.id=sie1_0.space_id where s1_0.id=? order by sie1_0.display_order
2025-11-20 20:35:51 - select sie1_0.id,sie1_0.alt_text,sie1_0.created_at,sie1_0.display_order,sie1_0.is_primary,sie1_0.space_id,sie1_0.url from catalog.space_images sie1_0 left join catalog.spaces s1_0 on s1_0.id=sie1_0.space_id where s1_0.id=? order by sie1_0.display_order
2025-11-20 20:35:51 - select sie1_0.id,sie1_0.alt_text,sie1_0.created_at,sie1_0.display_order,sie1_0.is_primary,sie1_0.space_id,sie1_0.url from catalog.space_images sie1_0 left join catalog.spaces s1_0 on s1_0.id=sie1_0.space_id where s1_0.id=? order by sie1_0.display_order
2025-11-20 20:35:51 - select sie1_0.id,sie1_0.alt_text,sie1_0.created_at,sie1_0.display_order,sie1_0.is_primary,sie1_0.space_id,sie1_0.url from catalog.space_images sie1_0 left join catalog.spaces s1_0 on s1_0.id=sie1_0.space_id where s1_0.id=? order by sie1_0.display_order
2025-11-20 20:35:51 - select sie1_0.id,sie1_0.alt_text,sie1_0.created_at,sie1_0.display_order,sie1_0.is_primary,sie1_0.space_id,sie1_0.url from catalog.space_images sie1_0 left join catalog.spaces s1_0 on s1_0.id=sie1_0.space_id where s1_0.id=? order by sie1_0.display_order
2025-11-20 20:35:51 - select sie1_0.id,sie1_0.alt_text,sie1_0.created_at,sie1_0.display_order,sie1_0.is_primary,sie1_0.space_id,sie1_0.url from catalog.space_images sie1_0 left join catalog.spaces s1_0 on s1_0.id=sie1_0.space_id where s1_0.id=? order by sie1_0.display_order
2025-11-20 20:35:51 - select sie1_0.id,sie1_0.alt_text,sie1_0.created_at,sie1_0.display_order,sie1_0.is_primary,sie1_0.space_id,sie1_0.url from catalog.space_images sie1_0 left join catalog.spaces s1_0 on s1_0.id=sie1_0.space_id where s1_0.id=? order by sie1_0.display_order
2025-11-20 20:35:51 - select sie1_0.id,sie1_0.alt_text,sie1_0.created_at,sie1_0.display_order,sie1_0.is_primary,sie1_0.space_id,sie1_0.url from catalog.space_images sie1_0 left join catalog.spaces s1_0 on s1_0.id=sie1_0.space_id where s1_0.id=? order by sie1_0.display_order
2025-11-20 20:35:51 - select sie1_0.id,sie1_0.alt_text,sie1_0.created_at,sie1_0.display_order,sie1_0.is_primary,sie1_0.space_id,sie1_0.url from catalog.space_images sie1_0 left join catalog.spaces s1_0 on s1_0.id=sie1_0.space_id where s1_0.id=? order by sie1_0.display_order
2025-11-20 20:35:51 - select sie1_0.id,sie1_0.alt_text,sie1_0.created_at,sie1_0.display_order,sie1_0.is_primary,sie1_0.space_id,sie1_0.url from catalog.space_images sie1_0 left join catalog.spaces s1_0 on s1_0.id=sie1_0.space_id where s1_0.id=? order by sie1_0.display_order
2025-11-20 20:35:51 - select sie1_0.id,sie1_0.alt_text,sie1_0.created_at,sie1_0.display_order,sie1_0.is_primary,sie1_0.space_id,sie1_0.url from catalog.space_images sie1_0 left join catalog.spaces s1_0 on s1_0.id=sie1_0.space_id where s1_0.id=? order by sie1_0.display_order
2025-11-20 20:35:51 - select sie1_0.id,sie1_0.alt_text,sie1_0.created_at,sie1_0.display_order,sie1_0.is_primary,sie1_0.space_id,sie1_0.url from catalog.space_images sie1_0 left join catalog.spaces s1_0 on s1_0.id=sie1_0.space_id where s1_0.id=? order by sie1_0.display_order
2025-11-20 20:35:51 - select sie1_0.id,sie1_0.alt_text,sie1_0.created_at,sie1_0.display_order,sie1_0.is_primary,sie1_0.space_id,sie1_0.url from catalog.space_images sie1_0 left join catalog.spaces s1_0 on s1_0.id=sie1_0.space_id where s1_0.id=? order by sie1_0.display_order
2025-11-20 20:35:51 - select sie1_0.id,sie1_0.alt_text,sie1_0.created_at,sie1_0.display_order,sie1_0.is_primary,sie1_0.space_id,sie1_0.url from catalog.space_images sie1_0 left join catalog.spaces s1_0 on s1_0.id=sie1_0.space_id where s1_0.id=? order by sie1_0.display_order
2025-11-20 20:35:51 - select sie1_0.id,sie1_0.alt_text,sie1_0.created_at,sie1_0.display_order,sie1_0.is_primary,sie1_0.space_id,sie1_0.url from catalog.space_images sie1_0 left join catalog.spaces s1_0 on s1_0.id=sie1_0.space_id where s1_0.id=? order by sie1_0.display_order
2025-11-20 20:35:51 - select sie1_0.id,sie1_0.alt_text,sie1_0.created_at,sie1_0.display_order,sie1_0.is_primary,sie1_0.space_id,sie1_0.url from catalog.space_images sie1_0 left join catalog.spaces s1_0 on s1_0.id=sie1_0.space_id where s1_0.id=? order by sie1_0.display_order
2025-11-20 20:35:51 - select se1_0.id,se1_0.address,se1_0.amenities,se1_0.area_sqm,se1_0.base_price_cents,se1_0.capacity,se1_0.created_at,se1_0.description,se1_0.lat,se1_0.lon,se1_0.owner_id,se1_0.rules,se1_0.status,se1_0.title,se1_0.updated_at from catalog.spaces se1_0 where se1_0.id=?
2025-11-20 20:35:51 - select sie1_0.id,sie1_0.alt_text,sie1_0.created_at,sie1_0.display_order,sie1_0.is_primary,sie1_0.space_id,sie1_0.url from catalog.space_images sie1_0 left join catalog.spaces s1_0 on s1_0.id=sie1_0.space_id where s1_0.id=? order by sie1_0.display_order
2025-11-20 20:35:51 - Error caching key 'space:0b4d17d1-d6ed-4c97-9fed-ca31e142847c': Could not write JSON: Java 8 date/time type `java.time.LocalDateTime` not supported by default: add Module "com.fasterxml.jackson.datatype:jackson-datatype-jsr310" to enable handling (or disable `MapperFeature.REQUIRE_HANDLERS_FOR_JAVA8_TIMES`) (through reference chain: com.balconazo.catalog_microservice.dto.SpaceDTO["createdAt"])
2025-11-20 20:35:51 - No JWT token found in request to: /api/catalog/spaces - returning 401 UNAUTHORIZED
2025-11-20 20:35:51 - select se1_0.id,se1_0.address,se1_0.amenities,se1_0.area_sqm,se1_0.base_price_cents,se1_0.capacity,se1_0.created_at,se1_0.description,se1_0.lat,se1_0.lon,se1_0.owner_id,se1_0.rules,se1_0.status,se1_0.title,se1_0.updated_at from catalog.spaces se1_0 where se1_0.id=?
2025-11-20 20:35:51 - select sie1_0.id,sie1_0.alt_text,sie1_0.created_at,sie1_0.display_order,sie1_0.is_primary,sie1_0.space_id,sie1_0.url from catalog.space_images sie1_0 left join catalog.spaces s1_0 on s1_0.id=sie1_0.space_id where s1_0.id=? order by sie1_0.display_order
2025-11-20 20:35:51 - Error caching key 'space:0b4d17d1-d6ed-4c97-9fed-ca31e142847c': Could not write JSON: Java 8 date/time type `java.time.LocalDateTime` not supported by default: add Module "com.fasterxml.jackson.datatype:jackson-datatype-jsr310" to enable handling (or disable `MapperFeature.REQUIRE_HANDLERS_FOR_JAVA8_TIMES`) (through reference chain: com.balconazo.catalog_microservice.dto.SpaceDTO["createdAt"])
2025-11-20 20:35:51 - select se1_0.id,se1_0.address,se1_0.amenities,se1_0.area_sqm,se1_0.base_price_cents,se1_0.capacity,se1_0.created_at,se1_0.description,se1_0.lat,se1_0.lon,se1_0.owner_id,se1_0.rules,se1_0.status,se1_0.title,se1_0.updated_at from catalog.spaces se1_0 where se1_0.id=?
2025-11-20 20:35:51 - update catalog.spaces set address=?,amenities=?,area_sqm=?,base_price_cents=?,capacity=?,description=?,lat=?,lon=?,owner_id=?,rules=?,status=?,title=?,updated_at=? where id=?
2025-11-20 20:35:51 - select se1_0.id,se1_0.address,se1_0.amenities,se1_0.area_sqm,se1_0.base_price_cents,se1_0.capacity,se1_0.created_at,se1_0.description,se1_0.lat,se1_0.lon,se1_0.owner_id,se1_0.rules,se1_0.status,se1_0.title,se1_0.updated_at from catalog.spaces se1_0 where se1_0.id=?
2025-11-20 20:35:51 - select sie1_0.id,sie1_0.alt_text,sie1_0.created_at,sie1_0.display_order,sie1_0.is_primary,sie1_0.space_id,sie1_0.url from catalog.space_images sie1_0 left join catalog.spaces s1_0 on s1_0.id=sie1_0.space_id where s1_0.id=? order by sie1_0.display_order
2025-11-20 20:35:51 - Error caching key 'space:0b4d17d1-d6ed-4c97-9fed-ca31e142847c': Could not write JSON: Java 8 date/time type `java.time.LocalDateTime` not supported by default: add Module "com.fasterxml.jackson.datatype:jackson-datatype-jsr310" to enable handling (or disable `MapperFeature.REQUIRE_HANDLERS_FOR_JAVA8_TIMES`) (through reference chain: com.balconazo.catalog_microservice.dto.SpaceDTO["createdAt"])
2025-11-20 20:35:52 - No JWT token found in request to: /api/catalog/spaces/0b4d17d1-d6ed-4c97-9fed-ca31e142847c - returning 401 UNAUTHORIZED
2025-11-20 20:35:52 - select se1_0.id,se1_0.address,se1_0.amenities,se1_0.area_sqm,se1_0.base_price_cents,se1_0.capacity,se1_0.created_at,se1_0.description,se1_0.lat,se1_0.lon,se1_0.owner_id,se1_0.rules,se1_0.status,se1_0.title,se1_0.updated_at from catalog.spaces se1_0 where se1_0.id=?
2025-11-20 20:35:52 - select sie1_0.id,sie1_0.alt_text,sie1_0.created_at,sie1_0.display_order,sie1_0.is_primary,sie1_0.space_id,sie1_0.url from catalog.space_images sie1_0 left join catalog.spaces s1_0 on s1_0.id=sie1_0.space_id where s1_0.id=? order by sie1_0.display_order
2025-11-20 20:35:52 - Error caching key 'space:712716cf-50e5-46cc-8b29-90e8d877d480': Could not write JSON: Java 8 date/time type `java.time.LocalDateTime` not supported by default: add Module "com.fasterxml.jackson.datatype:jackson-datatype-jsr310" to enable handling (or disable `MapperFeature.REQUIRE_HANDLERS_FOR_JAVA8_TIMES`) (through reference chain: com.balconazo.catalog_microservice.dto.SpaceDTO["createdAt"])
2025-11-20 20:35:52 - select se1_0.id,se1_0.address,se1_0.amenities,se1_0.area_sqm,se1_0.base_price_cents,se1_0.capacity,se1_0.created_at,se1_0.description,se1_0.lat,se1_0.lon,se1_0.owner_id,se1_0.rules,se1_0.status,se1_0.title,se1_0.updated_at from catalog.spaces se1_0 where se1_0.id=?
2025-11-20 20:35:52 - update catalog.spaces set address=?,amenities=?,area_sqm=?,base_price_cents=?,capacity=?,description=?,lat=?,lon=?,owner_id=?,rules=?,status=?,title=?,updated_at=? where id=?
2025-11-20 20:35:52 - select se1_0.id,se1_0.address,se1_0.amenities,se1_0.area_sqm,se1_0.base_price_cents,se1_0.capacity,se1_0.created_at,se1_0.description,se1_0.lat,se1_0.lon,se1_0.owner_id,se1_0.rules,se1_0.status,se1_0.title,se1_0.updated_at from catalog.spaces se1_0 where se1_0.id=?
2025-11-20 20:35:52 - select sie1_0.id,sie1_0.alt_text,sie1_0.created_at,sie1_0.display_order,sie1_0.is_primary,sie1_0.space_id,sie1_0.url from catalog.space_images sie1_0 left join catalog.spaces s1_0 on s1_0.id=sie1_0.space_id where s1_0.id=? order by sie1_0.display_order
2025-11-20 20:35:52 - Error caching key 'space:712716cf-50e5-46cc-8b29-90e8d877d480': Could not write JSON: Java 8 date/time type `java.time.LocalDateTime` not supported by default: add Module "com.fasterxml.jackson.datatype:jackson-datatype-jsr310" to enable handling (or disable `MapperFeature.REQUIRE_HANDLERS_FOR_JAVA8_TIMES`) (through reference chain: com.balconazo.catalog_microservice.dto.SpaceDTO["createdAt"])
2025-11-20 20:35:52 - select se1_0.id,se1_0.address,se1_0.amenities,se1_0.area_sqm,se1_0.base_price_cents,se1_0.capacity,se1_0.created_at,se1_0.description,se1_0.lat,se1_0.lon,se1_0.owner_id,se1_0.rules,se1_0.status,se1_0.title,se1_0.updated_at from catalog.spaces se1_0 where se1_0.id=?
2025-11-20 20:35:52 - select sie1_0.id,sie1_0.alt_text,sie1_0.created_at,sie1_0.display_order,sie1_0.is_primary,sie1_0.space_id,sie1_0.url from catalog.space_images sie1_0 left join catalog.spaces s1_0 on s1_0.id=sie1_0.space_id where s1_0.id=? order by sie1_0.display_order
2025-11-20 20:35:52 - Error caching key 'space:0b4d17d1-d6ed-4c97-9fed-ca31e142847c': Could not write JSON: Java 8 date/time type `java.time.LocalDateTime` not supported by default: add Module "com.fasterxml.jackson.datatype:jackson-datatype-jsr310" to enable handling (or disable `MapperFeature.REQUIRE_HANDLERS_FOR_JAVA8_TIMES`) (through reference chain: com.balconazo.catalog_microservice.dto.SpaceDTO["createdAt"])
2025-11-20 20:35:52 - No JWT token found in request to: /api/catalog/spaces/0b4d17d1-d6ed-4c97-9fed-ca31e142847c - returning 401 UNAUTHORIZED
2025-11-20 20:37:17 - Resolving eureka endpoints via configuration
2025-11-20 20:38:19 - AdminClientConfig values: 
	auto.include.jmx.reporter = true
	bootstrap.controllers = []
	bootstrap.servers = [localhost:9092]
	client.dns.lookup = use_all_dns_ips
	client.id = 
	connections.max.idle.ms = 300000
	default.api.timeout.ms = 60000
	enable.metrics.push = true
	metadata.max.age.ms = 300000
	metadata.recovery.strategy = none
	metric.reporters = []
	metrics.num.samples = 2
	metrics.recording.level = INFO
	metrics.sample.window.ms = 30000
	receive.buffer.bytes = 65536
	reconnect.backoff.max.ms = 1000
	reconnect.backoff.ms = 50
	request.timeout.ms = 5000
	retries = 2147483647
	retry.backoff.max.ms = 1000
	retry.backoff.ms = 100
	sasl.client.callback.handler.class = null
	sasl.jaas.config = null
	sasl.kerberos.kinit.cmd = /usr/bin/kinit
	sasl.kerberos.min.time.before.relogin = 60000
	sasl.kerberos.service.name = null
	sasl.kerberos.ticket.renew.jitter = 0.05
	sasl.kerberos.ticket.renew.window.factor = 0.8
	sasl.login.callback.handler.class = null
	sasl.login.class = null
	sasl.login.connect.timeout.ms = null
	sasl.login.read.timeout.ms = null
	sasl.login.refresh.buffer.seconds = 300
	sasl.login.refresh.min.period.seconds = 60
	sasl.login.refresh.window.factor = 0.8
	sasl.login.refresh.window.jitter = 0.05
	sasl.login.retry.backoff.max.ms = 10000
	sasl.login.retry.backoff.ms = 100
	sasl.mechanism = GSSAPI
	sasl.oauthbearer.clock.skew.seconds = 30
	sasl.oauthbearer.expected.audience = null
	sasl.oauthbearer.expected.issuer = null
	sasl.oauthbearer.header.urlencode = false
	sasl.oauthbearer.jwks.endpoint.refresh.ms = 3600000
	sasl.oauthbearer.jwks.endpoint.retry.backoff.max.ms = 10000
	sasl.oauthbearer.jwks.endpoint.retry.backoff.ms = 100
	sasl.oauthbearer.jwks.endpoint.url = null
	sasl.oauthbearer.scope.claim.name = scope
	sasl.oauthbearer.sub.claim.name = sub
	sasl.oauthbearer.token.endpoint.url = null
	security.protocol = PLAINTEXT
	security.providers = null
	send.buffer.bytes = 131072
	socket.connection.setup.timeout.max.ms = 30000
	socket.connection.setup.timeout.ms = 10000
	ssl.cipher.suites = null
	ssl.enabled.protocols = [TLSv1.2, TLSv1.3]
	ssl.endpoint.identification.algorithm = https
	ssl.engine.factory.class = null
	ssl.key.password = null
	ssl.keymanager.algorithm = SunX509
	ssl.keystore.certificate.chain = null
	ssl.keystore.key = null
	ssl.keystore.location = null
	ssl.keystore.password = null
	ssl.keystore.type = JKS
	ssl.protocol = TLSv1.3
	ssl.provider = null
	ssl.secure.random.implementation = null
	ssl.trustmanager.algorithm = PKIX
	ssl.truststore.certificates = null
	ssl.truststore.location = null
	ssl.truststore.password = null
	ssl.truststore.type = JKS

2025-11-20 20:38:19 - Kafka version: 3.9.1
2025-11-20 20:38:19 - Kafka commitId: f745dfdcee2b9851
2025-11-20 20:38:19 - Kafka startTimeMs: 1763667499403
2025-11-20 20:38:19 - App info kafka.admin.client for adminclient-2 unregistered
2025-11-20 20:38:19 - Metrics scheduler closed
2025-11-20 20:38:19 - Closing reporter org.apache.kafka.common.metrics.JmxReporter
2025-11-20 20:38:19 - Metrics reporters closed
2025-11-20 20:38:24 - Espacio creado con estado ACTIVE: f3ac26ae-4e44-4c26-b709-dda23a5fa8a5 por usuario: c1cf3d7d-eb2c-49fb-ad4e-74848ca27087
2025-11-20 20:38:24 - Usuario c1cf3d7d-eb2c-49fb-ad4e-74848ca27087 promovido a host exitosamente
2025-11-20 20:38:24 - Publicando evento SpaceCreated para espacio: f3ac26ae-4e44-4c26-b709-dda23a5fa8a5
2025-11-20 20:38:24 - Evento SpaceCreated publicado exitosamente: f3ac26ae-4e44-4c26-b709-dda23a5fa8a5
2025-11-20 20:38:24 - insert into catalog.spaces (address,amenities,area_sqm,base_price_cents,capacity,created_at,description,lat,lon,owner_id,rules,status,title,updated_at,id) values (?,?,?,?,?,?,?,?,?,?,?,?,?,?,?)
2025-11-20 20:38:27 - Espacio creado con estado ACTIVE: 38b74081-6c76-4d64-a513-662208696c88 por usuario: c1cf3d7d-eb2c-49fb-ad4e-74848ca27087
2025-11-20 20:38:27 - Usuario c1cf3d7d-eb2c-49fb-ad4e-74848ca27087 promovido a host exitosamente
2025-11-20 20:38:27 - Publicando evento SpaceCreated para espacio: 38b74081-6c76-4d64-a513-662208696c88
2025-11-20 20:38:27 - Evento SpaceCreated publicado exitosamente: 38b74081-6c76-4d64-a513-662208696c88
2025-11-20 20:38:27 - insert into catalog.spaces (address,amenities,area_sqm,base_price_cents,capacity,created_at,description,lat,lon,owner_id,rules,status,title,updated_at,id) values (?,?,?,?,?,?,?,?,?,?,?,?,?,?,?)
2025-11-20 20:38:27 - Espacio creado con estado ACTIVE: e2f38d85-07c2-4add-95d7-cdd0536a77e1 por usuario: db47d0ca-1f66-4b13-b4ec-83f5e836a297
2025-11-20 20:38:27 - Usuario db47d0ca-1f66-4b13-b4ec-83f5e836a297 promovido a host exitosamente
2025-11-20 20:38:27 - Publicando evento SpaceCreated para espacio: e2f38d85-07c2-4add-95d7-cdd0536a77e1
2025-11-20 20:38:27 - Evento SpaceCreated publicado exitosamente: e2f38d85-07c2-4add-95d7-cdd0536a77e1
2025-11-20 20:38:27 - insert into catalog.spaces (address,amenities,area_sqm,base_price_cents,capacity,created_at,description,lat,lon,owner_id,rules,status,title,updated_at,id) values (?,?,?,?,?,?,?,?,?,?,?,?,?,?,?)
2025-11-20 20:38:29 - No JWT token found in request to: /api/catalog/spaces - returning 401 UNAUTHORIZED
2025-11-20 20:38:29 - select se1_0.id,se1_0.address,se1_0.amenities,se1_0.area_sqm,se1_0.base_price_cents,se1_0.capacity,se1_0.created_at,se1_0.description,se1_0.lat,se1_0.lon,se1_0.owner_id,se1_0.rules,se1_0.status,se1_0.title,se1_0.updated_at from catalog.spaces se1_0 where se1_0.status=?
2025-11-20 20:38:29 - select sie1_0.id,sie1_0.alt_text,sie1_0.created_at,sie1_0.display_order,sie1_0.is_primary,sie1_0.space_id,sie1_0.url from catalog.space_images sie1_0 left join catalog.spaces s1_0 on s1_0.id=sie1_0.space_id where s1_0.id=? order by sie1_0.display_order
2025-11-20 20:38:29 - select sie1_0.id,sie1_0.alt_text,sie1_0.created_at,sie1_0.display_order,sie1_0.is_primary,sie1_0.space_id,sie1_0.url from catalog.space_images sie1_0 left join catalog.spaces s1_0 on s1_0.id=sie1_0.space_id where s1_0.id=? order by sie1_0.display_order
2025-11-20 20:38:29 - select sie1_0.id,sie1_0.alt_text,sie1_0.created_at,sie1_0.display_order,sie1_0.is_primary,sie1_0.space_id,sie1_0.url from catalog.space_images sie1_0 left join catalog.spaces s1_0 on s1_0.id=sie1_0.space_id where s1_0.id=? order by sie1_0.display_order
2025-11-20 20:38:29 - select sie1_0.id,sie1_0.alt_text,sie1_0.created_at,sie1_0.display_order,sie1_0.is_primary,sie1_0.space_id,sie1_0.url from catalog.space_images sie1_0 left join catalog.spaces s1_0 on s1_0.id=sie1_0.space_id where s1_0.id=? order by sie1_0.display_order
2025-11-20 20:38:29 - select sie1_0.id,sie1_0.alt_text,sie1_0.created_at,sie1_0.display_order,sie1_0.is_primary,sie1_0.space_id,sie1_0.url from catalog.space_images sie1_0 left join catalog.spaces s1_0 on s1_0.id=sie1_0.space_id where s1_0.id=? order by sie1_0.display_order
2025-11-20 20:38:29 - select sie1_0.id,sie1_0.alt_text,sie1_0.created_at,sie1_0.display_order,sie1_0.is_primary,sie1_0.space_id,sie1_0.url from catalog.space_images sie1_0 left join catalog.spaces s1_0 on s1_0.id=sie1_0.space_id where s1_0.id=? order by sie1_0.display_order
2025-11-20 20:38:29 - select sie1_0.id,sie1_0.alt_text,sie1_0.created_at,sie1_0.display_order,sie1_0.is_primary,sie1_0.space_id,sie1_0.url from catalog.space_images sie1_0 left join catalog.spaces s1_0 on s1_0.id=sie1_0.space_id where s1_0.id=? order by sie1_0.display_order
2025-11-20 20:38:29 - select sie1_0.id,sie1_0.alt_text,sie1_0.created_at,sie1_0.display_order,sie1_0.is_primary,sie1_0.space_id,sie1_0.url from catalog.space_images sie1_0 left join catalog.spaces s1_0 on s1_0.id=sie1_0.space_id where s1_0.id=? order by sie1_0.display_order
2025-11-20 20:38:29 - select sie1_0.id,sie1_0.alt_text,sie1_0.created_at,sie1_0.display_order,sie1_0.is_primary,sie1_0.space_id,sie1_0.url from catalog.space_images sie1_0 left join catalog.spaces s1_0 on s1_0.id=sie1_0.space_id where s1_0.id=? order by sie1_0.display_order
2025-11-20 20:38:29 - select sie1_0.id,sie1_0.alt_text,sie1_0.created_at,sie1_0.display_order,sie1_0.is_primary,sie1_0.space_id,sie1_0.url from catalog.space_images sie1_0 left join catalog.spaces s1_0 on s1_0.id=sie1_0.space_id where s1_0.id=? order by sie1_0.display_order
2025-11-20 20:38:29 - select sie1_0.id,sie1_0.alt_text,sie1_0.created_at,sie1_0.display_order,sie1_0.is_primary,sie1_0.space_id,sie1_0.url from catalog.space_images sie1_0 left join catalog.spaces s1_0 on s1_0.id=sie1_0.space_id where s1_0.id=? order by sie1_0.display_order
2025-11-20 20:38:29 - select sie1_0.id,sie1_0.alt_text,sie1_0.created_at,sie1_0.display_order,sie1_0.is_primary,sie1_0.space_id,sie1_0.url from catalog.space_images sie1_0 left join catalog.spaces s1_0 on s1_0.id=sie1_0.space_id where s1_0.id=? order by sie1_0.display_order
2025-11-20 20:38:29 - select sie1_0.id,sie1_0.alt_text,sie1_0.created_at,sie1_0.display_order,sie1_0.is_primary,sie1_0.space_id,sie1_0.url from catalog.space_images sie1_0 left join catalog.spaces s1_0 on s1_0.id=sie1_0.space_id where s1_0.id=? order by sie1_0.display_order
2025-11-20 20:38:29 - select sie1_0.id,sie1_0.alt_text,sie1_0.created_at,sie1_0.display_order,sie1_0.is_primary,sie1_0.space_id,sie1_0.url from catalog.space_images sie1_0 left join catalog.spaces s1_0 on s1_0.id=sie1_0.space_id where s1_0.id=? order by sie1_0.display_order
2025-11-20 20:38:29 - select sie1_0.id,sie1_0.alt_text,sie1_0.created_at,sie1_0.display_order,sie1_0.is_primary,sie1_0.space_id,sie1_0.url from catalog.space_images sie1_0 left join catalog.spaces s1_0 on s1_0.id=sie1_0.space_id where s1_0.id=? order by sie1_0.display_order
2025-11-20 20:38:29 - select sie1_0.id,sie1_0.alt_text,sie1_0.created_at,sie1_0.display_order,sie1_0.is_primary,sie1_0.space_id,sie1_0.url from catalog.space_images sie1_0 left join catalog.spaces s1_0 on s1_0.id=sie1_0.space_id where s1_0.id=? order by sie1_0.display_order
2025-11-20 20:38:29 - select sie1_0.id,sie1_0.alt_text,sie1_0.created_at,sie1_0.display_order,sie1_0.is_primary,sie1_0.space_id,sie1_0.url from catalog.space_images sie1_0 left join catalog.spaces s1_0 on s1_0.id=sie1_0.space_id where s1_0.id=? order by sie1_0.display_order
2025-11-20 20:38:29 - select sie1_0.id,sie1_0.alt_text,sie1_0.created_at,sie1_0.display_order,sie1_0.is_primary,sie1_0.space_id,sie1_0.url from catalog.space_images sie1_0 left join catalog.spaces s1_0 on s1_0.id=sie1_0.space_id where s1_0.id=? order by sie1_0.display_order
2025-11-20 20:38:29 - select sie1_0.id,sie1_0.alt_text,sie1_0.created_at,sie1_0.display_order,sie1_0.is_primary,sie1_0.space_id,sie1_0.url from catalog.space_images sie1_0 left join catalog.spaces s1_0 on s1_0.id=sie1_0.space_id where s1_0.id=? order by sie1_0.display_order
2025-11-20 20:38:29 - select sie1_0.id,sie1_0.alt_text,sie1_0.created_at,sie1_0.display_order,sie1_0.is_primary,sie1_0.space_id,sie1_0.url from catalog.space_images sie1_0 left join catalog.spaces s1_0 on s1_0.id=sie1_0.space_id where s1_0.id=? order by sie1_0.display_order
2025-11-20 20:38:29 - select sie1_0.id,sie1_0.alt_text,sie1_0.created_at,sie1_0.display_order,sie1_0.is_primary,sie1_0.space_id,sie1_0.url from catalog.space_images sie1_0 left join catalog.spaces s1_0 on s1_0.id=sie1_0.space_id where s1_0.id=? order by sie1_0.display_order
2025-11-20 20:38:29 - select sie1_0.id,sie1_0.alt_text,sie1_0.created_at,sie1_0.display_order,sie1_0.is_primary,sie1_0.space_id,sie1_0.url from catalog.space_images sie1_0 left join catalog.spaces s1_0 on s1_0.id=sie1_0.space_id where s1_0.id=? order by sie1_0.display_order
2025-11-20 20:38:29 - select sie1_0.id,sie1_0.alt_text,sie1_0.created_at,sie1_0.display_order,sie1_0.is_primary,sie1_0.space_id,sie1_0.url from catalog.space_images sie1_0 left join catalog.spaces s1_0 on s1_0.id=sie1_0.space_id where s1_0.id=? order by sie1_0.display_order
2025-11-20 20:38:29 - select sie1_0.id,sie1_0.alt_text,sie1_0.created_at,sie1_0.display_order,sie1_0.is_primary,sie1_0.space_id,sie1_0.url from catalog.space_images sie1_0 left join catalog.spaces s1_0 on s1_0.id=sie1_0.space_id where s1_0.id=? order by sie1_0.display_order
2025-11-20 20:38:29 - select sie1_0.id,sie1_0.alt_text,sie1_0.created_at,sie1_0.display_order,sie1_0.is_primary,sie1_0.space_id,sie1_0.url from catalog.space_images sie1_0 left join catalog.spaces s1_0 on s1_0.id=sie1_0.space_id where s1_0.id=? order by sie1_0.display_order
2025-11-20 20:38:29 - select sie1_0.id,sie1_0.alt_text,sie1_0.created_at,sie1_0.display_order,sie1_0.is_primary,sie1_0.space_id,sie1_0.url from catalog.space_images sie1_0 left join catalog.spaces s1_0 on s1_0.id=sie1_0.space_id where s1_0.id=? order by sie1_0.display_order
2025-11-20 20:38:29 - select sie1_0.id,sie1_0.alt_text,sie1_0.created_at,sie1_0.display_order,sie1_0.is_primary,sie1_0.space_id,sie1_0.url from catalog.space_images sie1_0 left join catalog.spaces s1_0 on s1_0.id=sie1_0.space_id where s1_0.id=? order by sie1_0.display_order
2025-11-20 20:38:29 - select sie1_0.id,sie1_0.alt_text,sie1_0.created_at,sie1_0.display_order,sie1_0.is_primary,sie1_0.space_id,sie1_0.url from catalog.space_images sie1_0 left join catalog.spaces s1_0 on s1_0.id=sie1_0.space_id where s1_0.id=? order by sie1_0.display_order
2025-11-20 20:38:29 - select sie1_0.id,sie1_0.alt_text,sie1_0.created_at,sie1_0.display_order,sie1_0.is_primary,sie1_0.space_id,sie1_0.url from catalog.space_images sie1_0 left join catalog.spaces s1_0 on s1_0.id=sie1_0.space_id where s1_0.id=? order by sie1_0.display_order
2025-11-20 20:38:29 - select sie1_0.id,sie1_0.alt_text,sie1_0.created_at,sie1_0.display_order,sie1_0.is_primary,sie1_0.space_id,sie1_0.url from catalog.space_images sie1_0 left join catalog.spaces s1_0 on s1_0.id=sie1_0.space_id where s1_0.id=? order by sie1_0.display_order
2025-11-20 20:38:29 - select sie1_0.id,sie1_0.alt_text,sie1_0.created_at,sie1_0.display_order,sie1_0.is_primary,sie1_0.space_id,sie1_0.url from catalog.space_images sie1_0 left join catalog.spaces s1_0 on s1_0.id=sie1_0.space_id where s1_0.id=? order by sie1_0.display_order
2025-11-20 20:38:29 - select sie1_0.id,sie1_0.alt_text,sie1_0.created_at,sie1_0.display_order,sie1_0.is_primary,sie1_0.space_id,sie1_0.url from catalog.space_images sie1_0 left join catalog.spaces s1_0 on s1_0.id=sie1_0.space_id where s1_0.id=? order by sie1_0.display_order
2025-11-20 20:38:29 - select sie1_0.id,sie1_0.alt_text,sie1_0.created_at,sie1_0.display_order,sie1_0.is_primary,sie1_0.space_id,sie1_0.url from catalog.space_images sie1_0 left join catalog.spaces s1_0 on s1_0.id=sie1_0.space_id where s1_0.id=? order by sie1_0.display_order
2025-11-20 20:38:29 - select sie1_0.id,sie1_0.alt_text,sie1_0.created_at,sie1_0.display_order,sie1_0.is_primary,sie1_0.space_id,sie1_0.url from catalog.space_images sie1_0 left join catalog.spaces s1_0 on s1_0.id=sie1_0.space_id where s1_0.id=? order by sie1_0.display_order
2025-11-20 20:38:29 - select sie1_0.id,sie1_0.alt_text,sie1_0.created_at,sie1_0.display_order,sie1_0.is_primary,sie1_0.space_id,sie1_0.url from catalog.space_images sie1_0 left join catalog.spaces s1_0 on s1_0.id=sie1_0.space_id where s1_0.id=? order by sie1_0.display_order
2025-11-20 20:38:29 - select sie1_0.id,sie1_0.alt_text,sie1_0.created_at,sie1_0.display_order,sie1_0.is_primary,sie1_0.space_id,sie1_0.url from catalog.space_images sie1_0 left join catalog.spaces s1_0 on s1_0.id=sie1_0.space_id where s1_0.id=? order by sie1_0.display_order
2025-11-20 20:38:29 - select sie1_0.id,sie1_0.alt_text,sie1_0.created_at,sie1_0.display_order,sie1_0.is_primary,sie1_0.space_id,sie1_0.url from catalog.space_images sie1_0 left join catalog.spaces s1_0 on s1_0.id=sie1_0.space_id where s1_0.id=? order by sie1_0.display_order
2025-11-20 20:38:29 - select sie1_0.id,sie1_0.alt_text,sie1_0.created_at,sie1_0.display_order,sie1_0.is_primary,sie1_0.space_id,sie1_0.url from catalog.space_images sie1_0 left join catalog.spaces s1_0 on s1_0.id=sie1_0.space_id where s1_0.id=? order by sie1_0.display_order
2025-11-20 20:38:29 - select sie1_0.id,sie1_0.alt_text,sie1_0.created_at,sie1_0.display_order,sie1_0.is_primary,sie1_0.space_id,sie1_0.url from catalog.space_images sie1_0 left join catalog.spaces s1_0 on s1_0.id=sie1_0.space_id where s1_0.id=? order by sie1_0.display_order
2025-11-20 20:38:29 - select sie1_0.id,sie1_0.alt_text,sie1_0.created_at,sie1_0.display_order,sie1_0.is_primary,sie1_0.space_id,sie1_0.url from catalog.space_images sie1_0 left join catalog.spaces s1_0 on s1_0.id=sie1_0.space_id where s1_0.id=? order by sie1_0.display_order
2025-11-20 20:38:29 - select sie1_0.id,sie1_0.alt_text,sie1_0.created_at,sie1_0.display_order,sie1_0.is_primary,sie1_0.space_id,sie1_0.url from catalog.space_images sie1_0 left join catalog.spaces s1_0 on s1_0.id=sie1_0.space_id where s1_0.id=? order by sie1_0.display_order
2025-11-20 20:38:29 - select sie1_0.id,sie1_0.alt_text,sie1_0.created_at,sie1_0.display_order,sie1_0.is_primary,sie1_0.space_id,sie1_0.url from catalog.space_images sie1_0 left join catalog.spaces s1_0 on s1_0.id=sie1_0.space_id where s1_0.id=? order by sie1_0.display_order
2025-11-20 20:38:29 - select sie1_0.id,sie1_0.alt_text,sie1_0.created_at,sie1_0.display_order,sie1_0.is_primary,sie1_0.space_id,sie1_0.url from catalog.space_images sie1_0 left join catalog.spaces s1_0 on s1_0.id=sie1_0.space_id where s1_0.id=? order by sie1_0.display_order
2025-11-20 20:38:29 - select sie1_0.id,sie1_0.alt_text,sie1_0.created_at,sie1_0.display_order,sie1_0.is_primary,sie1_0.space_id,sie1_0.url from catalog.space_images sie1_0 left join catalog.spaces s1_0 on s1_0.id=sie1_0.space_id where s1_0.id=? order by sie1_0.display_order
2025-11-20 20:38:29 - select sie1_0.id,sie1_0.alt_text,sie1_0.created_at,sie1_0.display_order,sie1_0.is_primary,sie1_0.space_id,sie1_0.url from catalog.space_images sie1_0 left join catalog.spaces s1_0 on s1_0.id=sie1_0.space_id where s1_0.id=? order by sie1_0.display_order
2025-11-20 20:38:29 - select sie1_0.id,sie1_0.alt_text,sie1_0.created_at,sie1_0.display_order,sie1_0.is_primary,sie1_0.space_id,sie1_0.url from catalog.space_images sie1_0 left join catalog.spaces s1_0 on s1_0.id=sie1_0.space_id where s1_0.id=? order by sie1_0.display_order
2025-11-20 20:38:29 - select sie1_0.id,sie1_0.alt_text,sie1_0.created_at,sie1_0.display_order,sie1_0.is_primary,sie1_0.space_id,sie1_0.url from catalog.space_images sie1_0 left join catalog.spaces s1_0 on s1_0.id=sie1_0.space_id where s1_0.id=? order by sie1_0.display_order
2025-11-20 20:38:29 - select sie1_0.id,sie1_0.alt_text,sie1_0.created_at,sie1_0.display_order,sie1_0.is_primary,sie1_0.space_id,sie1_0.url from catalog.space_images sie1_0 left join catalog.spaces s1_0 on s1_0.id=sie1_0.space_id where s1_0.id=? order by sie1_0.display_order
2025-11-20 20:38:29 - select sie1_0.id,sie1_0.alt_text,sie1_0.created_at,sie1_0.display_order,sie1_0.is_primary,sie1_0.space_id,sie1_0.url from catalog.space_images sie1_0 left join catalog.spaces s1_0 on s1_0.id=sie1_0.space_id where s1_0.id=? order by sie1_0.display_order
2025-11-20 20:38:29 - select sie1_0.id,sie1_0.alt_text,sie1_0.created_at,sie1_0.display_order,sie1_0.is_primary,sie1_0.space_id,sie1_0.url from catalog.space_images sie1_0 left join catalog.spaces s1_0 on s1_0.id=sie1_0.space_id where s1_0.id=? order by sie1_0.display_order
2025-11-20 20:38:29 - select sie1_0.id,sie1_0.alt_text,sie1_0.created_at,sie1_0.display_order,sie1_0.is_primary,sie1_0.space_id,sie1_0.url from catalog.space_images sie1_0 left join catalog.spaces s1_0 on s1_0.id=sie1_0.space_id where s1_0.id=? order by sie1_0.display_order
2025-11-20 20:38:29 - select sie1_0.id,sie1_0.alt_text,sie1_0.created_at,sie1_0.display_order,sie1_0.is_primary,sie1_0.space_id,sie1_0.url from catalog.space_images sie1_0 left join catalog.spaces s1_0 on s1_0.id=sie1_0.space_id where s1_0.id=? order by sie1_0.display_order
2025-11-20 20:38:29 - select sie1_0.id,sie1_0.alt_text,sie1_0.created_at,sie1_0.display_order,sie1_0.is_primary,sie1_0.space_id,sie1_0.url from catalog.space_images sie1_0 left join catalog.spaces s1_0 on s1_0.id=sie1_0.space_id where s1_0.id=? order by sie1_0.display_order
2025-11-20 20:38:29 - select sie1_0.id,sie1_0.alt_text,sie1_0.created_at,sie1_0.display_order,sie1_0.is_primary,sie1_0.space_id,sie1_0.url from catalog.space_images sie1_0 left join catalog.spaces s1_0 on s1_0.id=sie1_0.space_id where s1_0.id=? order by sie1_0.display_order
2025-11-20 20:38:29 - select sie1_0.id,sie1_0.alt_text,sie1_0.created_at,sie1_0.display_order,sie1_0.is_primary,sie1_0.space_id,sie1_0.url from catalog.space_images sie1_0 left join catalog.spaces s1_0 on s1_0.id=sie1_0.space_id where s1_0.id=? order by sie1_0.display_order
2025-11-20 20:38:29 - select sie1_0.id,sie1_0.alt_text,sie1_0.created_at,sie1_0.display_order,sie1_0.is_primary,sie1_0.space_id,sie1_0.url from catalog.space_images sie1_0 left join catalog.spaces s1_0 on s1_0.id=sie1_0.space_id where s1_0.id=? order by sie1_0.display_order
2025-11-20 20:38:29 - select sie1_0.id,sie1_0.alt_text,sie1_0.created_at,sie1_0.display_order,sie1_0.is_primary,sie1_0.space_id,sie1_0.url from catalog.space_images sie1_0 left join catalog.spaces s1_0 on s1_0.id=sie1_0.space_id where s1_0.id=? order by sie1_0.display_order
2025-11-20 20:38:29 - select sie1_0.id,sie1_0.alt_text,sie1_0.created_at,sie1_0.display_order,sie1_0.is_primary,sie1_0.space_id,sie1_0.url from catalog.space_images sie1_0 left join catalog.spaces s1_0 on s1_0.id=sie1_0.space_id where s1_0.id=? order by sie1_0.display_order
2025-11-20 20:38:29 - select sie1_0.id,sie1_0.alt_text,sie1_0.created_at,sie1_0.display_order,sie1_0.is_primary,sie1_0.space_id,sie1_0.url from catalog.space_images sie1_0 left join catalog.spaces s1_0 on s1_0.id=sie1_0.space_id where s1_0.id=? order by sie1_0.display_order
2025-11-20 20:38:29 - select sie1_0.id,sie1_0.alt_text,sie1_0.created_at,sie1_0.display_order,sie1_0.is_primary,sie1_0.space_id,sie1_0.url from catalog.space_images sie1_0 left join catalog.spaces s1_0 on s1_0.id=sie1_0.space_id where s1_0.id=? order by sie1_0.display_order
2025-11-20 20:38:29 - select sie1_0.id,sie1_0.alt_text,sie1_0.created_at,sie1_0.display_order,sie1_0.is_primary,sie1_0.space_id,sie1_0.url from catalog.space_images sie1_0 left join catalog.spaces s1_0 on s1_0.id=sie1_0.space_id where s1_0.id=? order by sie1_0.display_order
2025-11-20 20:38:29 - select sie1_0.id,sie1_0.alt_text,sie1_0.created_at,sie1_0.display_order,sie1_0.is_primary,sie1_0.space_id,sie1_0.url from catalog.space_images sie1_0 left join catalog.spaces s1_0 on s1_0.id=sie1_0.space_id where s1_0.id=? order by sie1_0.display_order
2025-11-20 20:38:29 - select sie1_0.id,sie1_0.alt_text,sie1_0.created_at,sie1_0.display_order,sie1_0.is_primary,sie1_0.space_id,sie1_0.url from catalog.space_images sie1_0 left join catalog.spaces s1_0 on s1_0.id=sie1_0.space_id where s1_0.id=? order by sie1_0.display_order
2025-11-20 20:38:29 - select sie1_0.id,sie1_0.alt_text,sie1_0.created_at,sie1_0.display_order,sie1_0.is_primary,sie1_0.space_id,sie1_0.url from catalog.space_images sie1_0 left join catalog.spaces s1_0 on s1_0.id=sie1_0.space_id where s1_0.id=? order by sie1_0.display_order
2025-11-20 20:38:29 - select sie1_0.id,sie1_0.alt_text,sie1_0.created_at,sie1_0.display_order,sie1_0.is_primary,sie1_0.space_id,sie1_0.url from catalog.space_images sie1_0 left join catalog.spaces s1_0 on s1_0.id=sie1_0.space_id where s1_0.id=? order by sie1_0.display_order
2025-11-20 20:38:29 - select sie1_0.id,sie1_0.alt_text,sie1_0.created_at,sie1_0.display_order,sie1_0.is_primary,sie1_0.space_id,sie1_0.url from catalog.space_images sie1_0 left join catalog.spaces s1_0 on s1_0.id=sie1_0.space_id where s1_0.id=? order by sie1_0.display_order
2025-11-20 20:38:29 - select sie1_0.id,sie1_0.alt_text,sie1_0.created_at,sie1_0.display_order,sie1_0.is_primary,sie1_0.space_id,sie1_0.url from catalog.space_images sie1_0 left join catalog.spaces s1_0 on s1_0.id=sie1_0.space_id where s1_0.id=? order by sie1_0.display_order
2025-11-20 20:38:29 - select sie1_0.id,sie1_0.alt_text,sie1_0.created_at,sie1_0.display_order,sie1_0.is_primary,sie1_0.space_id,sie1_0.url from catalog.space_images sie1_0 left join catalog.spaces s1_0 on s1_0.id=sie1_0.space_id where s1_0.id=? order by sie1_0.display_order
2025-11-20 20:38:29 - select sie1_0.id,sie1_0.alt_text,sie1_0.created_at,sie1_0.display_order,sie1_0.is_primary,sie1_0.space_id,sie1_0.url from catalog.space_images sie1_0 left join catalog.spaces s1_0 on s1_0.id=sie1_0.space_id where s1_0.id=? order by sie1_0.display_order
2025-11-20 20:38:29 - select se1_0.id,se1_0.address,se1_0.amenities,se1_0.area_sqm,se1_0.base_price_cents,se1_0.capacity,se1_0.created_at,se1_0.description,se1_0.lat,se1_0.lon,se1_0.owner_id,se1_0.rules,se1_0.status,se1_0.title,se1_0.updated_at from catalog.spaces se1_0 where se1_0.id=?
2025-11-20 20:38:29 - select sie1_0.id,sie1_0.alt_text,sie1_0.created_at,sie1_0.display_order,sie1_0.is_primary,sie1_0.space_id,sie1_0.url from catalog.space_images sie1_0 left join catalog.spaces s1_0 on s1_0.id=sie1_0.space_id where s1_0.id=? order by sie1_0.display_order
2025-11-20 20:38:29 - Error caching key 'space:f3ac26ae-4e44-4c26-b709-dda23a5fa8a5': Could not write JSON: Java 8 date/time type `java.time.LocalDateTime` not supported by default: add Module "com.fasterxml.jackson.datatype:jackson-datatype-jsr310" to enable handling (or disable `MapperFeature.REQUIRE_HANDLERS_FOR_JAVA8_TIMES`) (through reference chain: com.balconazo.catalog_microservice.dto.SpaceDTO["createdAt"])
2025-11-20 20:38:29 - No JWT token found in request to: /api/catalog/spaces - returning 401 UNAUTHORIZED
2025-11-20 20:38:29 - select se1_0.id,se1_0.address,se1_0.amenities,se1_0.area_sqm,se1_0.base_price_cents,se1_0.capacity,se1_0.created_at,se1_0.description,se1_0.lat,se1_0.lon,se1_0.owner_id,se1_0.rules,se1_0.status,se1_0.title,se1_0.updated_at from catalog.spaces se1_0 where se1_0.id=?
2025-11-20 20:38:29 - select sie1_0.id,sie1_0.alt_text,sie1_0.created_at,sie1_0.display_order,sie1_0.is_primary,sie1_0.space_id,sie1_0.url from catalog.space_images sie1_0 left join catalog.spaces s1_0 on s1_0.id=sie1_0.space_id where s1_0.id=? order by sie1_0.display_order
2025-11-20 20:38:29 - Error caching key 'space:f3ac26ae-4e44-4c26-b709-dda23a5fa8a5': Could not write JSON: Java 8 date/time type `java.time.LocalDateTime` not supported by default: add Module "com.fasterxml.jackson.datatype:jackson-datatype-jsr310" to enable handling (or disable `MapperFeature.REQUIRE_HANDLERS_FOR_JAVA8_TIMES`) (through reference chain: com.balconazo.catalog_microservice.dto.SpaceDTO["createdAt"])
2025-11-20 20:38:29 - select se1_0.id,se1_0.address,se1_0.amenities,se1_0.area_sqm,se1_0.base_price_cents,se1_0.capacity,se1_0.created_at,se1_0.description,se1_0.lat,se1_0.lon,se1_0.owner_id,se1_0.rules,se1_0.status,se1_0.title,se1_0.updated_at from catalog.spaces se1_0 where se1_0.id=?
2025-11-20 20:38:29 - update catalog.spaces set address=?,amenities=?,area_sqm=?,base_price_cents=?,capacity=?,description=?,lat=?,lon=?,owner_id=?,rules=?,status=?,title=?,updated_at=? where id=?
2025-11-20 20:38:29 - select se1_0.id,se1_0.address,se1_0.amenities,se1_0.area_sqm,se1_0.base_price_cents,se1_0.capacity,se1_0.created_at,se1_0.description,se1_0.lat,se1_0.lon,se1_0.owner_id,se1_0.rules,se1_0.status,se1_0.title,se1_0.updated_at from catalog.spaces se1_0 where se1_0.id=?
2025-11-20 20:38:29 - select sie1_0.id,sie1_0.alt_text,sie1_0.created_at,sie1_0.display_order,sie1_0.is_primary,sie1_0.space_id,sie1_0.url from catalog.space_images sie1_0 left join catalog.spaces s1_0 on s1_0.id=sie1_0.space_id where s1_0.id=? order by sie1_0.display_order
2025-11-20 20:38:29 - Error caching key 'space:f3ac26ae-4e44-4c26-b709-dda23a5fa8a5': Could not write JSON: Java 8 date/time type `java.time.LocalDateTime` not supported by default: add Module "com.fasterxml.jackson.datatype:jackson-datatype-jsr310" to enable handling (or disable `MapperFeature.REQUIRE_HANDLERS_FOR_JAVA8_TIMES`) (through reference chain: com.balconazo.catalog_microservice.dto.SpaceDTO["createdAt"])
2025-11-20 20:38:29 - No JWT token found in request to: /api/catalog/spaces/f3ac26ae-4e44-4c26-b709-dda23a5fa8a5 - returning 401 UNAUTHORIZED
2025-11-20 20:38:29 - select se1_0.id,se1_0.address,se1_0.amenities,se1_0.area_sqm,se1_0.base_price_cents,se1_0.capacity,se1_0.created_at,se1_0.description,se1_0.lat,se1_0.lon,se1_0.owner_id,se1_0.rules,se1_0.status,se1_0.title,se1_0.updated_at from catalog.spaces se1_0 where se1_0.id=?
2025-11-20 20:38:29 - select sie1_0.id,sie1_0.alt_text,sie1_0.created_at,sie1_0.display_order,sie1_0.is_primary,sie1_0.space_id,sie1_0.url from catalog.space_images sie1_0 left join catalog.spaces s1_0 on s1_0.id=sie1_0.space_id where s1_0.id=? order by sie1_0.display_order
2025-11-20 20:38:29 - Error caching key 'space:38b74081-6c76-4d64-a513-662208696c88': Could not write JSON: Java 8 date/time type `java.time.LocalDateTime` not supported by default: add Module "com.fasterxml.jackson.datatype:jackson-datatype-jsr310" to enable handling (or disable `MapperFeature.REQUIRE_HANDLERS_FOR_JAVA8_TIMES`) (through reference chain: com.balconazo.catalog_microservice.dto.SpaceDTO["createdAt"])
2025-11-20 20:38:29 - select se1_0.id,se1_0.address,se1_0.amenities,se1_0.area_sqm,se1_0.base_price_cents,se1_0.capacity,se1_0.created_at,se1_0.description,se1_0.lat,se1_0.lon,se1_0.owner_id,se1_0.rules,se1_0.status,se1_0.title,se1_0.updated_at from catalog.spaces se1_0 where se1_0.id=?
2025-11-20 20:38:29 - update catalog.spaces set address=?,amenities=?,area_sqm=?,base_price_cents=?,capacity=?,description=?,lat=?,lon=?,owner_id=?,rules=?,status=?,title=?,updated_at=? where id=?
2025-11-20 20:38:29 - select se1_0.id,se1_0.address,se1_0.amenities,se1_0.area_sqm,se1_0.base_price_cents,se1_0.capacity,se1_0.created_at,se1_0.description,se1_0.lat,se1_0.lon,se1_0.owner_id,se1_0.rules,se1_0.status,se1_0.title,se1_0.updated_at from catalog.spaces se1_0 where se1_0.id=?
2025-11-20 20:38:29 - select sie1_0.id,sie1_0.alt_text,sie1_0.created_at,sie1_0.display_order,sie1_0.is_primary,sie1_0.space_id,sie1_0.url from catalog.space_images sie1_0 left join catalog.spaces s1_0 on s1_0.id=sie1_0.space_id where s1_0.id=? order by sie1_0.display_order
2025-11-20 20:38:29 - Error caching key 'space:38b74081-6c76-4d64-a513-662208696c88': Could not write JSON: Java 8 date/time type `java.time.LocalDateTime` not supported by default: add Module "com.fasterxml.jackson.datatype:jackson-datatype-jsr310" to enable handling (or disable `MapperFeature.REQUIRE_HANDLERS_FOR_JAVA8_TIMES`) (through reference chain: com.balconazo.catalog_microservice.dto.SpaceDTO["createdAt"])
2025-11-20 20:38:29 - select se1_0.id,se1_0.address,se1_0.amenities,se1_0.area_sqm,se1_0.base_price_cents,se1_0.capacity,se1_0.created_at,se1_0.description,se1_0.lat,se1_0.lon,se1_0.owner_id,se1_0.rules,se1_0.status,se1_0.title,se1_0.updated_at from catalog.spaces se1_0 where se1_0.id=?
2025-11-20 20:38:29 - select sie1_0.id,sie1_0.alt_text,sie1_0.created_at,sie1_0.display_order,sie1_0.is_primary,sie1_0.space_id,sie1_0.url from catalog.space_images sie1_0 left join catalog.spaces s1_0 on s1_0.id=sie1_0.space_id where s1_0.id=? order by sie1_0.display_order
2025-11-20 20:38:29 - Error caching key 'space:f3ac26ae-4e44-4c26-b709-dda23a5fa8a5': Could not write JSON: Java 8 date/time type `java.time.LocalDateTime` not supported by default: add Module "com.fasterxml.jackson.datatype:jackson-datatype-jsr310" to enable handling (or disable `MapperFeature.REQUIRE_HANDLERS_FOR_JAVA8_TIMES`) (through reference chain: com.balconazo.catalog_microservice.dto.SpaceDTO["createdAt"])
2025-11-20 20:38:29 - No JWT token found in request to: /api/catalog/spaces/f3ac26ae-4e44-4c26-b709-dda23a5fa8a5 - returning 401 UNAUTHORIZED
2025-11-20 20:38:50 - Espacio creado con estado ACTIVE: 11545186-9b36-45bf-a1e4-733e48c92111 por usuario: b5ec3db8-182c-41cc-b6d8-3c4630e42115
2025-11-20 20:38:50 - Usuario b5ec3db8-182c-41cc-b6d8-3c4630e42115 promovido a host exitosamente
2025-11-20 20:38:50 - Publicando evento SpaceCreated para espacio: 11545186-9b36-45bf-a1e4-733e48c92111
2025-11-20 20:38:50 - Evento SpaceCreated publicado exitosamente: 11545186-9b36-45bf-a1e4-733e48c92111
2025-11-20 20:38:50 - insert into catalog.spaces (address,amenities,area_sqm,base_price_cents,capacity,created_at,description,lat,lon,owner_id,rules,status,title,updated_at,id) values (?,?,?,?,?,?,?,?,?,?,?,?,?,?,?)
2025-11-20 20:38:53 - Espacio creado con estado ACTIVE: c320ec03-8ba1-4d17-b3c7-b3017f6d50bf por usuario: b5ec3db8-182c-41cc-b6d8-3c4630e42115
2025-11-20 20:38:53 - Usuario b5ec3db8-182c-41cc-b6d8-3c4630e42115 promovido a host exitosamente
2025-11-20 20:38:53 - Publicando evento SpaceCreated para espacio: c320ec03-8ba1-4d17-b3c7-b3017f6d50bf
2025-11-20 20:38:53 - Evento SpaceCreated publicado exitosamente: c320ec03-8ba1-4d17-b3c7-b3017f6d50bf
2025-11-20 20:38:53 - insert into catalog.spaces (address,amenities,area_sqm,base_price_cents,capacity,created_at,description,lat,lon,owner_id,rules,status,title,updated_at,id) values (?,?,?,?,?,?,?,?,?,?,?,?,?,?,?)
2025-11-20 20:38:53 - Espacio creado con estado ACTIVE: cc2b7d60-f0bb-4e90-9c15-5ee0749c95e4 por usuario: 7fdcdd97-112f-4ab8-8746-266c61c8b067
2025-11-20 20:38:53 - Usuario 7fdcdd97-112f-4ab8-8746-266c61c8b067 promovido a host exitosamente
2025-11-20 20:38:53 - Publicando evento SpaceCreated para espacio: cc2b7d60-f0bb-4e90-9c15-5ee0749c95e4
2025-11-20 20:38:53 - Evento SpaceCreated publicado exitosamente: cc2b7d60-f0bb-4e90-9c15-5ee0749c95e4
2025-11-20 20:38:53 - insert into catalog.spaces (address,amenities,area_sqm,base_price_cents,capacity,created_at,description,lat,lon,owner_id,rules,status,title,updated_at,id) values (?,?,?,?,?,?,?,?,?,?,?,?,?,?,?)
2025-11-20 20:38:55 - No JWT token found in request to: /api/catalog/spaces - returning 401 UNAUTHORIZED
2025-11-20 20:38:55 - select se1_0.id,se1_0.address,se1_0.amenities,se1_0.area_sqm,se1_0.base_price_cents,se1_0.capacity,se1_0.created_at,se1_0.description,se1_0.lat,se1_0.lon,se1_0.owner_id,se1_0.rules,se1_0.status,se1_0.title,se1_0.updated_at from catalog.spaces se1_0 where se1_0.status=?
2025-11-20 20:38:55 - select sie1_0.id,sie1_0.alt_text,sie1_0.created_at,sie1_0.display_order,sie1_0.is_primary,sie1_0.space_id,sie1_0.url from catalog.space_images sie1_0 left join catalog.spaces s1_0 on s1_0.id=sie1_0.space_id where s1_0.id=? order by sie1_0.display_order
2025-11-20 20:38:55 - select sie1_0.id,sie1_0.alt_text,sie1_0.created_at,sie1_0.display_order,sie1_0.is_primary,sie1_0.space_id,sie1_0.url from catalog.space_images sie1_0 left join catalog.spaces s1_0 on s1_0.id=sie1_0.space_id where s1_0.id=? order by sie1_0.display_order
2025-11-20 20:38:55 - select sie1_0.id,sie1_0.alt_text,sie1_0.created_at,sie1_0.display_order,sie1_0.is_primary,sie1_0.space_id,sie1_0.url from catalog.space_images sie1_0 left join catalog.spaces s1_0 on s1_0.id=sie1_0.space_id where s1_0.id=? order by sie1_0.display_order
2025-11-20 20:38:55 - select sie1_0.id,sie1_0.alt_text,sie1_0.created_at,sie1_0.display_order,sie1_0.is_primary,sie1_0.space_id,sie1_0.url from catalog.space_images sie1_0 left join catalog.spaces s1_0 on s1_0.id=sie1_0.space_id where s1_0.id=? order by sie1_0.display_order
2025-11-20 20:38:55 - select sie1_0.id,sie1_0.alt_text,sie1_0.created_at,sie1_0.display_order,sie1_0.is_primary,sie1_0.space_id,sie1_0.url from catalog.space_images sie1_0 left join catalog.spaces s1_0 on s1_0.id=sie1_0.space_id where s1_0.id=? order by sie1_0.display_order
2025-11-20 20:38:55 - select sie1_0.id,sie1_0.alt_text,sie1_0.created_at,sie1_0.display_order,sie1_0.is_primary,sie1_0.space_id,sie1_0.url from catalog.space_images sie1_0 left join catalog.spaces s1_0 on s1_0.id=sie1_0.space_id where s1_0.id=? order by sie1_0.display_order
2025-11-20 20:38:55 - select sie1_0.id,sie1_0.alt_text,sie1_0.created_at,sie1_0.display_order,sie1_0.is_primary,sie1_0.space_id,sie1_0.url from catalog.space_images sie1_0 left join catalog.spaces s1_0 on s1_0.id=sie1_0.space_id where s1_0.id=? order by sie1_0.display_order
2025-11-20 20:38:55 - select sie1_0.id,sie1_0.alt_text,sie1_0.created_at,sie1_0.display_order,sie1_0.is_primary,sie1_0.space_id,sie1_0.url from catalog.space_images sie1_0 left join catalog.spaces s1_0 on s1_0.id=sie1_0.space_id where s1_0.id=? order by sie1_0.display_order
2025-11-20 20:38:55 - select sie1_0.id,sie1_0.alt_text,sie1_0.created_at,sie1_0.display_order,sie1_0.is_primary,sie1_0.space_id,sie1_0.url from catalog.space_images sie1_0 left join catalog.spaces s1_0 on s1_0.id=sie1_0.space_id where s1_0.id=? order by sie1_0.display_order
2025-11-20 20:38:55 - select sie1_0.id,sie1_0.alt_text,sie1_0.created_at,sie1_0.display_order,sie1_0.is_primary,sie1_0.space_id,sie1_0.url from catalog.space_images sie1_0 left join catalog.spaces s1_0 on s1_0.id=sie1_0.space_id where s1_0.id=? order by sie1_0.display_order
2025-11-20 20:38:55 - select sie1_0.id,sie1_0.alt_text,sie1_0.created_at,sie1_0.display_order,sie1_0.is_primary,sie1_0.space_id,sie1_0.url from catalog.space_images sie1_0 left join catalog.spaces s1_0 on s1_0.id=sie1_0.space_id where s1_0.id=? order by sie1_0.display_order
2025-11-20 20:38:55 - select sie1_0.id,sie1_0.alt_text,sie1_0.created_at,sie1_0.display_order,sie1_0.is_primary,sie1_0.space_id,sie1_0.url from catalog.space_images sie1_0 left join catalog.spaces s1_0 on s1_0.id=sie1_0.space_id where s1_0.id=? order by sie1_0.display_order
2025-11-20 20:38:55 - select sie1_0.id,sie1_0.alt_text,sie1_0.created_at,sie1_0.display_order,sie1_0.is_primary,sie1_0.space_id,sie1_0.url from catalog.space_images sie1_0 left join catalog.spaces s1_0 on s1_0.id=sie1_0.space_id where s1_0.id=? order by sie1_0.display_order
2025-11-20 20:38:55 - select sie1_0.id,sie1_0.alt_text,sie1_0.created_at,sie1_0.display_order,sie1_0.is_primary,sie1_0.space_id,sie1_0.url from catalog.space_images sie1_0 left join catalog.spaces s1_0 on s1_0.id=sie1_0.space_id where s1_0.id=? order by sie1_0.display_order
2025-11-20 20:38:55 - select sie1_0.id,sie1_0.alt_text,sie1_0.created_at,sie1_0.display_order,sie1_0.is_primary,sie1_0.space_id,sie1_0.url from catalog.space_images sie1_0 left join catalog.spaces s1_0 on s1_0.id=sie1_0.space_id where s1_0.id=? order by sie1_0.display_order
2025-11-20 20:38:55 - select sie1_0.id,sie1_0.alt_text,sie1_0.created_at,sie1_0.display_order,sie1_0.is_primary,sie1_0.space_id,sie1_0.url from catalog.space_images sie1_0 left join catalog.spaces s1_0 on s1_0.id=sie1_0.space_id where s1_0.id=? order by sie1_0.display_order
2025-11-20 20:38:55 - select sie1_0.id,sie1_0.alt_text,sie1_0.created_at,sie1_0.display_order,sie1_0.is_primary,sie1_0.space_id,sie1_0.url from catalog.space_images sie1_0 left join catalog.spaces s1_0 on s1_0.id=sie1_0.space_id where s1_0.id=? order by sie1_0.display_order
2025-11-20 20:38:55 - select sie1_0.id,sie1_0.alt_text,sie1_0.created_at,sie1_0.display_order,sie1_0.is_primary,sie1_0.space_id,sie1_0.url from catalog.space_images sie1_0 left join catalog.spaces s1_0 on s1_0.id=sie1_0.space_id where s1_0.id=? order by sie1_0.display_order
2025-11-20 20:38:55 - select sie1_0.id,sie1_0.alt_text,sie1_0.created_at,sie1_0.display_order,sie1_0.is_primary,sie1_0.space_id,sie1_0.url from catalog.space_images sie1_0 left join catalog.spaces s1_0 on s1_0.id=sie1_0.space_id where s1_0.id=? order by sie1_0.display_order
2025-11-20 20:38:55 - select sie1_0.id,sie1_0.alt_text,sie1_0.created_at,sie1_0.display_order,sie1_0.is_primary,sie1_0.space_id,sie1_0.url from catalog.space_images sie1_0 left join catalog.spaces s1_0 on s1_0.id=sie1_0.space_id where s1_0.id=? order by sie1_0.display_order
2025-11-20 20:38:55 - select sie1_0.id,sie1_0.alt_text,sie1_0.created_at,sie1_0.display_order,sie1_0.is_primary,sie1_0.space_id,sie1_0.url from catalog.space_images sie1_0 left join catalog.spaces s1_0 on s1_0.id=sie1_0.space_id where s1_0.id=? order by sie1_0.display_order
2025-11-20 20:38:55 - select sie1_0.id,sie1_0.alt_text,sie1_0.created_at,sie1_0.display_order,sie1_0.is_primary,sie1_0.space_id,sie1_0.url from catalog.space_images sie1_0 left join catalog.spaces s1_0 on s1_0.id=sie1_0.space_id where s1_0.id=? order by sie1_0.display_order
2025-11-20 20:38:55 - select sie1_0.id,sie1_0.alt_text,sie1_0.created_at,sie1_0.display_order,sie1_0.is_primary,sie1_0.space_id,sie1_0.url from catalog.space_images sie1_0 left join catalog.spaces s1_0 on s1_0.id=sie1_0.space_id where s1_0.id=? order by sie1_0.display_order
2025-11-20 20:38:55 - select sie1_0.id,sie1_0.alt_text,sie1_0.created_at,sie1_0.display_order,sie1_0.is_primary,sie1_0.space_id,sie1_0.url from catalog.space_images sie1_0 left join catalog.spaces s1_0 on s1_0.id=sie1_0.space_id where s1_0.id=? order by sie1_0.display_order
2025-11-20 20:38:55 - select sie1_0.id,sie1_0.alt_text,sie1_0.created_at,sie1_0.display_order,sie1_0.is_primary,sie1_0.space_id,sie1_0.url from catalog.space_images sie1_0 left join catalog.spaces s1_0 on s1_0.id=sie1_0.space_id where s1_0.id=? order by sie1_0.display_order
2025-11-20 20:38:55 - select sie1_0.id,sie1_0.alt_text,sie1_0.created_at,sie1_0.display_order,sie1_0.is_primary,sie1_0.space_id,sie1_0.url from catalog.space_images sie1_0 left join catalog.spaces s1_0 on s1_0.id=sie1_0.space_id where s1_0.id=? order by sie1_0.display_order
2025-11-20 20:38:55 - select sie1_0.id,sie1_0.alt_text,sie1_0.created_at,sie1_0.display_order,sie1_0.is_primary,sie1_0.space_id,sie1_0.url from catalog.space_images sie1_0 left join catalog.spaces s1_0 on s1_0.id=sie1_0.space_id where s1_0.id=? order by sie1_0.display_order
2025-11-20 20:38:55 - select sie1_0.id,sie1_0.alt_text,sie1_0.created_at,sie1_0.display_order,sie1_0.is_primary,sie1_0.space_id,sie1_0.url from catalog.space_images sie1_0 left join catalog.spaces s1_0 on s1_0.id=sie1_0.space_id where s1_0.id=? order by sie1_0.display_order
2025-11-20 20:38:55 - select sie1_0.id,sie1_0.alt_text,sie1_0.created_at,sie1_0.display_order,sie1_0.is_primary,sie1_0.space_id,sie1_0.url from catalog.space_images sie1_0 left join catalog.spaces s1_0 on s1_0.id=sie1_0.space_id where s1_0.id=? order by sie1_0.display_order
2025-11-20 20:38:55 - select sie1_0.id,sie1_0.alt_text,sie1_0.created_at,sie1_0.display_order,sie1_0.is_primary,sie1_0.space_id,sie1_0.url from catalog.space_images sie1_0 left join catalog.spaces s1_0 on s1_0.id=sie1_0.space_id where s1_0.id=? order by sie1_0.display_order
2025-11-20 20:38:55 - select sie1_0.id,sie1_0.alt_text,sie1_0.created_at,sie1_0.display_order,sie1_0.is_primary,sie1_0.space_id,sie1_0.url from catalog.space_images sie1_0 left join catalog.spaces s1_0 on s1_0.id=sie1_0.space_id where s1_0.id=? order by sie1_0.display_order
2025-11-20 20:38:55 - select sie1_0.id,sie1_0.alt_text,sie1_0.created_at,sie1_0.display_order,sie1_0.is_primary,sie1_0.space_id,sie1_0.url from catalog.space_images sie1_0 left join catalog.spaces s1_0 on s1_0.id=sie1_0.space_id where s1_0.id=? order by sie1_0.display_order
2025-11-20 20:38:55 - select sie1_0.id,sie1_0.alt_text,sie1_0.created_at,sie1_0.display_order,sie1_0.is_primary,sie1_0.space_id,sie1_0.url from catalog.space_images sie1_0 left join catalog.spaces s1_0 on s1_0.id=sie1_0.space_id where s1_0.id=? order by sie1_0.display_order
2025-11-20 20:38:55 - select sie1_0.id,sie1_0.alt_text,sie1_0.created_at,sie1_0.display_order,sie1_0.is_primary,sie1_0.space_id,sie1_0.url from catalog.space_images sie1_0 left join catalog.spaces s1_0 on s1_0.id=sie1_0.space_id where s1_0.id=? order by sie1_0.display_order
2025-11-20 20:38:55 - select sie1_0.id,sie1_0.alt_text,sie1_0.created_at,sie1_0.display_order,sie1_0.is_primary,sie1_0.space_id,sie1_0.url from catalog.space_images sie1_0 left join catalog.spaces s1_0 on s1_0.id=sie1_0.space_id where s1_0.id=? order by sie1_0.display_order
2025-11-20 20:38:55 - select sie1_0.id,sie1_0.alt_text,sie1_0.created_at,sie1_0.display_order,sie1_0.is_primary,sie1_0.space_id,sie1_0.url from catalog.space_images sie1_0 left join catalog.spaces s1_0 on s1_0.id=sie1_0.space_id where s1_0.id=? order by sie1_0.display_order
2025-11-20 20:38:55 - select sie1_0.id,sie1_0.alt_text,sie1_0.created_at,sie1_0.display_order,sie1_0.is_primary,sie1_0.space_id,sie1_0.url from catalog.space_images sie1_0 left join catalog.spaces s1_0 on s1_0.id=sie1_0.space_id where s1_0.id=? order by sie1_0.display_order
2025-11-20 20:38:55 - select sie1_0.id,sie1_0.alt_text,sie1_0.created_at,sie1_0.display_order,sie1_0.is_primary,sie1_0.space_id,sie1_0.url from catalog.space_images sie1_0 left join catalog.spaces s1_0 on s1_0.id=sie1_0.space_id where s1_0.id=? order by sie1_0.display_order
2025-11-20 20:38:55 - select sie1_0.id,sie1_0.alt_text,sie1_0.created_at,sie1_0.display_order,sie1_0.is_primary,sie1_0.space_id,sie1_0.url from catalog.space_images sie1_0 left join catalog.spaces s1_0 on s1_0.id=sie1_0.space_id where s1_0.id=? order by sie1_0.display_order
2025-11-20 20:38:55 - select sie1_0.id,sie1_0.alt_text,sie1_0.created_at,sie1_0.display_order,sie1_0.is_primary,sie1_0.space_id,sie1_0.url from catalog.space_images sie1_0 left join catalog.spaces s1_0 on s1_0.id=sie1_0.space_id where s1_0.id=? order by sie1_0.display_order
2025-11-20 20:38:55 - select sie1_0.id,sie1_0.alt_text,sie1_0.created_at,sie1_0.display_order,sie1_0.is_primary,sie1_0.space_id,sie1_0.url from catalog.space_images sie1_0 left join catalog.spaces s1_0 on s1_0.id=sie1_0.space_id where s1_0.id=? order by sie1_0.display_order
2025-11-20 20:38:55 - select sie1_0.id,sie1_0.alt_text,sie1_0.created_at,sie1_0.display_order,sie1_0.is_primary,sie1_0.space_id,sie1_0.url from catalog.space_images sie1_0 left join catalog.spaces s1_0 on s1_0.id=sie1_0.space_id where s1_0.id=? order by sie1_0.display_order
2025-11-20 20:38:55 - select sie1_0.id,sie1_0.alt_text,sie1_0.created_at,sie1_0.display_order,sie1_0.is_primary,sie1_0.space_id,sie1_0.url from catalog.space_images sie1_0 left join catalog.spaces s1_0 on s1_0.id=sie1_0.space_id where s1_0.id=? order by sie1_0.display_order
2025-11-20 20:38:55 - select sie1_0.id,sie1_0.alt_text,sie1_0.created_at,sie1_0.display_order,sie1_0.is_primary,sie1_0.space_id,sie1_0.url from catalog.space_images sie1_0 left join catalog.spaces s1_0 on s1_0.id=sie1_0.space_id where s1_0.id=? order by sie1_0.display_order
2025-11-20 20:38:55 - select sie1_0.id,sie1_0.alt_text,sie1_0.created_at,sie1_0.display_order,sie1_0.is_primary,sie1_0.space_id,sie1_0.url from catalog.space_images sie1_0 left join catalog.spaces s1_0 on s1_0.id=sie1_0.space_id where s1_0.id=? order by sie1_0.display_order
2025-11-20 20:38:55 - select sie1_0.id,sie1_0.alt_text,sie1_0.created_at,sie1_0.display_order,sie1_0.is_primary,sie1_0.space_id,sie1_0.url from catalog.space_images sie1_0 left join catalog.spaces s1_0 on s1_0.id=sie1_0.space_id where s1_0.id=? order by sie1_0.display_order
2025-11-20 20:38:55 - select sie1_0.id,sie1_0.alt_text,sie1_0.created_at,sie1_0.display_order,sie1_0.is_primary,sie1_0.space_id,sie1_0.url from catalog.space_images sie1_0 left join catalog.spaces s1_0 on s1_0.id=sie1_0.space_id where s1_0.id=? order by sie1_0.display_order
2025-11-20 20:38:55 - select sie1_0.id,sie1_0.alt_text,sie1_0.created_at,sie1_0.display_order,sie1_0.is_primary,sie1_0.space_id,sie1_0.url from catalog.space_images sie1_0 left join catalog.spaces s1_0 on s1_0.id=sie1_0.space_id where s1_0.id=? order by sie1_0.display_order
2025-11-20 20:38:55 - select sie1_0.id,sie1_0.alt_text,sie1_0.created_at,sie1_0.display_order,sie1_0.is_primary,sie1_0.space_id,sie1_0.url from catalog.space_images sie1_0 left join catalog.spaces s1_0 on s1_0.id=sie1_0.space_id where s1_0.id=? order by sie1_0.display_order
2025-11-20 20:38:55 - select sie1_0.id,sie1_0.alt_text,sie1_0.created_at,sie1_0.display_order,sie1_0.is_primary,sie1_0.space_id,sie1_0.url from catalog.space_images sie1_0 left join catalog.spaces s1_0 on s1_0.id=sie1_0.space_id where s1_0.id=? order by sie1_0.display_order
2025-11-20 20:38:55 - select sie1_0.id,sie1_0.alt_text,sie1_0.created_at,sie1_0.display_order,sie1_0.is_primary,sie1_0.space_id,sie1_0.url from catalog.space_images sie1_0 left join catalog.spaces s1_0 on s1_0.id=sie1_0.space_id where s1_0.id=? order by sie1_0.display_order
2025-11-20 20:38:55 - select sie1_0.id,sie1_0.alt_text,sie1_0.created_at,sie1_0.display_order,sie1_0.is_primary,sie1_0.space_id,sie1_0.url from catalog.space_images sie1_0 left join catalog.spaces s1_0 on s1_0.id=sie1_0.space_id where s1_0.id=? order by sie1_0.display_order
2025-11-20 20:38:55 - select sie1_0.id,sie1_0.alt_text,sie1_0.created_at,sie1_0.display_order,sie1_0.is_primary,sie1_0.space_id,sie1_0.url from catalog.space_images sie1_0 left join catalog.spaces s1_0 on s1_0.id=sie1_0.space_id where s1_0.id=? order by sie1_0.display_order
2025-11-20 20:38:55 - select sie1_0.id,sie1_0.alt_text,sie1_0.created_at,sie1_0.display_order,sie1_0.is_primary,sie1_0.space_id,sie1_0.url from catalog.space_images sie1_0 left join catalog.spaces s1_0 on s1_0.id=sie1_0.space_id where s1_0.id=? order by sie1_0.display_order
2025-11-20 20:38:55 - select sie1_0.id,sie1_0.alt_text,sie1_0.created_at,sie1_0.display_order,sie1_0.is_primary,sie1_0.space_id,sie1_0.url from catalog.space_images sie1_0 left join catalog.spaces s1_0 on s1_0.id=sie1_0.space_id where s1_0.id=? order by sie1_0.display_order
2025-11-20 20:38:55 - select sie1_0.id,sie1_0.alt_text,sie1_0.created_at,sie1_0.display_order,sie1_0.is_primary,sie1_0.space_id,sie1_0.url from catalog.space_images sie1_0 left join catalog.spaces s1_0 on s1_0.id=sie1_0.space_id where s1_0.id=? order by sie1_0.display_order
2025-11-20 20:38:55 - select sie1_0.id,sie1_0.alt_text,sie1_0.created_at,sie1_0.display_order,sie1_0.is_primary,sie1_0.space_id,sie1_0.url from catalog.space_images sie1_0 left join catalog.spaces s1_0 on s1_0.id=sie1_0.space_id where s1_0.id=? order by sie1_0.display_order
2025-11-20 20:38:55 - select sie1_0.id,sie1_0.alt_text,sie1_0.created_at,sie1_0.display_order,sie1_0.is_primary,sie1_0.space_id,sie1_0.url from catalog.space_images sie1_0 left join catalog.spaces s1_0 on s1_0.id=sie1_0.space_id where s1_0.id=? order by sie1_0.display_order
2025-11-20 20:38:55 - select sie1_0.id,sie1_0.alt_text,sie1_0.created_at,sie1_0.display_order,sie1_0.is_primary,sie1_0.space_id,sie1_0.url from catalog.space_images sie1_0 left join catalog.spaces s1_0 on s1_0.id=sie1_0.space_id where s1_0.id=? order by sie1_0.display_order
2025-11-20 20:38:55 - select sie1_0.id,sie1_0.alt_text,sie1_0.created_at,sie1_0.display_order,sie1_0.is_primary,sie1_0.space_id,sie1_0.url from catalog.space_images sie1_0 left join catalog.spaces s1_0 on s1_0.id=sie1_0.space_id where s1_0.id=? order by sie1_0.display_order
2025-11-20 20:38:55 - select sie1_0.id,sie1_0.alt_text,sie1_0.created_at,sie1_0.display_order,sie1_0.is_primary,sie1_0.space_id,sie1_0.url from catalog.space_images sie1_0 left join catalog.spaces s1_0 on s1_0.id=sie1_0.space_id where s1_0.id=? order by sie1_0.display_order
2025-11-20 20:38:55 - select sie1_0.id,sie1_0.alt_text,sie1_0.created_at,sie1_0.display_order,sie1_0.is_primary,sie1_0.space_id,sie1_0.url from catalog.space_images sie1_0 left join catalog.spaces s1_0 on s1_0.id=sie1_0.space_id where s1_0.id=? order by sie1_0.display_order
2025-11-20 20:38:55 - select sie1_0.id,sie1_0.alt_text,sie1_0.created_at,sie1_0.display_order,sie1_0.is_primary,sie1_0.space_id,sie1_0.url from catalog.space_images sie1_0 left join catalog.spaces s1_0 on s1_0.id=sie1_0.space_id where s1_0.id=? order by sie1_0.display_order
2025-11-20 20:38:55 - select sie1_0.id,sie1_0.alt_text,sie1_0.created_at,sie1_0.display_order,sie1_0.is_primary,sie1_0.space_id,sie1_0.url from catalog.space_images sie1_0 left join catalog.spaces s1_0 on s1_0.id=sie1_0.space_id where s1_0.id=? order by sie1_0.display_order
2025-11-20 20:38:55 - select sie1_0.id,sie1_0.alt_text,sie1_0.created_at,sie1_0.display_order,sie1_0.is_primary,sie1_0.space_id,sie1_0.url from catalog.space_images sie1_0 left join catalog.spaces s1_0 on s1_0.id=sie1_0.space_id where s1_0.id=? order by sie1_0.display_order
2025-11-20 20:38:55 - select sie1_0.id,sie1_0.alt_text,sie1_0.created_at,sie1_0.display_order,sie1_0.is_primary,sie1_0.space_id,sie1_0.url from catalog.space_images sie1_0 left join catalog.spaces s1_0 on s1_0.id=sie1_0.space_id where s1_0.id=? order by sie1_0.display_order
2025-11-20 20:38:55 - select sie1_0.id,sie1_0.alt_text,sie1_0.created_at,sie1_0.display_order,sie1_0.is_primary,sie1_0.space_id,sie1_0.url from catalog.space_images sie1_0 left join catalog.spaces s1_0 on s1_0.id=sie1_0.space_id where s1_0.id=? order by sie1_0.display_order
2025-11-20 20:38:55 - select sie1_0.id,sie1_0.alt_text,sie1_0.created_at,sie1_0.display_order,sie1_0.is_primary,sie1_0.space_id,sie1_0.url from catalog.space_images sie1_0 left join catalog.spaces s1_0 on s1_0.id=sie1_0.space_id where s1_0.id=? order by sie1_0.display_order
2025-11-20 20:38:55 - select sie1_0.id,sie1_0.alt_text,sie1_0.created_at,sie1_0.display_order,sie1_0.is_primary,sie1_0.space_id,sie1_0.url from catalog.space_images sie1_0 left join catalog.spaces s1_0 on s1_0.id=sie1_0.space_id where s1_0.id=? order by sie1_0.display_order
2025-11-20 20:38:55 - select sie1_0.id,sie1_0.alt_text,sie1_0.created_at,sie1_0.display_order,sie1_0.is_primary,sie1_0.space_id,sie1_0.url from catalog.space_images sie1_0 left join catalog.spaces s1_0 on s1_0.id=sie1_0.space_id where s1_0.id=? order by sie1_0.display_order
2025-11-20 20:38:55 - select sie1_0.id,sie1_0.alt_text,sie1_0.created_at,sie1_0.display_order,sie1_0.is_primary,sie1_0.space_id,sie1_0.url from catalog.space_images sie1_0 left join catalog.spaces s1_0 on s1_0.id=sie1_0.space_id where s1_0.id=? order by sie1_0.display_order
2025-11-20 20:38:55 - select se1_0.id,se1_0.address,se1_0.amenities,se1_0.area_sqm,se1_0.base_price_cents,se1_0.capacity,se1_0.created_at,se1_0.description,se1_0.lat,se1_0.lon,se1_0.owner_id,se1_0.rules,se1_0.status,se1_0.title,se1_0.updated_at from catalog.spaces se1_0 where se1_0.id=?
2025-11-20 20:38:55 - select sie1_0.id,sie1_0.alt_text,sie1_0.created_at,sie1_0.display_order,sie1_0.is_primary,sie1_0.space_id,sie1_0.url from catalog.space_images sie1_0 left join catalog.spaces s1_0 on s1_0.id=sie1_0.space_id where s1_0.id=? order by sie1_0.display_order
2025-11-20 20:38:55 - Error caching key 'space:11545186-9b36-45bf-a1e4-733e48c92111': Could not write JSON: Java 8 date/time type `java.time.LocalDateTime` not supported by default: add Module "com.fasterxml.jackson.datatype:jackson-datatype-jsr310" to enable handling (or disable `MapperFeature.REQUIRE_HANDLERS_FOR_JAVA8_TIMES`) (through reference chain: com.balconazo.catalog_microservice.dto.SpaceDTO["createdAt"])
2025-11-20 20:38:55 - No JWT token found in request to: /api/catalog/spaces - returning 401 UNAUTHORIZED
2025-11-20 20:38:55 - select se1_0.id,se1_0.address,se1_0.amenities,se1_0.area_sqm,se1_0.base_price_cents,se1_0.capacity,se1_0.created_at,se1_0.description,se1_0.lat,se1_0.lon,se1_0.owner_id,se1_0.rules,se1_0.status,se1_0.title,se1_0.updated_at from catalog.spaces se1_0 where se1_0.id=?
2025-11-20 20:38:55 - select sie1_0.id,sie1_0.alt_text,sie1_0.created_at,sie1_0.display_order,sie1_0.is_primary,sie1_0.space_id,sie1_0.url from catalog.space_images sie1_0 left join catalog.spaces s1_0 on s1_0.id=sie1_0.space_id where s1_0.id=? order by sie1_0.display_order
2025-11-20 20:38:55 - Error caching key 'space:11545186-9b36-45bf-a1e4-733e48c92111': Could not write JSON: Java 8 date/time type `java.time.LocalDateTime` not supported by default: add Module "com.fasterxml.jackson.datatype:jackson-datatype-jsr310" to enable handling (or disable `MapperFeature.REQUIRE_HANDLERS_FOR_JAVA8_TIMES`) (through reference chain: com.balconazo.catalog_microservice.dto.SpaceDTO["createdAt"])
2025-11-20 20:38:55 - select se1_0.id,se1_0.address,se1_0.amenities,se1_0.area_sqm,se1_0.base_price_cents,se1_0.capacity,se1_0.created_at,se1_0.description,se1_0.lat,se1_0.lon,se1_0.owner_id,se1_0.rules,se1_0.status,se1_0.title,se1_0.updated_at from catalog.spaces se1_0 where se1_0.id=?
2025-11-20 20:38:55 - update catalog.spaces set address=?,amenities=?,area_sqm=?,base_price_cents=?,capacity=?,description=?,lat=?,lon=?,owner_id=?,rules=?,status=?,title=?,updated_at=? where id=?
2025-11-20 20:38:55 - select se1_0.id,se1_0.address,se1_0.amenities,se1_0.area_sqm,se1_0.base_price_cents,se1_0.capacity,se1_0.created_at,se1_0.description,se1_0.lat,se1_0.lon,se1_0.owner_id,se1_0.rules,se1_0.status,se1_0.title,se1_0.updated_at from catalog.spaces se1_0 where se1_0.id=?
2025-11-20 20:38:55 - select sie1_0.id,sie1_0.alt_text,sie1_0.created_at,sie1_0.display_order,sie1_0.is_primary,sie1_0.space_id,sie1_0.url from catalog.space_images sie1_0 left join catalog.spaces s1_0 on s1_0.id=sie1_0.space_id where s1_0.id=? order by sie1_0.display_order
2025-11-20 20:38:55 - Error caching key 'space:11545186-9b36-45bf-a1e4-733e48c92111': Could not write JSON: Java 8 date/time type `java.time.LocalDateTime` not supported by default: add Module "com.fasterxml.jackson.datatype:jackson-datatype-jsr310" to enable handling (or disable `MapperFeature.REQUIRE_HANDLERS_FOR_JAVA8_TIMES`) (through reference chain: com.balconazo.catalog_microservice.dto.SpaceDTO["createdAt"])
2025-11-20 20:38:55 - No JWT token found in request to: /api/catalog/spaces/11545186-9b36-45bf-a1e4-733e48c92111 - returning 401 UNAUTHORIZED
2025-11-20 20:38:55 - select se1_0.id,se1_0.address,se1_0.amenities,se1_0.area_sqm,se1_0.base_price_cents,se1_0.capacity,se1_0.created_at,se1_0.description,se1_0.lat,se1_0.lon,se1_0.owner_id,se1_0.rules,se1_0.status,se1_0.title,se1_0.updated_at from catalog.spaces se1_0 where se1_0.id=?
2025-11-20 20:38:55 - select sie1_0.id,sie1_0.alt_text,sie1_0.created_at,sie1_0.display_order,sie1_0.is_primary,sie1_0.space_id,sie1_0.url from catalog.space_images sie1_0 left join catalog.spaces s1_0 on s1_0.id=sie1_0.space_id where s1_0.id=? order by sie1_0.display_order
2025-11-20 20:38:55 - Error caching key 'space:c320ec03-8ba1-4d17-b3c7-b3017f6d50bf': Could not write JSON: Java 8 date/time type `java.time.LocalDateTime` not supported by default: add Module "com.fasterxml.jackson.datatype:jackson-datatype-jsr310" to enable handling (or disable `MapperFeature.REQUIRE_HANDLERS_FOR_JAVA8_TIMES`) (through reference chain: com.balconazo.catalog_microservice.dto.SpaceDTO["createdAt"])
2025-11-20 20:38:55 - select se1_0.id,se1_0.address,se1_0.amenities,se1_0.area_sqm,se1_0.base_price_cents,se1_0.capacity,se1_0.created_at,se1_0.description,se1_0.lat,se1_0.lon,se1_0.owner_id,se1_0.rules,se1_0.status,se1_0.title,se1_0.updated_at from catalog.spaces se1_0 where se1_0.id=?
2025-11-20 20:38:55 - update catalog.spaces set address=?,amenities=?,area_sqm=?,base_price_cents=?,capacity=?,description=?,lat=?,lon=?,owner_id=?,rules=?,status=?,title=?,updated_at=? where id=?
2025-11-20 20:38:55 - select se1_0.id,se1_0.address,se1_0.amenities,se1_0.area_sqm,se1_0.base_price_cents,se1_0.capacity,se1_0.created_at,se1_0.description,se1_0.lat,se1_0.lon,se1_0.owner_id,se1_0.rules,se1_0.status,se1_0.title,se1_0.updated_at from catalog.spaces se1_0 where se1_0.id=?
2025-11-20 20:38:55 - select sie1_0.id,sie1_0.alt_text,sie1_0.created_at,sie1_0.display_order,sie1_0.is_primary,sie1_0.space_id,sie1_0.url from catalog.space_images sie1_0 left join catalog.spaces s1_0 on s1_0.id=sie1_0.space_id where s1_0.id=? order by sie1_0.display_order
2025-11-20 20:38:55 - Error caching key 'space:c320ec03-8ba1-4d17-b3c7-b3017f6d50bf': Could not write JSON: Java 8 date/time type `java.time.LocalDateTime` not supported by default: add Module "com.fasterxml.jackson.datatype:jackson-datatype-jsr310" to enable handling (or disable `MapperFeature.REQUIRE_HANDLERS_FOR_JAVA8_TIMES`) (through reference chain: com.balconazo.catalog_microservice.dto.SpaceDTO["createdAt"])
2025-11-20 20:38:55 - select se1_0.id,se1_0.address,se1_0.amenities,se1_0.area_sqm,se1_0.base_price_cents,se1_0.capacity,se1_0.created_at,se1_0.description,se1_0.lat,se1_0.lon,se1_0.owner_id,se1_0.rules,se1_0.status,se1_0.title,se1_0.updated_at from catalog.spaces se1_0 where se1_0.id=?
2025-11-20 20:38:55 - select sie1_0.id,sie1_0.alt_text,sie1_0.created_at,sie1_0.display_order,sie1_0.is_primary,sie1_0.space_id,sie1_0.url from catalog.space_images sie1_0 left join catalog.spaces s1_0 on s1_0.id=sie1_0.space_id where s1_0.id=? order by sie1_0.display_order
2025-11-20 20:38:55 - Error caching key 'space:11545186-9b36-45bf-a1e4-733e48c92111': Could not write JSON: Java 8 date/time type `java.time.LocalDateTime` not supported by default: add Module "com.fasterxml.jackson.datatype:jackson-datatype-jsr310" to enable handling (or disable `MapperFeature.REQUIRE_HANDLERS_FOR_JAVA8_TIMES`) (through reference chain: com.balconazo.catalog_microservice.dto.SpaceDTO["createdAt"])
2025-11-20 20:38:55 - No JWT token found in request to: /api/catalog/spaces/11545186-9b36-45bf-a1e4-733e48c92111 - returning 401 UNAUTHORIZED
2025-11-20 20:39:06 - Espacio creado con estado ACTIVE: 4fd32bcc-ca15-41e7-9978-8eeb634dc333 por usuario: e92b0caa-112d-4783-8cda-5d696657c822
2025-11-20 20:39:06 - Usuario e92b0caa-112d-4783-8cda-5d696657c822 promovido a host exitosamente
2025-11-20 20:39:06 - Publicando evento SpaceCreated para espacio: 4fd32bcc-ca15-41e7-9978-8eeb634dc333
2025-11-20 20:39:06 - Evento SpaceCreated publicado exitosamente: 4fd32bcc-ca15-41e7-9978-8eeb634dc333
2025-11-20 20:39:06 - insert into catalog.spaces (address,amenities,area_sqm,base_price_cents,capacity,created_at,description,lat,lon,owner_id,rules,status,title,updated_at,id) values (?,?,?,?,?,?,?,?,?,?,?,?,?,?,?)
2025-11-20 20:39:08 - Espacio creado con estado ACTIVE: 4ef41461-c142-4b2a-ae1c-3f8f1cfd97ef por usuario: e92b0caa-112d-4783-8cda-5d696657c822
2025-11-20 20:39:08 - Usuario e92b0caa-112d-4783-8cda-5d696657c822 promovido a host exitosamente
2025-11-20 20:39:08 - Publicando evento SpaceCreated para espacio: 4ef41461-c142-4b2a-ae1c-3f8f1cfd97ef
2025-11-20 20:39:08 - Evento SpaceCreated publicado exitosamente: 4ef41461-c142-4b2a-ae1c-3f8f1cfd97ef
2025-11-20 20:39:08 - insert into catalog.spaces (address,amenities,area_sqm,base_price_cents,capacity,created_at,description,lat,lon,owner_id,rules,status,title,updated_at,id) values (?,?,?,?,?,?,?,?,?,?,?,?,?,?,?)
2025-11-20 20:39:08 - Espacio creado con estado ACTIVE: e0140060-a877-4b5e-b863-de9b418553e4 por usuario: d1dd5a29-ece2-4d0c-8235-dc47e47f9223
2025-11-20 20:39:08 - Usuario d1dd5a29-ece2-4d0c-8235-dc47e47f9223 promovido a host exitosamente
2025-11-20 20:39:08 - Publicando evento SpaceCreated para espacio: e0140060-a877-4b5e-b863-de9b418553e4
2025-11-20 20:39:08 - Evento SpaceCreated publicado exitosamente: e0140060-a877-4b5e-b863-de9b418553e4
2025-11-20 20:39:08 - insert into catalog.spaces (address,amenities,area_sqm,base_price_cents,capacity,created_at,description,lat,lon,owner_id,rules,status,title,updated_at,id) values (?,?,?,?,?,?,?,?,?,?,?,?,?,?,?)
2025-11-20 20:39:10 - No JWT token found in request to: /api/catalog/spaces - returning 401 UNAUTHORIZED
2025-11-20 20:39:10 - select se1_0.id,se1_0.address,se1_0.amenities,se1_0.area_sqm,se1_0.base_price_cents,se1_0.capacity,se1_0.created_at,se1_0.description,se1_0.lat,se1_0.lon,se1_0.owner_id,se1_0.rules,se1_0.status,se1_0.title,se1_0.updated_at from catalog.spaces se1_0 where se1_0.status=?
2025-11-20 20:39:10 - select sie1_0.id,sie1_0.alt_text,sie1_0.created_at,sie1_0.display_order,sie1_0.is_primary,sie1_0.space_id,sie1_0.url from catalog.space_images sie1_0 left join catalog.spaces s1_0 on s1_0.id=sie1_0.space_id where s1_0.id=? order by sie1_0.display_order
2025-11-20 20:39:10 - select sie1_0.id,sie1_0.alt_text,sie1_0.created_at,sie1_0.display_order,sie1_0.is_primary,sie1_0.space_id,sie1_0.url from catalog.space_images sie1_0 left join catalog.spaces s1_0 on s1_0.id=sie1_0.space_id where s1_0.id=? order by sie1_0.display_order
2025-11-20 20:39:10 - select sie1_0.id,sie1_0.alt_text,sie1_0.created_at,sie1_0.display_order,sie1_0.is_primary,sie1_0.space_id,sie1_0.url from catalog.space_images sie1_0 left join catalog.spaces s1_0 on s1_0.id=sie1_0.space_id where s1_0.id=? order by sie1_0.display_order
2025-11-20 20:39:10 - select sie1_0.id,sie1_0.alt_text,sie1_0.created_at,sie1_0.display_order,sie1_0.is_primary,sie1_0.space_id,sie1_0.url from catalog.space_images sie1_0 left join catalog.spaces s1_0 on s1_0.id=sie1_0.space_id where s1_0.id=? order by sie1_0.display_order
2025-11-20 20:39:10 - select sie1_0.id,sie1_0.alt_text,sie1_0.created_at,sie1_0.display_order,sie1_0.is_primary,sie1_0.space_id,sie1_0.url from catalog.space_images sie1_0 left join catalog.spaces s1_0 on s1_0.id=sie1_0.space_id where s1_0.id=? order by sie1_0.display_order
2025-11-20 20:39:10 - select sie1_0.id,sie1_0.alt_text,sie1_0.created_at,sie1_0.display_order,sie1_0.is_primary,sie1_0.space_id,sie1_0.url from catalog.space_images sie1_0 left join catalog.spaces s1_0 on s1_0.id=sie1_0.space_id where s1_0.id=? order by sie1_0.display_order
2025-11-20 20:39:10 - select sie1_0.id,sie1_0.alt_text,sie1_0.created_at,sie1_0.display_order,sie1_0.is_primary,sie1_0.space_id,sie1_0.url from catalog.space_images sie1_0 left join catalog.spaces s1_0 on s1_0.id=sie1_0.space_id where s1_0.id=? order by sie1_0.display_order
2025-11-20 20:39:10 - select sie1_0.id,sie1_0.alt_text,sie1_0.created_at,sie1_0.display_order,sie1_0.is_primary,sie1_0.space_id,sie1_0.url from catalog.space_images sie1_0 left join catalog.spaces s1_0 on s1_0.id=sie1_0.space_id where s1_0.id=? order by sie1_0.display_order
2025-11-20 20:39:10 - select sie1_0.id,sie1_0.alt_text,sie1_0.created_at,sie1_0.display_order,sie1_0.is_primary,sie1_0.space_id,sie1_0.url from catalog.space_images sie1_0 left join catalog.spaces s1_0 on s1_0.id=sie1_0.space_id where s1_0.id=? order by sie1_0.display_order
2025-11-20 20:39:10 - select sie1_0.id,sie1_0.alt_text,sie1_0.created_at,sie1_0.display_order,sie1_0.is_primary,sie1_0.space_id,sie1_0.url from catalog.space_images sie1_0 left join catalog.spaces s1_0 on s1_0.id=sie1_0.space_id where s1_0.id=? order by sie1_0.display_order
2025-11-20 20:39:10 - select sie1_0.id,sie1_0.alt_text,sie1_0.created_at,sie1_0.display_order,sie1_0.is_primary,sie1_0.space_id,sie1_0.url from catalog.space_images sie1_0 left join catalog.spaces s1_0 on s1_0.id=sie1_0.space_id where s1_0.id=? order by sie1_0.display_order
2025-11-20 20:39:10 - select sie1_0.id,sie1_0.alt_text,sie1_0.created_at,sie1_0.display_order,sie1_0.is_primary,sie1_0.space_id,sie1_0.url from catalog.space_images sie1_0 left join catalog.spaces s1_0 on s1_0.id=sie1_0.space_id where s1_0.id=? order by sie1_0.display_order
2025-11-20 20:39:10 - select sie1_0.id,sie1_0.alt_text,sie1_0.created_at,sie1_0.display_order,sie1_0.is_primary,sie1_0.space_id,sie1_0.url from catalog.space_images sie1_0 left join catalog.spaces s1_0 on s1_0.id=sie1_0.space_id where s1_0.id=? order by sie1_0.display_order
2025-11-20 20:39:10 - select sie1_0.id,sie1_0.alt_text,sie1_0.created_at,sie1_0.display_order,sie1_0.is_primary,sie1_0.space_id,sie1_0.url from catalog.space_images sie1_0 left join catalog.spaces s1_0 on s1_0.id=sie1_0.space_id where s1_0.id=? order by sie1_0.display_order
2025-11-20 20:39:10 - select sie1_0.id,sie1_0.alt_text,sie1_0.created_at,sie1_0.display_order,sie1_0.is_primary,sie1_0.space_id,sie1_0.url from catalog.space_images sie1_0 left join catalog.spaces s1_0 on s1_0.id=sie1_0.space_id where s1_0.id=? order by sie1_0.display_order
2025-11-20 20:39:10 - select sie1_0.id,sie1_0.alt_text,sie1_0.created_at,sie1_0.display_order,sie1_0.is_primary,sie1_0.space_id,sie1_0.url from catalog.space_images sie1_0 left join catalog.spaces s1_0 on s1_0.id=sie1_0.space_id where s1_0.id=? order by sie1_0.display_order
2025-11-20 20:39:10 - select sie1_0.id,sie1_0.alt_text,sie1_0.created_at,sie1_0.display_order,sie1_0.is_primary,sie1_0.space_id,sie1_0.url from catalog.space_images sie1_0 left join catalog.spaces s1_0 on s1_0.id=sie1_0.space_id where s1_0.id=? order by sie1_0.display_order
2025-11-20 20:39:10 - select sie1_0.id,sie1_0.alt_text,sie1_0.created_at,sie1_0.display_order,sie1_0.is_primary,sie1_0.space_id,sie1_0.url from catalog.space_images sie1_0 left join catalog.spaces s1_0 on s1_0.id=sie1_0.space_id where s1_0.id=? order by sie1_0.display_order
2025-11-20 20:39:10 - select sie1_0.id,sie1_0.alt_text,sie1_0.created_at,sie1_0.display_order,sie1_0.is_primary,sie1_0.space_id,sie1_0.url from catalog.space_images sie1_0 left join catalog.spaces s1_0 on s1_0.id=sie1_0.space_id where s1_0.id=? order by sie1_0.display_order
2025-11-20 20:39:10 - select sie1_0.id,sie1_0.alt_text,sie1_0.created_at,sie1_0.display_order,sie1_0.is_primary,sie1_0.space_id,sie1_0.url from catalog.space_images sie1_0 left join catalog.spaces s1_0 on s1_0.id=sie1_0.space_id where s1_0.id=? order by sie1_0.display_order
2025-11-20 20:39:10 - select sie1_0.id,sie1_0.alt_text,sie1_0.created_at,sie1_0.display_order,sie1_0.is_primary,sie1_0.space_id,sie1_0.url from catalog.space_images sie1_0 left join catalog.spaces s1_0 on s1_0.id=sie1_0.space_id where s1_0.id=? order by sie1_0.display_order
2025-11-20 20:39:10 - select sie1_0.id,sie1_0.alt_text,sie1_0.created_at,sie1_0.display_order,sie1_0.is_primary,sie1_0.space_id,sie1_0.url from catalog.space_images sie1_0 left join catalog.spaces s1_0 on s1_0.id=sie1_0.space_id where s1_0.id=? order by sie1_0.display_order
2025-11-20 20:39:10 - select sie1_0.id,sie1_0.alt_text,sie1_0.created_at,sie1_0.display_order,sie1_0.is_primary,sie1_0.space_id,sie1_0.url from catalog.space_images sie1_0 left join catalog.spaces s1_0 on s1_0.id=sie1_0.space_id where s1_0.id=? order by sie1_0.display_order
2025-11-20 20:39:10 - select sie1_0.id,sie1_0.alt_text,sie1_0.created_at,sie1_0.display_order,sie1_0.is_primary,sie1_0.space_id,sie1_0.url from catalog.space_images sie1_0 left join catalog.spaces s1_0 on s1_0.id=sie1_0.space_id where s1_0.id=? order by sie1_0.display_order
2025-11-20 20:39:10 - select sie1_0.id,sie1_0.alt_text,sie1_0.created_at,sie1_0.display_order,sie1_0.is_primary,sie1_0.space_id,sie1_0.url from catalog.space_images sie1_0 left join catalog.spaces s1_0 on s1_0.id=sie1_0.space_id where s1_0.id=? order by sie1_0.display_order
2025-11-20 20:39:10 - select sie1_0.id,sie1_0.alt_text,sie1_0.created_at,sie1_0.display_order,sie1_0.is_primary,sie1_0.space_id,sie1_0.url from catalog.space_images sie1_0 left join catalog.spaces s1_0 on s1_0.id=sie1_0.space_id where s1_0.id=? order by sie1_0.display_order
2025-11-20 20:39:10 - select sie1_0.id,sie1_0.alt_text,sie1_0.created_at,sie1_0.display_order,sie1_0.is_primary,sie1_0.space_id,sie1_0.url from catalog.space_images sie1_0 left join catalog.spaces s1_0 on s1_0.id=sie1_0.space_id where s1_0.id=? order by sie1_0.display_order
2025-11-20 20:39:10 - select sie1_0.id,sie1_0.alt_text,sie1_0.created_at,sie1_0.display_order,sie1_0.is_primary,sie1_0.space_id,sie1_0.url from catalog.space_images sie1_0 left join catalog.spaces s1_0 on s1_0.id=sie1_0.space_id where s1_0.id=? order by sie1_0.display_order
2025-11-20 20:39:10 - select sie1_0.id,sie1_0.alt_text,sie1_0.created_at,sie1_0.display_order,sie1_0.is_primary,sie1_0.space_id,sie1_0.url from catalog.space_images sie1_0 left join catalog.spaces s1_0 on s1_0.id=sie1_0.space_id where s1_0.id=? order by sie1_0.display_order
2025-11-20 20:39:10 - select sie1_0.id,sie1_0.alt_text,sie1_0.created_at,sie1_0.display_order,sie1_0.is_primary,sie1_0.space_id,sie1_0.url from catalog.space_images sie1_0 left join catalog.spaces s1_0 on s1_0.id=sie1_0.space_id where s1_0.id=? order by sie1_0.display_order
2025-11-20 20:39:10 - select sie1_0.id,sie1_0.alt_text,sie1_0.created_at,sie1_0.display_order,sie1_0.is_primary,sie1_0.space_id,sie1_0.url from catalog.space_images sie1_0 left join catalog.spaces s1_0 on s1_0.id=sie1_0.space_id where s1_0.id=? order by sie1_0.display_order
2025-11-20 20:39:10 - select sie1_0.id,sie1_0.alt_text,sie1_0.created_at,sie1_0.display_order,sie1_0.is_primary,sie1_0.space_id,sie1_0.url from catalog.space_images sie1_0 left join catalog.spaces s1_0 on s1_0.id=sie1_0.space_id where s1_0.id=? order by sie1_0.display_order
2025-11-20 20:39:10 - select sie1_0.id,sie1_0.alt_text,sie1_0.created_at,sie1_0.display_order,sie1_0.is_primary,sie1_0.space_id,sie1_0.url from catalog.space_images sie1_0 left join catalog.spaces s1_0 on s1_0.id=sie1_0.space_id where s1_0.id=? order by sie1_0.display_order
2025-11-20 20:39:10 - select sie1_0.id,sie1_0.alt_text,sie1_0.created_at,sie1_0.display_order,sie1_0.is_primary,sie1_0.space_id,sie1_0.url from catalog.space_images sie1_0 left join catalog.spaces s1_0 on s1_0.id=sie1_0.space_id where s1_0.id=? order by sie1_0.display_order
2025-11-20 20:39:10 - select sie1_0.id,sie1_0.alt_text,sie1_0.created_at,sie1_0.display_order,sie1_0.is_primary,sie1_0.space_id,sie1_0.url from catalog.space_images sie1_0 left join catalog.spaces s1_0 on s1_0.id=sie1_0.space_id where s1_0.id=? order by sie1_0.display_order
2025-11-20 20:39:10 - select sie1_0.id,sie1_0.alt_text,sie1_0.created_at,sie1_0.display_order,sie1_0.is_primary,sie1_0.space_id,sie1_0.url from catalog.space_images sie1_0 left join catalog.spaces s1_0 on s1_0.id=sie1_0.space_id where s1_0.id=? order by sie1_0.display_order
2025-11-20 20:39:10 - select sie1_0.id,sie1_0.alt_text,sie1_0.created_at,sie1_0.display_order,sie1_0.is_primary,sie1_0.space_id,sie1_0.url from catalog.space_images sie1_0 left join catalog.spaces s1_0 on s1_0.id=sie1_0.space_id where s1_0.id=? order by sie1_0.display_order
2025-11-20 20:39:10 - select sie1_0.id,sie1_0.alt_text,sie1_0.created_at,sie1_0.display_order,sie1_0.is_primary,sie1_0.space_id,sie1_0.url from catalog.space_images sie1_0 left join catalog.spaces s1_0 on s1_0.id=sie1_0.space_id where s1_0.id=? order by sie1_0.display_order
2025-11-20 20:39:10 - select sie1_0.id,sie1_0.alt_text,sie1_0.created_at,sie1_0.display_order,sie1_0.is_primary,sie1_0.space_id,sie1_0.url from catalog.space_images sie1_0 left join catalog.spaces s1_0 on s1_0.id=sie1_0.space_id where s1_0.id=? order by sie1_0.display_order
2025-11-20 20:39:10 - select sie1_0.id,sie1_0.alt_text,sie1_0.created_at,sie1_0.display_order,sie1_0.is_primary,sie1_0.space_id,sie1_0.url from catalog.space_images sie1_0 left join catalog.spaces s1_0 on s1_0.id=sie1_0.space_id where s1_0.id=? order by sie1_0.display_order
2025-11-20 20:39:10 - select sie1_0.id,sie1_0.alt_text,sie1_0.created_at,sie1_0.display_order,sie1_0.is_primary,sie1_0.space_id,sie1_0.url from catalog.space_images sie1_0 left join catalog.spaces s1_0 on s1_0.id=sie1_0.space_id where s1_0.id=? order by sie1_0.display_order
2025-11-20 20:39:10 - select sie1_0.id,sie1_0.alt_text,sie1_0.created_at,sie1_0.display_order,sie1_0.is_primary,sie1_0.space_id,sie1_0.url from catalog.space_images sie1_0 left join catalog.spaces s1_0 on s1_0.id=sie1_0.space_id where s1_0.id=? order by sie1_0.display_order
2025-11-20 20:39:10 - select sie1_0.id,sie1_0.alt_text,sie1_0.created_at,sie1_0.display_order,sie1_0.is_primary,sie1_0.space_id,sie1_0.url from catalog.space_images sie1_0 left join catalog.spaces s1_0 on s1_0.id=sie1_0.space_id where s1_0.id=? order by sie1_0.display_order
2025-11-20 20:39:10 - select sie1_0.id,sie1_0.alt_text,sie1_0.created_at,sie1_0.display_order,sie1_0.is_primary,sie1_0.space_id,sie1_0.url from catalog.space_images sie1_0 left join catalog.spaces s1_0 on s1_0.id=sie1_0.space_id where s1_0.id=? order by sie1_0.display_order
2025-11-20 20:39:10 - select sie1_0.id,sie1_0.alt_text,sie1_0.created_at,sie1_0.display_order,sie1_0.is_primary,sie1_0.space_id,sie1_0.url from catalog.space_images sie1_0 left join catalog.spaces s1_0 on s1_0.id=sie1_0.space_id where s1_0.id=? order by sie1_0.display_order
2025-11-20 20:39:10 - select sie1_0.id,sie1_0.alt_text,sie1_0.created_at,sie1_0.display_order,sie1_0.is_primary,sie1_0.space_id,sie1_0.url from catalog.space_images sie1_0 left join catalog.spaces s1_0 on s1_0.id=sie1_0.space_id where s1_0.id=? order by sie1_0.display_order
2025-11-20 20:39:10 - select sie1_0.id,sie1_0.alt_text,sie1_0.created_at,sie1_0.display_order,sie1_0.is_primary,sie1_0.space_id,sie1_0.url from catalog.space_images sie1_0 left join catalog.spaces s1_0 on s1_0.id=sie1_0.space_id where s1_0.id=? order by sie1_0.display_order
2025-11-20 20:39:10 - select sie1_0.id,sie1_0.alt_text,sie1_0.created_at,sie1_0.display_order,sie1_0.is_primary,sie1_0.space_id,sie1_0.url from catalog.space_images sie1_0 left join catalog.spaces s1_0 on s1_0.id=sie1_0.space_id where s1_0.id=? order by sie1_0.display_order
2025-11-20 20:39:10 - select sie1_0.id,sie1_0.alt_text,sie1_0.created_at,sie1_0.display_order,sie1_0.is_primary,sie1_0.space_id,sie1_0.url from catalog.space_images sie1_0 left join catalog.spaces s1_0 on s1_0.id=sie1_0.space_id where s1_0.id=? order by sie1_0.display_order
2025-11-20 20:39:10 - select sie1_0.id,sie1_0.alt_text,sie1_0.created_at,sie1_0.display_order,sie1_0.is_primary,sie1_0.space_id,sie1_0.url from catalog.space_images sie1_0 left join catalog.spaces s1_0 on s1_0.id=sie1_0.space_id where s1_0.id=? order by sie1_0.display_order
2025-11-20 20:39:10 - select sie1_0.id,sie1_0.alt_text,sie1_0.created_at,sie1_0.display_order,sie1_0.is_primary,sie1_0.space_id,sie1_0.url from catalog.space_images sie1_0 left join catalog.spaces s1_0 on s1_0.id=sie1_0.space_id where s1_0.id=? order by sie1_0.display_order
2025-11-20 20:39:10 - select sie1_0.id,sie1_0.alt_text,sie1_0.created_at,sie1_0.display_order,sie1_0.is_primary,sie1_0.space_id,sie1_0.url from catalog.space_images sie1_0 left join catalog.spaces s1_0 on s1_0.id=sie1_0.space_id where s1_0.id=? order by sie1_0.display_order
2025-11-20 20:39:10 - select sie1_0.id,sie1_0.alt_text,sie1_0.created_at,sie1_0.display_order,sie1_0.is_primary,sie1_0.space_id,sie1_0.url from catalog.space_images sie1_0 left join catalog.spaces s1_0 on s1_0.id=sie1_0.space_id where s1_0.id=? order by sie1_0.display_order
2025-11-20 20:39:10 - select sie1_0.id,sie1_0.alt_text,sie1_0.created_at,sie1_0.display_order,sie1_0.is_primary,sie1_0.space_id,sie1_0.url from catalog.space_images sie1_0 left join catalog.spaces s1_0 on s1_0.id=sie1_0.space_id where s1_0.id=? order by sie1_0.display_order
2025-11-20 20:39:10 - select sie1_0.id,sie1_0.alt_text,sie1_0.created_at,sie1_0.display_order,sie1_0.is_primary,sie1_0.space_id,sie1_0.url from catalog.space_images sie1_0 left join catalog.spaces s1_0 on s1_0.id=sie1_0.space_id where s1_0.id=? order by sie1_0.display_order
2025-11-20 20:39:10 - select sie1_0.id,sie1_0.alt_text,sie1_0.created_at,sie1_0.display_order,sie1_0.is_primary,sie1_0.space_id,sie1_0.url from catalog.space_images sie1_0 left join catalog.spaces s1_0 on s1_0.id=sie1_0.space_id where s1_0.id=? order by sie1_0.display_order
2025-11-20 20:39:10 - select sie1_0.id,sie1_0.alt_text,sie1_0.created_at,sie1_0.display_order,sie1_0.is_primary,sie1_0.space_id,sie1_0.url from catalog.space_images sie1_0 left join catalog.spaces s1_0 on s1_0.id=sie1_0.space_id where s1_0.id=? order by sie1_0.display_order
2025-11-20 20:39:10 - select sie1_0.id,sie1_0.alt_text,sie1_0.created_at,sie1_0.display_order,sie1_0.is_primary,sie1_0.space_id,sie1_0.url from catalog.space_images sie1_0 left join catalog.spaces s1_0 on s1_0.id=sie1_0.space_id where s1_0.id=? order by sie1_0.display_order
2025-11-20 20:39:10 - select sie1_0.id,sie1_0.alt_text,sie1_0.created_at,sie1_0.display_order,sie1_0.is_primary,sie1_0.space_id,sie1_0.url from catalog.space_images sie1_0 left join catalog.spaces s1_0 on s1_0.id=sie1_0.space_id where s1_0.id=? order by sie1_0.display_order
2025-11-20 20:39:10 - select sie1_0.id,sie1_0.alt_text,sie1_0.created_at,sie1_0.display_order,sie1_0.is_primary,sie1_0.space_id,sie1_0.url from catalog.space_images sie1_0 left join catalog.spaces s1_0 on s1_0.id=sie1_0.space_id where s1_0.id=? order by sie1_0.display_order
2025-11-20 20:39:10 - select sie1_0.id,sie1_0.alt_text,sie1_0.created_at,sie1_0.display_order,sie1_0.is_primary,sie1_0.space_id,sie1_0.url from catalog.space_images sie1_0 left join catalog.spaces s1_0 on s1_0.id=sie1_0.space_id where s1_0.id=? order by sie1_0.display_order
2025-11-20 20:39:10 - select sie1_0.id,sie1_0.alt_text,sie1_0.created_at,sie1_0.display_order,sie1_0.is_primary,sie1_0.space_id,sie1_0.url from catalog.space_images sie1_0 left join catalog.spaces s1_0 on s1_0.id=sie1_0.space_id where s1_0.id=? order by sie1_0.display_order
2025-11-20 20:39:10 - select sie1_0.id,sie1_0.alt_text,sie1_0.created_at,sie1_0.display_order,sie1_0.is_primary,sie1_0.space_id,sie1_0.url from catalog.space_images sie1_0 left join catalog.spaces s1_0 on s1_0.id=sie1_0.space_id where s1_0.id=? order by sie1_0.display_order
2025-11-20 20:39:10 - select sie1_0.id,sie1_0.alt_text,sie1_0.created_at,sie1_0.display_order,sie1_0.is_primary,sie1_0.space_id,sie1_0.url from catalog.space_images sie1_0 left join catalog.spaces s1_0 on s1_0.id=sie1_0.space_id where s1_0.id=? order by sie1_0.display_order
2025-11-20 20:39:10 - select sie1_0.id,sie1_0.alt_text,sie1_0.created_at,sie1_0.display_order,sie1_0.is_primary,sie1_0.space_id,sie1_0.url from catalog.space_images sie1_0 left join catalog.spaces s1_0 on s1_0.id=sie1_0.space_id where s1_0.id=? order by sie1_0.display_order
2025-11-20 20:39:10 - select sie1_0.id,sie1_0.alt_text,sie1_0.created_at,sie1_0.display_order,sie1_0.is_primary,sie1_0.space_id,sie1_0.url from catalog.space_images sie1_0 left join catalog.spaces s1_0 on s1_0.id=sie1_0.space_id where s1_0.id=? order by sie1_0.display_order
2025-11-20 20:39:10 - select sie1_0.id,sie1_0.alt_text,sie1_0.created_at,sie1_0.display_order,sie1_0.is_primary,sie1_0.space_id,sie1_0.url from catalog.space_images sie1_0 left join catalog.spaces s1_0 on s1_0.id=sie1_0.space_id where s1_0.id=? order by sie1_0.display_order
2025-11-20 20:39:10 - select sie1_0.id,sie1_0.alt_text,sie1_0.created_at,sie1_0.display_order,sie1_0.is_primary,sie1_0.space_id,sie1_0.url from catalog.space_images sie1_0 left join catalog.spaces s1_0 on s1_0.id=sie1_0.space_id where s1_0.id=? order by sie1_0.display_order
2025-11-20 20:39:10 - select sie1_0.id,sie1_0.alt_text,sie1_0.created_at,sie1_0.display_order,sie1_0.is_primary,sie1_0.space_id,sie1_0.url from catalog.space_images sie1_0 left join catalog.spaces s1_0 on s1_0.id=sie1_0.space_id where s1_0.id=? order by sie1_0.display_order
2025-11-20 20:39:10 - select sie1_0.id,sie1_0.alt_text,sie1_0.created_at,sie1_0.display_order,sie1_0.is_primary,sie1_0.space_id,sie1_0.url from catalog.space_images sie1_0 left join catalog.spaces s1_0 on s1_0.id=sie1_0.space_id where s1_0.id=? order by sie1_0.display_order
2025-11-20 20:39:10 - select sie1_0.id,sie1_0.alt_text,sie1_0.created_at,sie1_0.display_order,sie1_0.is_primary,sie1_0.space_id,sie1_0.url from catalog.space_images sie1_0 left join catalog.spaces s1_0 on s1_0.id=sie1_0.space_id where s1_0.id=? order by sie1_0.display_order
2025-11-20 20:39:10 - select sie1_0.id,sie1_0.alt_text,sie1_0.created_at,sie1_0.display_order,sie1_0.is_primary,sie1_0.space_id,sie1_0.url from catalog.space_images sie1_0 left join catalog.spaces s1_0 on s1_0.id=sie1_0.space_id where s1_0.id=? order by sie1_0.display_order
2025-11-20 20:39:10 - select sie1_0.id,sie1_0.alt_text,sie1_0.created_at,sie1_0.display_order,sie1_0.is_primary,sie1_0.space_id,sie1_0.url from catalog.space_images sie1_0 left join catalog.spaces s1_0 on s1_0.id=sie1_0.space_id where s1_0.id=? order by sie1_0.display_order
2025-11-20 20:39:10 - select se1_0.id,se1_0.address,se1_0.amenities,se1_0.area_sqm,se1_0.base_price_cents,se1_0.capacity,se1_0.created_at,se1_0.description,se1_0.lat,se1_0.lon,se1_0.owner_id,se1_0.rules,se1_0.status,se1_0.title,se1_0.updated_at from catalog.spaces se1_0 where se1_0.id=?
2025-11-20 20:39:10 - select sie1_0.id,sie1_0.alt_text,sie1_0.created_at,sie1_0.display_order,sie1_0.is_primary,sie1_0.space_id,sie1_0.url from catalog.space_images sie1_0 left join catalog.spaces s1_0 on s1_0.id=sie1_0.space_id where s1_0.id=? order by sie1_0.display_order
2025-11-20 20:39:10 - Error caching key 'space:4fd32bcc-ca15-41e7-9978-8eeb634dc333': Could not write JSON: Java 8 date/time type `java.time.LocalDateTime` not supported by default: add Module "com.fasterxml.jackson.datatype:jackson-datatype-jsr310" to enable handling (or disable `MapperFeature.REQUIRE_HANDLERS_FOR_JAVA8_TIMES`) (through reference chain: com.balconazo.catalog_microservice.dto.SpaceDTO["createdAt"])
2025-11-20 20:39:10 - No JWT token found in request to: /api/catalog/spaces - returning 401 UNAUTHORIZED
2025-11-20 20:39:10 - select se1_0.id,se1_0.address,se1_0.amenities,se1_0.area_sqm,se1_0.base_price_cents,se1_0.capacity,se1_0.created_at,se1_0.description,se1_0.lat,se1_0.lon,se1_0.owner_id,se1_0.rules,se1_0.status,se1_0.title,se1_0.updated_at from catalog.spaces se1_0 where se1_0.id=?
2025-11-20 20:39:10 - select sie1_0.id,sie1_0.alt_text,sie1_0.created_at,sie1_0.display_order,sie1_0.is_primary,sie1_0.space_id,sie1_0.url from catalog.space_images sie1_0 left join catalog.spaces s1_0 on s1_0.id=sie1_0.space_id where s1_0.id=? order by sie1_0.display_order
2025-11-20 20:39:10 - Error caching key 'space:4fd32bcc-ca15-41e7-9978-8eeb634dc333': Could not write JSON: Java 8 date/time type `java.time.LocalDateTime` not supported by default: add Module "com.fasterxml.jackson.datatype:jackson-datatype-jsr310" to enable handling (or disable `MapperFeature.REQUIRE_HANDLERS_FOR_JAVA8_TIMES`) (through reference chain: com.balconazo.catalog_microservice.dto.SpaceDTO["createdAt"])
2025-11-20 20:39:10 - select se1_0.id,se1_0.address,se1_0.amenities,se1_0.area_sqm,se1_0.base_price_cents,se1_0.capacity,se1_0.created_at,se1_0.description,se1_0.lat,se1_0.lon,se1_0.owner_id,se1_0.rules,se1_0.status,se1_0.title,se1_0.updated_at from catalog.spaces se1_0 where se1_0.id=?
2025-11-20 20:39:10 - update catalog.spaces set address=?,amenities=?,area_sqm=?,base_price_cents=?,capacity=?,description=?,lat=?,lon=?,owner_id=?,rules=?,status=?,title=?,updated_at=? where id=?
2025-11-20 20:39:10 - select se1_0.id,se1_0.address,se1_0.amenities,se1_0.area_sqm,se1_0.base_price_cents,se1_0.capacity,se1_0.created_at,se1_0.description,se1_0.lat,se1_0.lon,se1_0.owner_id,se1_0.rules,se1_0.status,se1_0.title,se1_0.updated_at from catalog.spaces se1_0 where se1_0.id=?
2025-11-20 20:39:10 - select sie1_0.id,sie1_0.alt_text,sie1_0.created_at,sie1_0.display_order,sie1_0.is_primary,sie1_0.space_id,sie1_0.url from catalog.space_images sie1_0 left join catalog.spaces s1_0 on s1_0.id=sie1_0.space_id where s1_0.id=? order by sie1_0.display_order
2025-11-20 20:39:10 - Error caching key 'space:4fd32bcc-ca15-41e7-9978-8eeb634dc333': Could not write JSON: Java 8 date/time type `java.time.LocalDateTime` not supported by default: add Module "com.fasterxml.jackson.datatype:jackson-datatype-jsr310" to enable handling (or disable `MapperFeature.REQUIRE_HANDLERS_FOR_JAVA8_TIMES`) (through reference chain: com.balconazo.catalog_microservice.dto.SpaceDTO["createdAt"])
2025-11-20 20:39:10 - No JWT token found in request to: /api/catalog/spaces/4fd32bcc-ca15-41e7-9978-8eeb634dc333 - returning 401 UNAUTHORIZED
2025-11-20 20:39:10 - select se1_0.id,se1_0.address,se1_0.amenities,se1_0.area_sqm,se1_0.base_price_cents,se1_0.capacity,se1_0.created_at,se1_0.description,se1_0.lat,se1_0.lon,se1_0.owner_id,se1_0.rules,se1_0.status,se1_0.title,se1_0.updated_at from catalog.spaces se1_0 where se1_0.id=?
2025-11-20 20:39:10 - select sie1_0.id,sie1_0.alt_text,sie1_0.created_at,sie1_0.display_order,sie1_0.is_primary,sie1_0.space_id,sie1_0.url from catalog.space_images sie1_0 left join catalog.spaces s1_0 on s1_0.id=sie1_0.space_id where s1_0.id=? order by sie1_0.display_order
2025-11-20 20:39:10 - Error caching key 'space:4ef41461-c142-4b2a-ae1c-3f8f1cfd97ef': Could not write JSON: Java 8 date/time type `java.time.LocalDateTime` not supported by default: add Module "com.fasterxml.jackson.datatype:jackson-datatype-jsr310" to enable handling (or disable `MapperFeature.REQUIRE_HANDLERS_FOR_JAVA8_TIMES`) (through reference chain: com.balconazo.catalog_microservice.dto.SpaceDTO["createdAt"])
2025-11-20 20:39:10 - select se1_0.id,se1_0.address,se1_0.amenities,se1_0.area_sqm,se1_0.base_price_cents,se1_0.capacity,se1_0.created_at,se1_0.description,se1_0.lat,se1_0.lon,se1_0.owner_id,se1_0.rules,se1_0.status,se1_0.title,se1_0.updated_at from catalog.spaces se1_0 where se1_0.id=?
2025-11-20 20:39:10 - update catalog.spaces set address=?,amenities=?,area_sqm=?,base_price_cents=?,capacity=?,description=?,lat=?,lon=?,owner_id=?,rules=?,status=?,title=?,updated_at=? where id=?
2025-11-20 20:39:10 - select se1_0.id,se1_0.address,se1_0.amenities,se1_0.area_sqm,se1_0.base_price_cents,se1_0.capacity,se1_0.created_at,se1_0.description,se1_0.lat,se1_0.lon,se1_0.owner_id,se1_0.rules,se1_0.status,se1_0.title,se1_0.updated_at from catalog.spaces se1_0 where se1_0.id=?
2025-11-20 20:39:10 - select sie1_0.id,sie1_0.alt_text,sie1_0.created_at,sie1_0.display_order,sie1_0.is_primary,sie1_0.space_id,sie1_0.url from catalog.space_images sie1_0 left join catalog.spaces s1_0 on s1_0.id=sie1_0.space_id where s1_0.id=? order by sie1_0.display_order
2025-11-20 20:39:10 - Error caching key 'space:4ef41461-c142-4b2a-ae1c-3f8f1cfd97ef': Could not write JSON: Java 8 date/time type `java.time.LocalDateTime` not supported by default: add Module "com.fasterxml.jackson.datatype:jackson-datatype-jsr310" to enable handling (or disable `MapperFeature.REQUIRE_HANDLERS_FOR_JAVA8_TIMES`) (through reference chain: com.balconazo.catalog_microservice.dto.SpaceDTO["createdAt"])
2025-11-20 20:39:10 - select se1_0.id,se1_0.address,se1_0.amenities,se1_0.area_sqm,se1_0.base_price_cents,se1_0.capacity,se1_0.created_at,se1_0.description,se1_0.lat,se1_0.lon,se1_0.owner_id,se1_0.rules,se1_0.status,se1_0.title,se1_0.updated_at from catalog.spaces se1_0 where se1_0.id=?
2025-11-20 20:39:10 - select sie1_0.id,sie1_0.alt_text,sie1_0.created_at,sie1_0.display_order,sie1_0.is_primary,sie1_0.space_id,sie1_0.url from catalog.space_images sie1_0 left join catalog.spaces s1_0 on s1_0.id=sie1_0.space_id where s1_0.id=? order by sie1_0.display_order
2025-11-20 20:39:10 - Error caching key 'space:4fd32bcc-ca15-41e7-9978-8eeb634dc333': Could not write JSON: Java 8 date/time type `java.time.LocalDateTime` not supported by default: add Module "com.fasterxml.jackson.datatype:jackson-datatype-jsr310" to enable handling (or disable `MapperFeature.REQUIRE_HANDLERS_FOR_JAVA8_TIMES`) (through reference chain: com.balconazo.catalog_microservice.dto.SpaceDTO["createdAt"])
2025-11-20 20:39:11 - No JWT token found in request to: /api/catalog/spaces/4fd32bcc-ca15-41e7-9978-8eeb634dc333 - returning 401 UNAUTHORIZED
2025-11-20 20:40:45 - Espacio creado con estado ACTIVE: 29bf19db-ccba-424c-b9f6-fbe8bc75bad4 por usuario: 5e962b88-2753-4ba8-b30f-f7819249fe51
2025-11-20 20:40:45 - Usuario 5e962b88-2753-4ba8-b30f-f7819249fe51 promovido a host exitosamente
2025-11-20 20:40:45 - Publicando evento SpaceCreated para espacio: 29bf19db-ccba-424c-b9f6-fbe8bc75bad4
2025-11-20 20:40:45 - Evento SpaceCreated publicado exitosamente: 29bf19db-ccba-424c-b9f6-fbe8bc75bad4
2025-11-20 20:40:45 - insert into catalog.spaces (address,amenities,area_sqm,base_price_cents,capacity,created_at,description,lat,lon,owner_id,rules,status,title,updated_at,id) values (?,?,?,?,?,?,?,?,?,?,?,?,?,?,?)
2025-11-20 20:40:47 - Espacio creado con estado ACTIVE: ccb3c56b-a695-40a9-863f-945859516c62 por usuario: 5e962b88-2753-4ba8-b30f-f7819249fe51
2025-11-20 20:40:47 - Usuario 5e962b88-2753-4ba8-b30f-f7819249fe51 promovido a host exitosamente
2025-11-20 20:40:47 - Publicando evento SpaceCreated para espacio: ccb3c56b-a695-40a9-863f-945859516c62
2025-11-20 20:40:47 - Evento SpaceCreated publicado exitosamente: ccb3c56b-a695-40a9-863f-945859516c62
2025-11-20 20:40:47 - insert into catalog.spaces (address,amenities,area_sqm,base_price_cents,capacity,created_at,description,lat,lon,owner_id,rules,status,title,updated_at,id) values (?,?,?,?,?,?,?,?,?,?,?,?,?,?,?)
2025-11-20 20:40:47 - Espacio creado con estado ACTIVE: ba571b60-4ec3-46f7-8ebb-f32be88fe7ad por usuario: 893e4fac-9d1e-4732-97cb-abc2520c3faa
2025-11-20 20:40:47 - Usuario 893e4fac-9d1e-4732-97cb-abc2520c3faa promovido a host exitosamente
2025-11-20 20:40:47 - Publicando evento SpaceCreated para espacio: ba571b60-4ec3-46f7-8ebb-f32be88fe7ad
2025-11-20 20:40:47 - Evento SpaceCreated publicado exitosamente: ba571b60-4ec3-46f7-8ebb-f32be88fe7ad
2025-11-20 20:40:47 - insert into catalog.spaces (address,amenities,area_sqm,base_price_cents,capacity,created_at,description,lat,lon,owner_id,rules,status,title,updated_at,id) values (?,?,?,?,?,?,?,?,?,?,?,?,?,?,?)
2025-11-20 20:40:49 - No JWT token found in request to: /api/catalog/spaces - returning 401 UNAUTHORIZED
2025-11-20 20:40:49 - select se1_0.id,se1_0.address,se1_0.amenities,se1_0.area_sqm,se1_0.base_price_cents,se1_0.capacity,se1_0.created_at,se1_0.description,se1_0.lat,se1_0.lon,se1_0.owner_id,se1_0.rules,se1_0.status,se1_0.title,se1_0.updated_at from catalog.spaces se1_0 where se1_0.status=?
2025-11-20 20:40:49 - select sie1_0.id,sie1_0.alt_text,sie1_0.created_at,sie1_0.display_order,sie1_0.is_primary,sie1_0.space_id,sie1_0.url from catalog.space_images sie1_0 left join catalog.spaces s1_0 on s1_0.id=sie1_0.space_id where s1_0.id=? order by sie1_0.display_order
2025-11-20 20:40:49 - select sie1_0.id,sie1_0.alt_text,sie1_0.created_at,sie1_0.display_order,sie1_0.is_primary,sie1_0.space_id,sie1_0.url from catalog.space_images sie1_0 left join catalog.spaces s1_0 on s1_0.id=sie1_0.space_id where s1_0.id=? order by sie1_0.display_order
2025-11-20 20:40:49 - select sie1_0.id,sie1_0.alt_text,sie1_0.created_at,sie1_0.display_order,sie1_0.is_primary,sie1_0.space_id,sie1_0.url from catalog.space_images sie1_0 left join catalog.spaces s1_0 on s1_0.id=sie1_0.space_id where s1_0.id=? order by sie1_0.display_order
2025-11-20 20:40:49 - select sie1_0.id,sie1_0.alt_text,sie1_0.created_at,sie1_0.display_order,sie1_0.is_primary,sie1_0.space_id,sie1_0.url from catalog.space_images sie1_0 left join catalog.spaces s1_0 on s1_0.id=sie1_0.space_id where s1_0.id=? order by sie1_0.display_order
2025-11-20 20:40:49 - select sie1_0.id,sie1_0.alt_text,sie1_0.created_at,sie1_0.display_order,sie1_0.is_primary,sie1_0.space_id,sie1_0.url from catalog.space_images sie1_0 left join catalog.spaces s1_0 on s1_0.id=sie1_0.space_id where s1_0.id=? order by sie1_0.display_order
2025-11-20 20:40:49 - select sie1_0.id,sie1_0.alt_text,sie1_0.created_at,sie1_0.display_order,sie1_0.is_primary,sie1_0.space_id,sie1_0.url from catalog.space_images sie1_0 left join catalog.spaces s1_0 on s1_0.id=sie1_0.space_id where s1_0.id=? order by sie1_0.display_order
2025-11-20 20:40:49 - select sie1_0.id,sie1_0.alt_text,sie1_0.created_at,sie1_0.display_order,sie1_0.is_primary,sie1_0.space_id,sie1_0.url from catalog.space_images sie1_0 left join catalog.spaces s1_0 on s1_0.id=sie1_0.space_id where s1_0.id=? order by sie1_0.display_order
2025-11-20 20:40:49 - select sie1_0.id,sie1_0.alt_text,sie1_0.created_at,sie1_0.display_order,sie1_0.is_primary,sie1_0.space_id,sie1_0.url from catalog.space_images sie1_0 left join catalog.spaces s1_0 on s1_0.id=sie1_0.space_id where s1_0.id=? order by sie1_0.display_order
2025-11-20 20:40:49 - select sie1_0.id,sie1_0.alt_text,sie1_0.created_at,sie1_0.display_order,sie1_0.is_primary,sie1_0.space_id,sie1_0.url from catalog.space_images sie1_0 left join catalog.spaces s1_0 on s1_0.id=sie1_0.space_id where s1_0.id=? order by sie1_0.display_order
2025-11-20 20:40:49 - select sie1_0.id,sie1_0.alt_text,sie1_0.created_at,sie1_0.display_order,sie1_0.is_primary,sie1_0.space_id,sie1_0.url from catalog.space_images sie1_0 left join catalog.spaces s1_0 on s1_0.id=sie1_0.space_id where s1_0.id=? order by sie1_0.display_order
2025-11-20 20:40:49 - select sie1_0.id,sie1_0.alt_text,sie1_0.created_at,sie1_0.display_order,sie1_0.is_primary,sie1_0.space_id,sie1_0.url from catalog.space_images sie1_0 left join catalog.spaces s1_0 on s1_0.id=sie1_0.space_id where s1_0.id=? order by sie1_0.display_order
2025-11-20 20:40:49 - select sie1_0.id,sie1_0.alt_text,sie1_0.created_at,sie1_0.display_order,sie1_0.is_primary,sie1_0.space_id,sie1_0.url from catalog.space_images sie1_0 left join catalog.spaces s1_0 on s1_0.id=sie1_0.space_id where s1_0.id=? order by sie1_0.display_order
2025-11-20 20:40:49 - select sie1_0.id,sie1_0.alt_text,sie1_0.created_at,sie1_0.display_order,sie1_0.is_primary,sie1_0.space_id,sie1_0.url from catalog.space_images sie1_0 left join catalog.spaces s1_0 on s1_0.id=sie1_0.space_id where s1_0.id=? order by sie1_0.display_order
2025-11-20 20:40:49 - select sie1_0.id,sie1_0.alt_text,sie1_0.created_at,sie1_0.display_order,sie1_0.is_primary,sie1_0.space_id,sie1_0.url from catalog.space_images sie1_0 left join catalog.spaces s1_0 on s1_0.id=sie1_0.space_id where s1_0.id=? order by sie1_0.display_order
2025-11-20 20:40:49 - select sie1_0.id,sie1_0.alt_text,sie1_0.created_at,sie1_0.display_order,sie1_0.is_primary,sie1_0.space_id,sie1_0.url from catalog.space_images sie1_0 left join catalog.spaces s1_0 on s1_0.id=sie1_0.space_id where s1_0.id=? order by sie1_0.display_order
2025-11-20 20:40:49 - select sie1_0.id,sie1_0.alt_text,sie1_0.created_at,sie1_0.display_order,sie1_0.is_primary,sie1_0.space_id,sie1_0.url from catalog.space_images sie1_0 left join catalog.spaces s1_0 on s1_0.id=sie1_0.space_id where s1_0.id=? order by sie1_0.display_order
2025-11-20 20:40:49 - select sie1_0.id,sie1_0.alt_text,sie1_0.created_at,sie1_0.display_order,sie1_0.is_primary,sie1_0.space_id,sie1_0.url from catalog.space_images sie1_0 left join catalog.spaces s1_0 on s1_0.id=sie1_0.space_id where s1_0.id=? order by sie1_0.display_order
2025-11-20 20:40:49 - select sie1_0.id,sie1_0.alt_text,sie1_0.created_at,sie1_0.display_order,sie1_0.is_primary,sie1_0.space_id,sie1_0.url from catalog.space_images sie1_0 left join catalog.spaces s1_0 on s1_0.id=sie1_0.space_id where s1_0.id=? order by sie1_0.display_order
2025-11-20 20:40:49 - select sie1_0.id,sie1_0.alt_text,sie1_0.created_at,sie1_0.display_order,sie1_0.is_primary,sie1_0.space_id,sie1_0.url from catalog.space_images sie1_0 left join catalog.spaces s1_0 on s1_0.id=sie1_0.space_id where s1_0.id=? order by sie1_0.display_order
2025-11-20 20:40:49 - select sie1_0.id,sie1_0.alt_text,sie1_0.created_at,sie1_0.display_order,sie1_0.is_primary,sie1_0.space_id,sie1_0.url from catalog.space_images sie1_0 left join catalog.spaces s1_0 on s1_0.id=sie1_0.space_id where s1_0.id=? order by sie1_0.display_order
2025-11-20 20:40:49 - select sie1_0.id,sie1_0.alt_text,sie1_0.created_at,sie1_0.display_order,sie1_0.is_primary,sie1_0.space_id,sie1_0.url from catalog.space_images sie1_0 left join catalog.spaces s1_0 on s1_0.id=sie1_0.space_id where s1_0.id=? order by sie1_0.display_order
2025-11-20 20:40:49 - select sie1_0.id,sie1_0.alt_text,sie1_0.created_at,sie1_0.display_order,sie1_0.is_primary,sie1_0.space_id,sie1_0.url from catalog.space_images sie1_0 left join catalog.spaces s1_0 on s1_0.id=sie1_0.space_id where s1_0.id=? order by sie1_0.display_order
2025-11-20 20:40:49 - select sie1_0.id,sie1_0.alt_text,sie1_0.created_at,sie1_0.display_order,sie1_0.is_primary,sie1_0.space_id,sie1_0.url from catalog.space_images sie1_0 left join catalog.spaces s1_0 on s1_0.id=sie1_0.space_id where s1_0.id=? order by sie1_0.display_order
2025-11-20 20:40:49 - select sie1_0.id,sie1_0.alt_text,sie1_0.created_at,sie1_0.display_order,sie1_0.is_primary,sie1_0.space_id,sie1_0.url from catalog.space_images sie1_0 left join catalog.spaces s1_0 on s1_0.id=sie1_0.space_id where s1_0.id=? order by sie1_0.display_order
2025-11-20 20:40:49 - select sie1_0.id,sie1_0.alt_text,sie1_0.created_at,sie1_0.display_order,sie1_0.is_primary,sie1_0.space_id,sie1_0.url from catalog.space_images sie1_0 left join catalog.spaces s1_0 on s1_0.id=sie1_0.space_id where s1_0.id=? order by sie1_0.display_order
2025-11-20 20:40:49 - select sie1_0.id,sie1_0.alt_text,sie1_0.created_at,sie1_0.display_order,sie1_0.is_primary,sie1_0.space_id,sie1_0.url from catalog.space_images sie1_0 left join catalog.spaces s1_0 on s1_0.id=sie1_0.space_id where s1_0.id=? order by sie1_0.display_order
2025-11-20 20:40:49 - select sie1_0.id,sie1_0.alt_text,sie1_0.created_at,sie1_0.display_order,sie1_0.is_primary,sie1_0.space_id,sie1_0.url from catalog.space_images sie1_0 left join catalog.spaces s1_0 on s1_0.id=sie1_0.space_id where s1_0.id=? order by sie1_0.display_order
2025-11-20 20:40:49 - select sie1_0.id,sie1_0.alt_text,sie1_0.created_at,sie1_0.display_order,sie1_0.is_primary,sie1_0.space_id,sie1_0.url from catalog.space_images sie1_0 left join catalog.spaces s1_0 on s1_0.id=sie1_0.space_id where s1_0.id=? order by sie1_0.display_order
2025-11-20 20:40:49 - select sie1_0.id,sie1_0.alt_text,sie1_0.created_at,sie1_0.display_order,sie1_0.is_primary,sie1_0.space_id,sie1_0.url from catalog.space_images sie1_0 left join catalog.spaces s1_0 on s1_0.id=sie1_0.space_id where s1_0.id=? order by sie1_0.display_order
2025-11-20 20:40:49 - select sie1_0.id,sie1_0.alt_text,sie1_0.created_at,sie1_0.display_order,sie1_0.is_primary,sie1_0.space_id,sie1_0.url from catalog.space_images sie1_0 left join catalog.spaces s1_0 on s1_0.id=sie1_0.space_id where s1_0.id=? order by sie1_0.display_order
2025-11-20 20:40:49 - select sie1_0.id,sie1_0.alt_text,sie1_0.created_at,sie1_0.display_order,sie1_0.is_primary,sie1_0.space_id,sie1_0.url from catalog.space_images sie1_0 left join catalog.spaces s1_0 on s1_0.id=sie1_0.space_id where s1_0.id=? order by sie1_0.display_order
2025-11-20 20:40:49 - select sie1_0.id,sie1_0.alt_text,sie1_0.created_at,sie1_0.display_order,sie1_0.is_primary,sie1_0.space_id,sie1_0.url from catalog.space_images sie1_0 left join catalog.spaces s1_0 on s1_0.id=sie1_0.space_id where s1_0.id=? order by sie1_0.display_order
2025-11-20 20:40:49 - select sie1_0.id,sie1_0.alt_text,sie1_0.created_at,sie1_0.display_order,sie1_0.is_primary,sie1_0.space_id,sie1_0.url from catalog.space_images sie1_0 left join catalog.spaces s1_0 on s1_0.id=sie1_0.space_id where s1_0.id=? order by sie1_0.display_order
2025-11-20 20:40:49 - select sie1_0.id,sie1_0.alt_text,sie1_0.created_at,sie1_0.display_order,sie1_0.is_primary,sie1_0.space_id,sie1_0.url from catalog.space_images sie1_0 left join catalog.spaces s1_0 on s1_0.id=sie1_0.space_id where s1_0.id=? order by sie1_0.display_order
2025-11-20 20:40:49 - select sie1_0.id,sie1_0.alt_text,sie1_0.created_at,sie1_0.display_order,sie1_0.is_primary,sie1_0.space_id,sie1_0.url from catalog.space_images sie1_0 left join catalog.spaces s1_0 on s1_0.id=sie1_0.space_id where s1_0.id=? order by sie1_0.display_order
2025-11-20 20:40:49 - select sie1_0.id,sie1_0.alt_text,sie1_0.created_at,sie1_0.display_order,sie1_0.is_primary,sie1_0.space_id,sie1_0.url from catalog.space_images sie1_0 left join catalog.spaces s1_0 on s1_0.id=sie1_0.space_id where s1_0.id=? order by sie1_0.display_order
2025-11-20 20:40:49 - select sie1_0.id,sie1_0.alt_text,sie1_0.created_at,sie1_0.display_order,sie1_0.is_primary,sie1_0.space_id,sie1_0.url from catalog.space_images sie1_0 left join catalog.spaces s1_0 on s1_0.id=sie1_0.space_id where s1_0.id=? order by sie1_0.display_order
2025-11-20 20:40:49 - select sie1_0.id,sie1_0.alt_text,sie1_0.created_at,sie1_0.display_order,sie1_0.is_primary,sie1_0.space_id,sie1_0.url from catalog.space_images sie1_0 left join catalog.spaces s1_0 on s1_0.id=sie1_0.space_id where s1_0.id=? order by sie1_0.display_order
2025-11-20 20:40:49 - select sie1_0.id,sie1_0.alt_text,sie1_0.created_at,sie1_0.display_order,sie1_0.is_primary,sie1_0.space_id,sie1_0.url from catalog.space_images sie1_0 left join catalog.spaces s1_0 on s1_0.id=sie1_0.space_id where s1_0.id=? order by sie1_0.display_order
2025-11-20 20:40:49 - select sie1_0.id,sie1_0.alt_text,sie1_0.created_at,sie1_0.display_order,sie1_0.is_primary,sie1_0.space_id,sie1_0.url from catalog.space_images sie1_0 left join catalog.spaces s1_0 on s1_0.id=sie1_0.space_id where s1_0.id=? order by sie1_0.display_order
2025-11-20 20:40:49 - select sie1_0.id,sie1_0.alt_text,sie1_0.created_at,sie1_0.display_order,sie1_0.is_primary,sie1_0.space_id,sie1_0.url from catalog.space_images sie1_0 left join catalog.spaces s1_0 on s1_0.id=sie1_0.space_id where s1_0.id=? order by sie1_0.display_order
2025-11-20 20:40:49 - select sie1_0.id,sie1_0.alt_text,sie1_0.created_at,sie1_0.display_order,sie1_0.is_primary,sie1_0.space_id,sie1_0.url from catalog.space_images sie1_0 left join catalog.spaces s1_0 on s1_0.id=sie1_0.space_id where s1_0.id=? order by sie1_0.display_order
2025-11-20 20:40:49 - select sie1_0.id,sie1_0.alt_text,sie1_0.created_at,sie1_0.display_order,sie1_0.is_primary,sie1_0.space_id,sie1_0.url from catalog.space_images sie1_0 left join catalog.spaces s1_0 on s1_0.id=sie1_0.space_id where s1_0.id=? order by sie1_0.display_order
2025-11-20 20:40:49 - select sie1_0.id,sie1_0.alt_text,sie1_0.created_at,sie1_0.display_order,sie1_0.is_primary,sie1_0.space_id,sie1_0.url from catalog.space_images sie1_0 left join catalog.spaces s1_0 on s1_0.id=sie1_0.space_id where s1_0.id=? order by sie1_0.display_order
2025-11-20 20:40:49 - select sie1_0.id,sie1_0.alt_text,sie1_0.created_at,sie1_0.display_order,sie1_0.is_primary,sie1_0.space_id,sie1_0.url from catalog.space_images sie1_0 left join catalog.spaces s1_0 on s1_0.id=sie1_0.space_id where s1_0.id=? order by sie1_0.display_order
2025-11-20 20:40:49 - select sie1_0.id,sie1_0.alt_text,sie1_0.created_at,sie1_0.display_order,sie1_0.is_primary,sie1_0.space_id,sie1_0.url from catalog.space_images sie1_0 left join catalog.spaces s1_0 on s1_0.id=sie1_0.space_id where s1_0.id=? order by sie1_0.display_order
2025-11-20 20:40:49 - select sie1_0.id,sie1_0.alt_text,sie1_0.created_at,sie1_0.display_order,sie1_0.is_primary,sie1_0.space_id,sie1_0.url from catalog.space_images sie1_0 left join catalog.spaces s1_0 on s1_0.id=sie1_0.space_id where s1_0.id=? order by sie1_0.display_order
2025-11-20 20:40:49 - select sie1_0.id,sie1_0.alt_text,sie1_0.created_at,sie1_0.display_order,sie1_0.is_primary,sie1_0.space_id,sie1_0.url from catalog.space_images sie1_0 left join catalog.spaces s1_0 on s1_0.id=sie1_0.space_id where s1_0.id=? order by sie1_0.display_order
2025-11-20 20:40:49 - select sie1_0.id,sie1_0.alt_text,sie1_0.created_at,sie1_0.display_order,sie1_0.is_primary,sie1_0.space_id,sie1_0.url from catalog.space_images sie1_0 left join catalog.spaces s1_0 on s1_0.id=sie1_0.space_id where s1_0.id=? order by sie1_0.display_order
2025-11-20 20:40:49 - select sie1_0.id,sie1_0.alt_text,sie1_0.created_at,sie1_0.display_order,sie1_0.is_primary,sie1_0.space_id,sie1_0.url from catalog.space_images sie1_0 left join catalog.spaces s1_0 on s1_0.id=sie1_0.space_id where s1_0.id=? order by sie1_0.display_order
2025-11-20 20:40:49 - select sie1_0.id,sie1_0.alt_text,sie1_0.created_at,sie1_0.display_order,sie1_0.is_primary,sie1_0.space_id,sie1_0.url from catalog.space_images sie1_0 left join catalog.spaces s1_0 on s1_0.id=sie1_0.space_id where s1_0.id=? order by sie1_0.display_order
2025-11-20 20:40:49 - select sie1_0.id,sie1_0.alt_text,sie1_0.created_at,sie1_0.display_order,sie1_0.is_primary,sie1_0.space_id,sie1_0.url from catalog.space_images sie1_0 left join catalog.spaces s1_0 on s1_0.id=sie1_0.space_id where s1_0.id=? order by sie1_0.display_order
2025-11-20 20:40:49 - select sie1_0.id,sie1_0.alt_text,sie1_0.created_at,sie1_0.display_order,sie1_0.is_primary,sie1_0.space_id,sie1_0.url from catalog.space_images sie1_0 left join catalog.spaces s1_0 on s1_0.id=sie1_0.space_id where s1_0.id=? order by sie1_0.display_order
2025-11-20 20:40:49 - select sie1_0.id,sie1_0.alt_text,sie1_0.created_at,sie1_0.display_order,sie1_0.is_primary,sie1_0.space_id,sie1_0.url from catalog.space_images sie1_0 left join catalog.spaces s1_0 on s1_0.id=sie1_0.space_id where s1_0.id=? order by sie1_0.display_order
2025-11-20 20:40:49 - select sie1_0.id,sie1_0.alt_text,sie1_0.created_at,sie1_0.display_order,sie1_0.is_primary,sie1_0.space_id,sie1_0.url from catalog.space_images sie1_0 left join catalog.spaces s1_0 on s1_0.id=sie1_0.space_id where s1_0.id=? order by sie1_0.display_order
2025-11-20 20:40:49 - select sie1_0.id,sie1_0.alt_text,sie1_0.created_at,sie1_0.display_order,sie1_0.is_primary,sie1_0.space_id,sie1_0.url from catalog.space_images sie1_0 left join catalog.spaces s1_0 on s1_0.id=sie1_0.space_id where s1_0.id=? order by sie1_0.display_order
2025-11-20 20:40:49 - select sie1_0.id,sie1_0.alt_text,sie1_0.created_at,sie1_0.display_order,sie1_0.is_primary,sie1_0.space_id,sie1_0.url from catalog.space_images sie1_0 left join catalog.spaces s1_0 on s1_0.id=sie1_0.space_id where s1_0.id=? order by sie1_0.display_order
2025-11-20 20:40:49 - select sie1_0.id,sie1_0.alt_text,sie1_0.created_at,sie1_0.display_order,sie1_0.is_primary,sie1_0.space_id,sie1_0.url from catalog.space_images sie1_0 left join catalog.spaces s1_0 on s1_0.id=sie1_0.space_id where s1_0.id=? order by sie1_0.display_order
2025-11-20 20:40:49 - select sie1_0.id,sie1_0.alt_text,sie1_0.created_at,sie1_0.display_order,sie1_0.is_primary,sie1_0.space_id,sie1_0.url from catalog.space_images sie1_0 left join catalog.spaces s1_0 on s1_0.id=sie1_0.space_id where s1_0.id=? order by sie1_0.display_order
2025-11-20 20:40:49 - select sie1_0.id,sie1_0.alt_text,sie1_0.created_at,sie1_0.display_order,sie1_0.is_primary,sie1_0.space_id,sie1_0.url from catalog.space_images sie1_0 left join catalog.spaces s1_0 on s1_0.id=sie1_0.space_id where s1_0.id=? order by sie1_0.display_order
2025-11-20 20:40:49 - select sie1_0.id,sie1_0.alt_text,sie1_0.created_at,sie1_0.display_order,sie1_0.is_primary,sie1_0.space_id,sie1_0.url from catalog.space_images sie1_0 left join catalog.spaces s1_0 on s1_0.id=sie1_0.space_id where s1_0.id=? order by sie1_0.display_order
2025-11-20 20:40:49 - select sie1_0.id,sie1_0.alt_text,sie1_0.created_at,sie1_0.display_order,sie1_0.is_primary,sie1_0.space_id,sie1_0.url from catalog.space_images sie1_0 left join catalog.spaces s1_0 on s1_0.id=sie1_0.space_id where s1_0.id=? order by sie1_0.display_order
2025-11-20 20:40:49 - select sie1_0.id,sie1_0.alt_text,sie1_0.created_at,sie1_0.display_order,sie1_0.is_primary,sie1_0.space_id,sie1_0.url from catalog.space_images sie1_0 left join catalog.spaces s1_0 on s1_0.id=sie1_0.space_id where s1_0.id=? order by sie1_0.display_order
2025-11-20 20:40:49 - select sie1_0.id,sie1_0.alt_text,sie1_0.created_at,sie1_0.display_order,sie1_0.is_primary,sie1_0.space_id,sie1_0.url from catalog.space_images sie1_0 left join catalog.spaces s1_0 on s1_0.id=sie1_0.space_id where s1_0.id=? order by sie1_0.display_order
2025-11-20 20:40:49 - select sie1_0.id,sie1_0.alt_text,sie1_0.created_at,sie1_0.display_order,sie1_0.is_primary,sie1_0.space_id,sie1_0.url from catalog.space_images sie1_0 left join catalog.spaces s1_0 on s1_0.id=sie1_0.space_id where s1_0.id=? order by sie1_0.display_order
2025-11-20 20:40:49 - select sie1_0.id,sie1_0.alt_text,sie1_0.created_at,sie1_0.display_order,sie1_0.is_primary,sie1_0.space_id,sie1_0.url from catalog.space_images sie1_0 left join catalog.spaces s1_0 on s1_0.id=sie1_0.space_id where s1_0.id=? order by sie1_0.display_order
2025-11-20 20:40:49 - select sie1_0.id,sie1_0.alt_text,sie1_0.created_at,sie1_0.display_order,sie1_0.is_primary,sie1_0.space_id,sie1_0.url from catalog.space_images sie1_0 left join catalog.spaces s1_0 on s1_0.id=sie1_0.space_id where s1_0.id=? order by sie1_0.display_order
2025-11-20 20:40:49 - select sie1_0.id,sie1_0.alt_text,sie1_0.created_at,sie1_0.display_order,sie1_0.is_primary,sie1_0.space_id,sie1_0.url from catalog.space_images sie1_0 left join catalog.spaces s1_0 on s1_0.id=sie1_0.space_id where s1_0.id=? order by sie1_0.display_order
2025-11-20 20:40:49 - select sie1_0.id,sie1_0.alt_text,sie1_0.created_at,sie1_0.display_order,sie1_0.is_primary,sie1_0.space_id,sie1_0.url from catalog.space_images sie1_0 left join catalog.spaces s1_0 on s1_0.id=sie1_0.space_id where s1_0.id=? order by sie1_0.display_order
2025-11-20 20:40:49 - select sie1_0.id,sie1_0.alt_text,sie1_0.created_at,sie1_0.display_order,sie1_0.is_primary,sie1_0.space_id,sie1_0.url from catalog.space_images sie1_0 left join catalog.spaces s1_0 on s1_0.id=sie1_0.space_id where s1_0.id=? order by sie1_0.display_order
2025-11-20 20:40:49 - select sie1_0.id,sie1_0.alt_text,sie1_0.created_at,sie1_0.display_order,sie1_0.is_primary,sie1_0.space_id,sie1_0.url from catalog.space_images sie1_0 left join catalog.spaces s1_0 on s1_0.id=sie1_0.space_id where s1_0.id=? order by sie1_0.display_order
2025-11-20 20:40:49 - select sie1_0.id,sie1_0.alt_text,sie1_0.created_at,sie1_0.display_order,sie1_0.is_primary,sie1_0.space_id,sie1_0.url from catalog.space_images sie1_0 left join catalog.spaces s1_0 on s1_0.id=sie1_0.space_id where s1_0.id=? order by sie1_0.display_order
2025-11-20 20:40:49 - select sie1_0.id,sie1_0.alt_text,sie1_0.created_at,sie1_0.display_order,sie1_0.is_primary,sie1_0.space_id,sie1_0.url from catalog.space_images sie1_0 left join catalog.spaces s1_0 on s1_0.id=sie1_0.space_id where s1_0.id=? order by sie1_0.display_order
2025-11-20 20:40:49 - select sie1_0.id,sie1_0.alt_text,sie1_0.created_at,sie1_0.display_order,sie1_0.is_primary,sie1_0.space_id,sie1_0.url from catalog.space_images sie1_0 left join catalog.spaces s1_0 on s1_0.id=sie1_0.space_id where s1_0.id=? order by sie1_0.display_order
2025-11-20 20:40:49 - select sie1_0.id,sie1_0.alt_text,sie1_0.created_at,sie1_0.display_order,sie1_0.is_primary,sie1_0.space_id,sie1_0.url from catalog.space_images sie1_0 left join catalog.spaces s1_0 on s1_0.id=sie1_0.space_id where s1_0.id=? order by sie1_0.display_order
2025-11-20 20:40:49 - select se1_0.id,se1_0.address,se1_0.amenities,se1_0.area_sqm,se1_0.base_price_cents,se1_0.capacity,se1_0.created_at,se1_0.description,se1_0.lat,se1_0.lon,se1_0.owner_id,se1_0.rules,se1_0.status,se1_0.title,se1_0.updated_at from catalog.spaces se1_0 where se1_0.id=?
2025-11-20 20:40:49 - select sie1_0.id,sie1_0.alt_text,sie1_0.created_at,sie1_0.display_order,sie1_0.is_primary,sie1_0.space_id,sie1_0.url from catalog.space_images sie1_0 left join catalog.spaces s1_0 on s1_0.id=sie1_0.space_id where s1_0.id=? order by sie1_0.display_order
2025-11-20 20:40:49 - Error caching key 'space:29bf19db-ccba-424c-b9f6-fbe8bc75bad4': Could not write JSON: Java 8 date/time type `java.time.LocalDateTime` not supported by default: add Module "com.fasterxml.jackson.datatype:jackson-datatype-jsr310" to enable handling (or disable `MapperFeature.REQUIRE_HANDLERS_FOR_JAVA8_TIMES`) (through reference chain: com.balconazo.catalog_microservice.dto.SpaceDTO["createdAt"])
2025-11-20 20:40:49 - No JWT token found in request to: /api/catalog/spaces - returning 401 UNAUTHORIZED
2025-11-20 20:40:50 - select se1_0.id,se1_0.address,se1_0.amenities,se1_0.area_sqm,se1_0.base_price_cents,se1_0.capacity,se1_0.created_at,se1_0.description,se1_0.lat,se1_0.lon,se1_0.owner_id,se1_0.rules,se1_0.status,se1_0.title,se1_0.updated_at from catalog.spaces se1_0 where se1_0.id=?
2025-11-20 20:40:50 - select sie1_0.id,sie1_0.alt_text,sie1_0.created_at,sie1_0.display_order,sie1_0.is_primary,sie1_0.space_id,sie1_0.url from catalog.space_images sie1_0 left join catalog.spaces s1_0 on s1_0.id=sie1_0.space_id where s1_0.id=? order by sie1_0.display_order
2025-11-20 20:40:50 - Error caching key 'space:29bf19db-ccba-424c-b9f6-fbe8bc75bad4': Could not write JSON: Java 8 date/time type `java.time.LocalDateTime` not supported by default: add Module "com.fasterxml.jackson.datatype:jackson-datatype-jsr310" to enable handling (or disable `MapperFeature.REQUIRE_HANDLERS_FOR_JAVA8_TIMES`) (through reference chain: com.balconazo.catalog_microservice.dto.SpaceDTO["createdAt"])
2025-11-20 20:40:50 - select se1_0.id,se1_0.address,se1_0.amenities,se1_0.area_sqm,se1_0.base_price_cents,se1_0.capacity,se1_0.created_at,se1_0.description,se1_0.lat,se1_0.lon,se1_0.owner_id,se1_0.rules,se1_0.status,se1_0.title,se1_0.updated_at from catalog.spaces se1_0 where se1_0.id=?
2025-11-20 20:40:50 - update catalog.spaces set address=?,amenities=?,area_sqm=?,base_price_cents=?,capacity=?,description=?,lat=?,lon=?,owner_id=?,rules=?,status=?,title=?,updated_at=? where id=?
2025-11-20 20:40:50 - select se1_0.id,se1_0.address,se1_0.amenities,se1_0.area_sqm,se1_0.base_price_cents,se1_0.capacity,se1_0.created_at,se1_0.description,se1_0.lat,se1_0.lon,se1_0.owner_id,se1_0.rules,se1_0.status,se1_0.title,se1_0.updated_at from catalog.spaces se1_0 where se1_0.id=?
2025-11-20 20:40:50 - select sie1_0.id,sie1_0.alt_text,sie1_0.created_at,sie1_0.display_order,sie1_0.is_primary,sie1_0.space_id,sie1_0.url from catalog.space_images sie1_0 left join catalog.spaces s1_0 on s1_0.id=sie1_0.space_id where s1_0.id=? order by sie1_0.display_order
2025-11-20 20:40:50 - Error caching key 'space:29bf19db-ccba-424c-b9f6-fbe8bc75bad4': Could not write JSON: Java 8 date/time type `java.time.LocalDateTime` not supported by default: add Module "com.fasterxml.jackson.datatype:jackson-datatype-jsr310" to enable handling (or disable `MapperFeature.REQUIRE_HANDLERS_FOR_JAVA8_TIMES`) (through reference chain: com.balconazo.catalog_microservice.dto.SpaceDTO["createdAt"])
2025-11-20 20:40:50 - No JWT token found in request to: /api/catalog/spaces/29bf19db-ccba-424c-b9f6-fbe8bc75bad4 - returning 401 UNAUTHORIZED
2025-11-20 20:40:50 - select se1_0.id,se1_0.address,se1_0.amenities,se1_0.area_sqm,se1_0.base_price_cents,se1_0.capacity,se1_0.created_at,se1_0.description,se1_0.lat,se1_0.lon,se1_0.owner_id,se1_0.rules,se1_0.status,se1_0.title,se1_0.updated_at from catalog.spaces se1_0 where se1_0.id=?
2025-11-20 20:40:50 - select sie1_0.id,sie1_0.alt_text,sie1_0.created_at,sie1_0.display_order,sie1_0.is_primary,sie1_0.space_id,sie1_0.url from catalog.space_images sie1_0 left join catalog.spaces s1_0 on s1_0.id=sie1_0.space_id where s1_0.id=? order by sie1_0.display_order
2025-11-20 20:40:50 - Error caching key 'space:ccb3c56b-a695-40a9-863f-945859516c62': Could not write JSON: Java 8 date/time type `java.time.LocalDateTime` not supported by default: add Module "com.fasterxml.jackson.datatype:jackson-datatype-jsr310" to enable handling (or disable `MapperFeature.REQUIRE_HANDLERS_FOR_JAVA8_TIMES`) (through reference chain: com.balconazo.catalog_microservice.dto.SpaceDTO["createdAt"])
2025-11-20 20:40:50 - select se1_0.id,se1_0.address,se1_0.amenities,se1_0.area_sqm,se1_0.base_price_cents,se1_0.capacity,se1_0.created_at,se1_0.description,se1_0.lat,se1_0.lon,se1_0.owner_id,se1_0.rules,se1_0.status,se1_0.title,se1_0.updated_at from catalog.spaces se1_0 where se1_0.id=?
2025-11-20 20:40:50 - update catalog.spaces set address=?,amenities=?,area_sqm=?,base_price_cents=?,capacity=?,description=?,lat=?,lon=?,owner_id=?,rules=?,status=?,title=?,updated_at=? where id=?
2025-11-20 20:40:50 - select se1_0.id,se1_0.address,se1_0.amenities,se1_0.area_sqm,se1_0.base_price_cents,se1_0.capacity,se1_0.created_at,se1_0.description,se1_0.lat,se1_0.lon,se1_0.owner_id,se1_0.rules,se1_0.status,se1_0.title,se1_0.updated_at from catalog.spaces se1_0 where se1_0.id=?
2025-11-20 20:40:50 - select sie1_0.id,sie1_0.alt_text,sie1_0.created_at,sie1_0.display_order,sie1_0.is_primary,sie1_0.space_id,sie1_0.url from catalog.space_images sie1_0 left join catalog.spaces s1_0 on s1_0.id=sie1_0.space_id where s1_0.id=? order by sie1_0.display_order
2025-11-20 20:40:50 - Error caching key 'space:ccb3c56b-a695-40a9-863f-945859516c62': Could not write JSON: Java 8 date/time type `java.time.LocalDateTime` not supported by default: add Module "com.fasterxml.jackson.datatype:jackson-datatype-jsr310" to enable handling (or disable `MapperFeature.REQUIRE_HANDLERS_FOR_JAVA8_TIMES`) (through reference chain: com.balconazo.catalog_microservice.dto.SpaceDTO["createdAt"])
2025-11-20 20:40:50 - select se1_0.id,se1_0.address,se1_0.amenities,se1_0.area_sqm,se1_0.base_price_cents,se1_0.capacity,se1_0.created_at,se1_0.description,se1_0.lat,se1_0.lon,se1_0.owner_id,se1_0.rules,se1_0.status,se1_0.title,se1_0.updated_at from catalog.spaces se1_0 where se1_0.id=?
2025-11-20 20:40:50 - select sie1_0.id,sie1_0.alt_text,sie1_0.created_at,sie1_0.display_order,sie1_0.is_primary,sie1_0.space_id,sie1_0.url from catalog.space_images sie1_0 left join catalog.spaces s1_0 on s1_0.id=sie1_0.space_id where s1_0.id=? order by sie1_0.display_order
2025-11-20 20:40:50 - Error caching key 'space:29bf19db-ccba-424c-b9f6-fbe8bc75bad4': Could not write JSON: Java 8 date/time type `java.time.LocalDateTime` not supported by default: add Module "com.fasterxml.jackson.datatype:jackson-datatype-jsr310" to enable handling (or disable `MapperFeature.REQUIRE_HANDLERS_FOR_JAVA8_TIMES`) (through reference chain: com.balconazo.catalog_microservice.dto.SpaceDTO["createdAt"])
2025-11-20 20:40:50 - No JWT token found in request to: /api/catalog/spaces/29bf19db-ccba-424c-b9f6-fbe8bc75bad4 - returning 401 UNAUTHORIZED
2025-11-20 20:42:17 - Resolving eureka endpoints via configuration
2025-11-20 20:47:17 - Resolving eureka endpoints via configuration
2025-11-20 20:52:17 - Resolving eureka endpoints via configuration
2025-11-20 20:57:17 - Resolving eureka endpoints via configuration
2025-11-20 21:02:17 - Resolving eureka endpoints via configuration
2025-11-20 21:07:17 - Resolving eureka endpoints via configuration
2025-11-20 21:12:17 - Resolving eureka endpoints via configuration
2025-11-20 21:17:17 - Resolving eureka endpoints via configuration
2025-11-20 21:22:17 - Resolving eureka endpoints via configuration
2025-11-20 21:27:17 - Resolving eureka endpoints via configuration
2025-11-20 21:32:17 - Resolving eureka endpoints via configuration
2025-11-20 21:37:17 - Resolving eureka endpoints via configuration
2025-11-20 21:42:17 - Resolving eureka endpoints via configuration
2025-11-20 21:47:17 - Resolving eureka endpoints via configuration
2025-11-20 21:52:17 - Resolving eureka endpoints via configuration
2025-11-20 21:57:17 - Resolving eureka endpoints via configuration
2025-11-20 22:02:17 - Resolving eureka endpoints via configuration
2025-11-20 22:06:01 - Espacio creado con estado ACTIVE: a33f1e43-3850-4c85-a136-c18faa1e955d por usuario: 9a212adb-5c08-46df-9b4e-7fb4d2adebbc
2025-11-20 22:06:01 - Usuario 9a212adb-5c08-46df-9b4e-7fb4d2adebbc promovido a host exitosamente
2025-11-20 22:06:01 - Publicando evento SpaceCreated para espacio: a33f1e43-3850-4c85-a136-c18faa1e955d
2025-11-20 22:06:01 - Evento SpaceCreated publicado exitosamente: a33f1e43-3850-4c85-a136-c18faa1e955d
2025-11-20 22:06:01 - insert into catalog.spaces (address,amenities,area_sqm,base_price_cents,capacity,created_at,description,lat,lon,owner_id,rules,status,title,updated_at,id) values (?,?,?,?,?,?,?,?,?,?,?,?,?,?,?)
2025-11-20 22:06:03 - Espacio creado con estado ACTIVE: b399557e-def9-4044-9063-5e8522a3c86d por usuario: 9a212adb-5c08-46df-9b4e-7fb4d2adebbc
2025-11-20 22:06:03 - Usuario 9a212adb-5c08-46df-9b4e-7fb4d2adebbc promovido a host exitosamente
2025-11-20 22:06:03 - Publicando evento SpaceCreated para espacio: b399557e-def9-4044-9063-5e8522a3c86d
2025-11-20 22:06:03 - Evento SpaceCreated publicado exitosamente: b399557e-def9-4044-9063-5e8522a3c86d
2025-11-20 22:06:03 - insert into catalog.spaces (address,amenities,area_sqm,base_price_cents,capacity,created_at,description,lat,lon,owner_id,rules,status,title,updated_at,id) values (?,?,?,?,?,?,?,?,?,?,?,?,?,?,?)
2025-11-20 22:06:04 - Espacio creado con estado ACTIVE: de33c5f6-a445-4360-9fad-5c7f4fcc466e por usuario: 764cc2e7-4403-44f4-b9aa-33298a19a9a2
2025-11-20 22:06:04 - Usuario 764cc2e7-4403-44f4-b9aa-33298a19a9a2 promovido a host exitosamente
2025-11-20 22:06:04 - Publicando evento SpaceCreated para espacio: de33c5f6-a445-4360-9fad-5c7f4fcc466e
2025-11-20 22:06:04 - Evento SpaceCreated publicado exitosamente: de33c5f6-a445-4360-9fad-5c7f4fcc466e
2025-11-20 22:06:04 - insert into catalog.spaces (address,amenities,area_sqm,base_price_cents,capacity,created_at,description,lat,lon,owner_id,rules,status,title,updated_at,id) values (?,?,?,?,?,?,?,?,?,?,?,?,?,?,?)
2025-11-20 22:06:06 - No JWT token found in request to: /api/catalog/spaces - returning 401 UNAUTHORIZED
2025-11-20 22:06:06 - select se1_0.id,se1_0.address,se1_0.amenities,se1_0.area_sqm,se1_0.base_price_cents,se1_0.capacity,se1_0.created_at,se1_0.description,se1_0.lat,se1_0.lon,se1_0.owner_id,se1_0.rules,se1_0.status,se1_0.title,se1_0.updated_at from catalog.spaces se1_0 where se1_0.status=?
2025-11-20 22:06:06 - select sie1_0.id,sie1_0.alt_text,sie1_0.created_at,sie1_0.display_order,sie1_0.is_primary,sie1_0.space_id,sie1_0.url from catalog.space_images sie1_0 left join catalog.spaces s1_0 on s1_0.id=sie1_0.space_id where s1_0.id=? order by sie1_0.display_order
2025-11-20 22:06:06 - select sie1_0.id,sie1_0.alt_text,sie1_0.created_at,sie1_0.display_order,sie1_0.is_primary,sie1_0.space_id,sie1_0.url from catalog.space_images sie1_0 left join catalog.spaces s1_0 on s1_0.id=sie1_0.space_id where s1_0.id=? order by sie1_0.display_order
2025-11-20 22:06:06 - select sie1_0.id,sie1_0.alt_text,sie1_0.created_at,sie1_0.display_order,sie1_0.is_primary,sie1_0.space_id,sie1_0.url from catalog.space_images sie1_0 left join catalog.spaces s1_0 on s1_0.id=sie1_0.space_id where s1_0.id=? order by sie1_0.display_order
2025-11-20 22:06:06 - select sie1_0.id,sie1_0.alt_text,sie1_0.created_at,sie1_0.display_order,sie1_0.is_primary,sie1_0.space_id,sie1_0.url from catalog.space_images sie1_0 left join catalog.spaces s1_0 on s1_0.id=sie1_0.space_id where s1_0.id=? order by sie1_0.display_order
2025-11-20 22:06:06 - select sie1_0.id,sie1_0.alt_text,sie1_0.created_at,sie1_0.display_order,sie1_0.is_primary,sie1_0.space_id,sie1_0.url from catalog.space_images sie1_0 left join catalog.spaces s1_0 on s1_0.id=sie1_0.space_id where s1_0.id=? order by sie1_0.display_order
2025-11-20 22:06:06 - select sie1_0.id,sie1_0.alt_text,sie1_0.created_at,sie1_0.display_order,sie1_0.is_primary,sie1_0.space_id,sie1_0.url from catalog.space_images sie1_0 left join catalog.spaces s1_0 on s1_0.id=sie1_0.space_id where s1_0.id=? order by sie1_0.display_order
2025-11-20 22:06:06 - select sie1_0.id,sie1_0.alt_text,sie1_0.created_at,sie1_0.display_order,sie1_0.is_primary,sie1_0.space_id,sie1_0.url from catalog.space_images sie1_0 left join catalog.spaces s1_0 on s1_0.id=sie1_0.space_id where s1_0.id=? order by sie1_0.display_order
2025-11-20 22:06:06 - select sie1_0.id,sie1_0.alt_text,sie1_0.created_at,sie1_0.display_order,sie1_0.is_primary,sie1_0.space_id,sie1_0.url from catalog.space_images sie1_0 left join catalog.spaces s1_0 on s1_0.id=sie1_0.space_id where s1_0.id=? order by sie1_0.display_order
2025-11-20 22:06:06 - select sie1_0.id,sie1_0.alt_text,sie1_0.created_at,sie1_0.display_order,sie1_0.is_primary,sie1_0.space_id,sie1_0.url from catalog.space_images sie1_0 left join catalog.spaces s1_0 on s1_0.id=sie1_0.space_id where s1_0.id=? order by sie1_0.display_order
2025-11-20 22:06:06 - select sie1_0.id,sie1_0.alt_text,sie1_0.created_at,sie1_0.display_order,sie1_0.is_primary,sie1_0.space_id,sie1_0.url from catalog.space_images sie1_0 left join catalog.spaces s1_0 on s1_0.id=sie1_0.space_id where s1_0.id=? order by sie1_0.display_order
2025-11-20 22:06:06 - select sie1_0.id,sie1_0.alt_text,sie1_0.created_at,sie1_0.display_order,sie1_0.is_primary,sie1_0.space_id,sie1_0.url from catalog.space_images sie1_0 left join catalog.spaces s1_0 on s1_0.id=sie1_0.space_id where s1_0.id=? order by sie1_0.display_order
2025-11-20 22:06:06 - select sie1_0.id,sie1_0.alt_text,sie1_0.created_at,sie1_0.display_order,sie1_0.is_primary,sie1_0.space_id,sie1_0.url from catalog.space_images sie1_0 left join catalog.spaces s1_0 on s1_0.id=sie1_0.space_id where s1_0.id=? order by sie1_0.display_order
2025-11-20 22:06:06 - select sie1_0.id,sie1_0.alt_text,sie1_0.created_at,sie1_0.display_order,sie1_0.is_primary,sie1_0.space_id,sie1_0.url from catalog.space_images sie1_0 left join catalog.spaces s1_0 on s1_0.id=sie1_0.space_id where s1_0.id=? order by sie1_0.display_order
2025-11-20 22:06:06 - select sie1_0.id,sie1_0.alt_text,sie1_0.created_at,sie1_0.display_order,sie1_0.is_primary,sie1_0.space_id,sie1_0.url from catalog.space_images sie1_0 left join catalog.spaces s1_0 on s1_0.id=sie1_0.space_id where s1_0.id=? order by sie1_0.display_order
2025-11-20 22:06:06 - select sie1_0.id,sie1_0.alt_text,sie1_0.created_at,sie1_0.display_order,sie1_0.is_primary,sie1_0.space_id,sie1_0.url from catalog.space_images sie1_0 left join catalog.spaces s1_0 on s1_0.id=sie1_0.space_id where s1_0.id=? order by sie1_0.display_order
2025-11-20 22:06:06 - select sie1_0.id,sie1_0.alt_text,sie1_0.created_at,sie1_0.display_order,sie1_0.is_primary,sie1_0.space_id,sie1_0.url from catalog.space_images sie1_0 left join catalog.spaces s1_0 on s1_0.id=sie1_0.space_id where s1_0.id=? order by sie1_0.display_order
2025-11-20 22:06:06 - select sie1_0.id,sie1_0.alt_text,sie1_0.created_at,sie1_0.display_order,sie1_0.is_primary,sie1_0.space_id,sie1_0.url from catalog.space_images sie1_0 left join catalog.spaces s1_0 on s1_0.id=sie1_0.space_id where s1_0.id=? order by sie1_0.display_order
2025-11-20 22:06:06 - select sie1_0.id,sie1_0.alt_text,sie1_0.created_at,sie1_0.display_order,sie1_0.is_primary,sie1_0.space_id,sie1_0.url from catalog.space_images sie1_0 left join catalog.spaces s1_0 on s1_0.id=sie1_0.space_id where s1_0.id=? order by sie1_0.display_order
2025-11-20 22:06:06 - select sie1_0.id,sie1_0.alt_text,sie1_0.created_at,sie1_0.display_order,sie1_0.is_primary,sie1_0.space_id,sie1_0.url from catalog.space_images sie1_0 left join catalog.spaces s1_0 on s1_0.id=sie1_0.space_id where s1_0.id=? order by sie1_0.display_order
2025-11-20 22:06:06 - select sie1_0.id,sie1_0.alt_text,sie1_0.created_at,sie1_0.display_order,sie1_0.is_primary,sie1_0.space_id,sie1_0.url from catalog.space_images sie1_0 left join catalog.spaces s1_0 on s1_0.id=sie1_0.space_id where s1_0.id=? order by sie1_0.display_order
2025-11-20 22:06:06 - select sie1_0.id,sie1_0.alt_text,sie1_0.created_at,sie1_0.display_order,sie1_0.is_primary,sie1_0.space_id,sie1_0.url from catalog.space_images sie1_0 left join catalog.spaces s1_0 on s1_0.id=sie1_0.space_id where s1_0.id=? order by sie1_0.display_order
2025-11-20 22:06:06 - select sie1_0.id,sie1_0.alt_text,sie1_0.created_at,sie1_0.display_order,sie1_0.is_primary,sie1_0.space_id,sie1_0.url from catalog.space_images sie1_0 left join catalog.spaces s1_0 on s1_0.id=sie1_0.space_id where s1_0.id=? order by sie1_0.display_order
2025-11-20 22:06:06 - select sie1_0.id,sie1_0.alt_text,sie1_0.created_at,sie1_0.display_order,sie1_0.is_primary,sie1_0.space_id,sie1_0.url from catalog.space_images sie1_0 left join catalog.spaces s1_0 on s1_0.id=sie1_0.space_id where s1_0.id=? order by sie1_0.display_order
2025-11-20 22:06:06 - select sie1_0.id,sie1_0.alt_text,sie1_0.created_at,sie1_0.display_order,sie1_0.is_primary,sie1_0.space_id,sie1_0.url from catalog.space_images sie1_0 left join catalog.spaces s1_0 on s1_0.id=sie1_0.space_id where s1_0.id=? order by sie1_0.display_order
2025-11-20 22:06:06 - select sie1_0.id,sie1_0.alt_text,sie1_0.created_at,sie1_0.display_order,sie1_0.is_primary,sie1_0.space_id,sie1_0.url from catalog.space_images sie1_0 left join catalog.spaces s1_0 on s1_0.id=sie1_0.space_id where s1_0.id=? order by sie1_0.display_order
2025-11-20 22:06:06 - select sie1_0.id,sie1_0.alt_text,sie1_0.created_at,sie1_0.display_order,sie1_0.is_primary,sie1_0.space_id,sie1_0.url from catalog.space_images sie1_0 left join catalog.spaces s1_0 on s1_0.id=sie1_0.space_id where s1_0.id=? order by sie1_0.display_order
2025-11-20 22:06:06 - select sie1_0.id,sie1_0.alt_text,sie1_0.created_at,sie1_0.display_order,sie1_0.is_primary,sie1_0.space_id,sie1_0.url from catalog.space_images sie1_0 left join catalog.spaces s1_0 on s1_0.id=sie1_0.space_id where s1_0.id=? order by sie1_0.display_order
2025-11-20 22:06:06 - select sie1_0.id,sie1_0.alt_text,sie1_0.created_at,sie1_0.display_order,sie1_0.is_primary,sie1_0.space_id,sie1_0.url from catalog.space_images sie1_0 left join catalog.spaces s1_0 on s1_0.id=sie1_0.space_id where s1_0.id=? order by sie1_0.display_order
2025-11-20 22:06:06 - select sie1_0.id,sie1_0.alt_text,sie1_0.created_at,sie1_0.display_order,sie1_0.is_primary,sie1_0.space_id,sie1_0.url from catalog.space_images sie1_0 left join catalog.spaces s1_0 on s1_0.id=sie1_0.space_id where s1_0.id=? order by sie1_0.display_order
2025-11-20 22:06:06 - select sie1_0.id,sie1_0.alt_text,sie1_0.created_at,sie1_0.display_order,sie1_0.is_primary,sie1_0.space_id,sie1_0.url from catalog.space_images sie1_0 left join catalog.spaces s1_0 on s1_0.id=sie1_0.space_id where s1_0.id=? order by sie1_0.display_order
2025-11-20 22:06:06 - select sie1_0.id,sie1_0.alt_text,sie1_0.created_at,sie1_0.display_order,sie1_0.is_primary,sie1_0.space_id,sie1_0.url from catalog.space_images sie1_0 left join catalog.spaces s1_0 on s1_0.id=sie1_0.space_id where s1_0.id=? order by sie1_0.display_order
2025-11-20 22:06:06 - select sie1_0.id,sie1_0.alt_text,sie1_0.created_at,sie1_0.display_order,sie1_0.is_primary,sie1_0.space_id,sie1_0.url from catalog.space_images sie1_0 left join catalog.spaces s1_0 on s1_0.id=sie1_0.space_id where s1_0.id=? order by sie1_0.display_order
2025-11-20 22:06:06 - select sie1_0.id,sie1_0.alt_text,sie1_0.created_at,sie1_0.display_order,sie1_0.is_primary,sie1_0.space_id,sie1_0.url from catalog.space_images sie1_0 left join catalog.spaces s1_0 on s1_0.id=sie1_0.space_id where s1_0.id=? order by sie1_0.display_order
2025-11-20 22:06:06 - select sie1_0.id,sie1_0.alt_text,sie1_0.created_at,sie1_0.display_order,sie1_0.is_primary,sie1_0.space_id,sie1_0.url from catalog.space_images sie1_0 left join catalog.spaces s1_0 on s1_0.id=sie1_0.space_id where s1_0.id=? order by sie1_0.display_order
2025-11-20 22:06:06 - select sie1_0.id,sie1_0.alt_text,sie1_0.created_at,sie1_0.display_order,sie1_0.is_primary,sie1_0.space_id,sie1_0.url from catalog.space_images sie1_0 left join catalog.spaces s1_0 on s1_0.id=sie1_0.space_id where s1_0.id=? order by sie1_0.display_order
2025-11-20 22:06:06 - select sie1_0.id,sie1_0.alt_text,sie1_0.created_at,sie1_0.display_order,sie1_0.is_primary,sie1_0.space_id,sie1_0.url from catalog.space_images sie1_0 left join catalog.spaces s1_0 on s1_0.id=sie1_0.space_id where s1_0.id=? order by sie1_0.display_order
2025-11-20 22:06:06 - select sie1_0.id,sie1_0.alt_text,sie1_0.created_at,sie1_0.display_order,sie1_0.is_primary,sie1_0.space_id,sie1_0.url from catalog.space_images sie1_0 left join catalog.spaces s1_0 on s1_0.id=sie1_0.space_id where s1_0.id=? order by sie1_0.display_order
2025-11-20 22:06:06 - select sie1_0.id,sie1_0.alt_text,sie1_0.created_at,sie1_0.display_order,sie1_0.is_primary,sie1_0.space_id,sie1_0.url from catalog.space_images sie1_0 left join catalog.spaces s1_0 on s1_0.id=sie1_0.space_id where s1_0.id=? order by sie1_0.display_order
2025-11-20 22:06:06 - select sie1_0.id,sie1_0.alt_text,sie1_0.created_at,sie1_0.display_order,sie1_0.is_primary,sie1_0.space_id,sie1_0.url from catalog.space_images sie1_0 left join catalog.spaces s1_0 on s1_0.id=sie1_0.space_id where s1_0.id=? order by sie1_0.display_order
2025-11-20 22:06:06 - select sie1_0.id,sie1_0.alt_text,sie1_0.created_at,sie1_0.display_order,sie1_0.is_primary,sie1_0.space_id,sie1_0.url from catalog.space_images sie1_0 left join catalog.spaces s1_0 on s1_0.id=sie1_0.space_id where s1_0.id=? order by sie1_0.display_order
2025-11-20 22:06:06 - select sie1_0.id,sie1_0.alt_text,sie1_0.created_at,sie1_0.display_order,sie1_0.is_primary,sie1_0.space_id,sie1_0.url from catalog.space_images sie1_0 left join catalog.spaces s1_0 on s1_0.id=sie1_0.space_id where s1_0.id=? order by sie1_0.display_order
2025-11-20 22:06:06 - select sie1_0.id,sie1_0.alt_text,sie1_0.created_at,sie1_0.display_order,sie1_0.is_primary,sie1_0.space_id,sie1_0.url from catalog.space_images sie1_0 left join catalog.spaces s1_0 on s1_0.id=sie1_0.space_id where s1_0.id=? order by sie1_0.display_order
2025-11-20 22:06:06 - select sie1_0.id,sie1_0.alt_text,sie1_0.created_at,sie1_0.display_order,sie1_0.is_primary,sie1_0.space_id,sie1_0.url from catalog.space_images sie1_0 left join catalog.spaces s1_0 on s1_0.id=sie1_0.space_id where s1_0.id=? order by sie1_0.display_order
2025-11-20 22:06:06 - select sie1_0.id,sie1_0.alt_text,sie1_0.created_at,sie1_0.display_order,sie1_0.is_primary,sie1_0.space_id,sie1_0.url from catalog.space_images sie1_0 left join catalog.spaces s1_0 on s1_0.id=sie1_0.space_id where s1_0.id=? order by sie1_0.display_order
2025-11-20 22:06:06 - select sie1_0.id,sie1_0.alt_text,sie1_0.created_at,sie1_0.display_order,sie1_0.is_primary,sie1_0.space_id,sie1_0.url from catalog.space_images sie1_0 left join catalog.spaces s1_0 on s1_0.id=sie1_0.space_id where s1_0.id=? order by sie1_0.display_order
2025-11-20 22:06:06 - select sie1_0.id,sie1_0.alt_text,sie1_0.created_at,sie1_0.display_order,sie1_0.is_primary,sie1_0.space_id,sie1_0.url from catalog.space_images sie1_0 left join catalog.spaces s1_0 on s1_0.id=sie1_0.space_id where s1_0.id=? order by sie1_0.display_order
2025-11-20 22:06:06 - select sie1_0.id,sie1_0.alt_text,sie1_0.created_at,sie1_0.display_order,sie1_0.is_primary,sie1_0.space_id,sie1_0.url from catalog.space_images sie1_0 left join catalog.spaces s1_0 on s1_0.id=sie1_0.space_id where s1_0.id=? order by sie1_0.display_order
2025-11-20 22:06:06 - select sie1_0.id,sie1_0.alt_text,sie1_0.created_at,sie1_0.display_order,sie1_0.is_primary,sie1_0.space_id,sie1_0.url from catalog.space_images sie1_0 left join catalog.spaces s1_0 on s1_0.id=sie1_0.space_id where s1_0.id=? order by sie1_0.display_order
2025-11-20 22:06:06 - select sie1_0.id,sie1_0.alt_text,sie1_0.created_at,sie1_0.display_order,sie1_0.is_primary,sie1_0.space_id,sie1_0.url from catalog.space_images sie1_0 left join catalog.spaces s1_0 on s1_0.id=sie1_0.space_id where s1_0.id=? order by sie1_0.display_order
2025-11-20 22:06:06 - select sie1_0.id,sie1_0.alt_text,sie1_0.created_at,sie1_0.display_order,sie1_0.is_primary,sie1_0.space_id,sie1_0.url from catalog.space_images sie1_0 left join catalog.spaces s1_0 on s1_0.id=sie1_0.space_id where s1_0.id=? order by sie1_0.display_order
2025-11-20 22:06:06 - select sie1_0.id,sie1_0.alt_text,sie1_0.created_at,sie1_0.display_order,sie1_0.is_primary,sie1_0.space_id,sie1_0.url from catalog.space_images sie1_0 left join catalog.spaces s1_0 on s1_0.id=sie1_0.space_id where s1_0.id=? order by sie1_0.display_order
2025-11-20 22:06:06 - select sie1_0.id,sie1_0.alt_text,sie1_0.created_at,sie1_0.display_order,sie1_0.is_primary,sie1_0.space_id,sie1_0.url from catalog.space_images sie1_0 left join catalog.spaces s1_0 on s1_0.id=sie1_0.space_id where s1_0.id=? order by sie1_0.display_order
2025-11-20 22:06:06 - select sie1_0.id,sie1_0.alt_text,sie1_0.created_at,sie1_0.display_order,sie1_0.is_primary,sie1_0.space_id,sie1_0.url from catalog.space_images sie1_0 left join catalog.spaces s1_0 on s1_0.id=sie1_0.space_id where s1_0.id=? order by sie1_0.display_order
2025-11-20 22:06:06 - select sie1_0.id,sie1_0.alt_text,sie1_0.created_at,sie1_0.display_order,sie1_0.is_primary,sie1_0.space_id,sie1_0.url from catalog.space_images sie1_0 left join catalog.spaces s1_0 on s1_0.id=sie1_0.space_id where s1_0.id=? order by sie1_0.display_order
2025-11-20 22:06:06 - select sie1_0.id,sie1_0.alt_text,sie1_0.created_at,sie1_0.display_order,sie1_0.is_primary,sie1_0.space_id,sie1_0.url from catalog.space_images sie1_0 left join catalog.spaces s1_0 on s1_0.id=sie1_0.space_id where s1_0.id=? order by sie1_0.display_order
2025-11-20 22:06:06 - select sie1_0.id,sie1_0.alt_text,sie1_0.created_at,sie1_0.display_order,sie1_0.is_primary,sie1_0.space_id,sie1_0.url from catalog.space_images sie1_0 left join catalog.spaces s1_0 on s1_0.id=sie1_0.space_id where s1_0.id=? order by sie1_0.display_order
2025-11-20 22:06:06 - select sie1_0.id,sie1_0.alt_text,sie1_0.created_at,sie1_0.display_order,sie1_0.is_primary,sie1_0.space_id,sie1_0.url from catalog.space_images sie1_0 left join catalog.spaces s1_0 on s1_0.id=sie1_0.space_id where s1_0.id=? order by sie1_0.display_order
2025-11-20 22:06:06 - select sie1_0.id,sie1_0.alt_text,sie1_0.created_at,sie1_0.display_order,sie1_0.is_primary,sie1_0.space_id,sie1_0.url from catalog.space_images sie1_0 left join catalog.spaces s1_0 on s1_0.id=sie1_0.space_id where s1_0.id=? order by sie1_0.display_order
2025-11-20 22:06:06 - select sie1_0.id,sie1_0.alt_text,sie1_0.created_at,sie1_0.display_order,sie1_0.is_primary,sie1_0.space_id,sie1_0.url from catalog.space_images sie1_0 left join catalog.spaces s1_0 on s1_0.id=sie1_0.space_id where s1_0.id=? order by sie1_0.display_order
2025-11-20 22:06:06 - select sie1_0.id,sie1_0.alt_text,sie1_0.created_at,sie1_0.display_order,sie1_0.is_primary,sie1_0.space_id,sie1_0.url from catalog.space_images sie1_0 left join catalog.spaces s1_0 on s1_0.id=sie1_0.space_id where s1_0.id=? order by sie1_0.display_order
2025-11-20 22:06:06 - select sie1_0.id,sie1_0.alt_text,sie1_0.created_at,sie1_0.display_order,sie1_0.is_primary,sie1_0.space_id,sie1_0.url from catalog.space_images sie1_0 left join catalog.spaces s1_0 on s1_0.id=sie1_0.space_id where s1_0.id=? order by sie1_0.display_order
2025-11-20 22:06:06 - select sie1_0.id,sie1_0.alt_text,sie1_0.created_at,sie1_0.display_order,sie1_0.is_primary,sie1_0.space_id,sie1_0.url from catalog.space_images sie1_0 left join catalog.spaces s1_0 on s1_0.id=sie1_0.space_id where s1_0.id=? order by sie1_0.display_order
2025-11-20 22:06:06 - select sie1_0.id,sie1_0.alt_text,sie1_0.created_at,sie1_0.display_order,sie1_0.is_primary,sie1_0.space_id,sie1_0.url from catalog.space_images sie1_0 left join catalog.spaces s1_0 on s1_0.id=sie1_0.space_id where s1_0.id=? order by sie1_0.display_order
2025-11-20 22:06:06 - select sie1_0.id,sie1_0.alt_text,sie1_0.created_at,sie1_0.display_order,sie1_0.is_primary,sie1_0.space_id,sie1_0.url from catalog.space_images sie1_0 left join catalog.spaces s1_0 on s1_0.id=sie1_0.space_id where s1_0.id=? order by sie1_0.display_order
2025-11-20 22:06:06 - select sie1_0.id,sie1_0.alt_text,sie1_0.created_at,sie1_0.display_order,sie1_0.is_primary,sie1_0.space_id,sie1_0.url from catalog.space_images sie1_0 left join catalog.spaces s1_0 on s1_0.id=sie1_0.space_id where s1_0.id=? order by sie1_0.display_order
2025-11-20 22:06:06 - select sie1_0.id,sie1_0.alt_text,sie1_0.created_at,sie1_0.display_order,sie1_0.is_primary,sie1_0.space_id,sie1_0.url from catalog.space_images sie1_0 left join catalog.spaces s1_0 on s1_0.id=sie1_0.space_id where s1_0.id=? order by sie1_0.display_order
2025-11-20 22:06:06 - select sie1_0.id,sie1_0.alt_text,sie1_0.created_at,sie1_0.display_order,sie1_0.is_primary,sie1_0.space_id,sie1_0.url from catalog.space_images sie1_0 left join catalog.spaces s1_0 on s1_0.id=sie1_0.space_id where s1_0.id=? order by sie1_0.display_order
2025-11-20 22:06:06 - select sie1_0.id,sie1_0.alt_text,sie1_0.created_at,sie1_0.display_order,sie1_0.is_primary,sie1_0.space_id,sie1_0.url from catalog.space_images sie1_0 left join catalog.spaces s1_0 on s1_0.id=sie1_0.space_id where s1_0.id=? order by sie1_0.display_order
2025-11-20 22:06:06 - select sie1_0.id,sie1_0.alt_text,sie1_0.created_at,sie1_0.display_order,sie1_0.is_primary,sie1_0.space_id,sie1_0.url from catalog.space_images sie1_0 left join catalog.spaces s1_0 on s1_0.id=sie1_0.space_id where s1_0.id=? order by sie1_0.display_order
2025-11-20 22:06:06 - select sie1_0.id,sie1_0.alt_text,sie1_0.created_at,sie1_0.display_order,sie1_0.is_primary,sie1_0.space_id,sie1_0.url from catalog.space_images sie1_0 left join catalog.spaces s1_0 on s1_0.id=sie1_0.space_id where s1_0.id=? order by sie1_0.display_order
2025-11-20 22:06:06 - select sie1_0.id,sie1_0.alt_text,sie1_0.created_at,sie1_0.display_order,sie1_0.is_primary,sie1_0.space_id,sie1_0.url from catalog.space_images sie1_0 left join catalog.spaces s1_0 on s1_0.id=sie1_0.space_id where s1_0.id=? order by sie1_0.display_order
2025-11-20 22:06:06 - select sie1_0.id,sie1_0.alt_text,sie1_0.created_at,sie1_0.display_order,sie1_0.is_primary,sie1_0.space_id,sie1_0.url from catalog.space_images sie1_0 left join catalog.spaces s1_0 on s1_0.id=sie1_0.space_id where s1_0.id=? order by sie1_0.display_order
2025-11-20 22:06:06 - select sie1_0.id,sie1_0.alt_text,sie1_0.created_at,sie1_0.display_order,sie1_0.is_primary,sie1_0.space_id,sie1_0.url from catalog.space_images sie1_0 left join catalog.spaces s1_0 on s1_0.id=sie1_0.space_id where s1_0.id=? order by sie1_0.display_order
2025-11-20 22:06:06 - select sie1_0.id,sie1_0.alt_text,sie1_0.created_at,sie1_0.display_order,sie1_0.is_primary,sie1_0.space_id,sie1_0.url from catalog.space_images sie1_0 left join catalog.spaces s1_0 on s1_0.id=sie1_0.space_id where s1_0.id=? order by sie1_0.display_order
2025-11-20 22:06:06 - select sie1_0.id,sie1_0.alt_text,sie1_0.created_at,sie1_0.display_order,sie1_0.is_primary,sie1_0.space_id,sie1_0.url from catalog.space_images sie1_0 left join catalog.spaces s1_0 on s1_0.id=sie1_0.space_id where s1_0.id=? order by sie1_0.display_order
2025-11-20 22:06:06 - select sie1_0.id,sie1_0.alt_text,sie1_0.created_at,sie1_0.display_order,sie1_0.is_primary,sie1_0.space_id,sie1_0.url from catalog.space_images sie1_0 left join catalog.spaces s1_0 on s1_0.id=sie1_0.space_id where s1_0.id=? order by sie1_0.display_order
2025-11-20 22:06:06 - select sie1_0.id,sie1_0.alt_text,sie1_0.created_at,sie1_0.display_order,sie1_0.is_primary,sie1_0.space_id,sie1_0.url from catalog.space_images sie1_0 left join catalog.spaces s1_0 on s1_0.id=sie1_0.space_id where s1_0.id=? order by sie1_0.display_order
2025-11-20 22:06:06 - select se1_0.id,se1_0.address,se1_0.amenities,se1_0.area_sqm,se1_0.base_price_cents,se1_0.capacity,se1_0.created_at,se1_0.description,se1_0.lat,se1_0.lon,se1_0.owner_id,se1_0.rules,se1_0.status,se1_0.title,se1_0.updated_at from catalog.spaces se1_0 where se1_0.id=?
2025-11-20 22:06:06 - select sie1_0.id,sie1_0.alt_text,sie1_0.created_at,sie1_0.display_order,sie1_0.is_primary,sie1_0.space_id,sie1_0.url from catalog.space_images sie1_0 left join catalog.spaces s1_0 on s1_0.id=sie1_0.space_id where s1_0.id=? order by sie1_0.display_order
2025-11-20 22:06:06 - Error caching key 'space:a33f1e43-3850-4c85-a136-c18faa1e955d': Could not write JSON: Java 8 date/time type `java.time.LocalDateTime` not supported by default: add Module "com.fasterxml.jackson.datatype:jackson-datatype-jsr310" to enable handling (or disable `MapperFeature.REQUIRE_HANDLERS_FOR_JAVA8_TIMES`) (through reference chain: com.balconazo.catalog_microservice.dto.SpaceDTO["createdAt"])
2025-11-20 22:06:06 - No JWT token found in request to: /api/catalog/spaces - returning 401 UNAUTHORIZED
2025-11-20 22:06:06 - select se1_0.id,se1_0.address,se1_0.amenities,se1_0.area_sqm,se1_0.base_price_cents,se1_0.capacity,se1_0.created_at,se1_0.description,se1_0.lat,se1_0.lon,se1_0.owner_id,se1_0.rules,se1_0.status,se1_0.title,se1_0.updated_at from catalog.spaces se1_0 where se1_0.id=?
2025-11-20 22:06:06 - select sie1_0.id,sie1_0.alt_text,sie1_0.created_at,sie1_0.display_order,sie1_0.is_primary,sie1_0.space_id,sie1_0.url from catalog.space_images sie1_0 left join catalog.spaces s1_0 on s1_0.id=sie1_0.space_id where s1_0.id=? order by sie1_0.display_order
2025-11-20 22:06:06 - Error caching key 'space:a33f1e43-3850-4c85-a136-c18faa1e955d': Could not write JSON: Java 8 date/time type `java.time.LocalDateTime` not supported by default: add Module "com.fasterxml.jackson.datatype:jackson-datatype-jsr310" to enable handling (or disable `MapperFeature.REQUIRE_HANDLERS_FOR_JAVA8_TIMES`) (through reference chain: com.balconazo.catalog_microservice.dto.SpaceDTO["createdAt"])
2025-11-20 22:06:06 - select se1_0.id,se1_0.address,se1_0.amenities,se1_0.area_sqm,se1_0.base_price_cents,se1_0.capacity,se1_0.created_at,se1_0.description,se1_0.lat,se1_0.lon,se1_0.owner_id,se1_0.rules,se1_0.status,se1_0.title,se1_0.updated_at from catalog.spaces se1_0 where se1_0.id=?
2025-11-20 22:06:06 - update catalog.spaces set address=?,amenities=?,area_sqm=?,base_price_cents=?,capacity=?,description=?,lat=?,lon=?,owner_id=?,rules=?,status=?,title=?,updated_at=? where id=?
2025-11-20 22:06:06 - select se1_0.id,se1_0.address,se1_0.amenities,se1_0.area_sqm,se1_0.base_price_cents,se1_0.capacity,se1_0.created_at,se1_0.description,se1_0.lat,se1_0.lon,se1_0.owner_id,se1_0.rules,se1_0.status,se1_0.title,se1_0.updated_at from catalog.spaces se1_0 where se1_0.id=?
2025-11-20 22:06:06 - select sie1_0.id,sie1_0.alt_text,sie1_0.created_at,sie1_0.display_order,sie1_0.is_primary,sie1_0.space_id,sie1_0.url from catalog.space_images sie1_0 left join catalog.spaces s1_0 on s1_0.id=sie1_0.space_id where s1_0.id=? order by sie1_0.display_order
2025-11-20 22:06:06 - Error caching key 'space:a33f1e43-3850-4c85-a136-c18faa1e955d': Could not write JSON: Java 8 date/time type `java.time.LocalDateTime` not supported by default: add Module "com.fasterxml.jackson.datatype:jackson-datatype-jsr310" to enable handling (or disable `MapperFeature.REQUIRE_HANDLERS_FOR_JAVA8_TIMES`) (through reference chain: com.balconazo.catalog_microservice.dto.SpaceDTO["createdAt"])
2025-11-20 22:06:06 - No JWT token found in request to: /api/catalog/spaces/a33f1e43-3850-4c85-a136-c18faa1e955d - returning 401 UNAUTHORIZED
2025-11-20 22:06:06 - select se1_0.id,se1_0.address,se1_0.amenities,se1_0.area_sqm,se1_0.base_price_cents,se1_0.capacity,se1_0.created_at,se1_0.description,se1_0.lat,se1_0.lon,se1_0.owner_id,se1_0.rules,se1_0.status,se1_0.title,se1_0.updated_at from catalog.spaces se1_0 where se1_0.id=?
2025-11-20 22:06:06 - select sie1_0.id,sie1_0.alt_text,sie1_0.created_at,sie1_0.display_order,sie1_0.is_primary,sie1_0.space_id,sie1_0.url from catalog.space_images sie1_0 left join catalog.spaces s1_0 on s1_0.id=sie1_0.space_id where s1_0.id=? order by sie1_0.display_order
2025-11-20 22:06:06 - Error caching key 'space:b399557e-def9-4044-9063-5e8522a3c86d': Could not write JSON: Java 8 date/time type `java.time.LocalDateTime` not supported by default: add Module "com.fasterxml.jackson.datatype:jackson-datatype-jsr310" to enable handling (or disable `MapperFeature.REQUIRE_HANDLERS_FOR_JAVA8_TIMES`) (through reference chain: com.balconazo.catalog_microservice.dto.SpaceDTO["createdAt"])
2025-11-20 22:06:06 - select se1_0.id,se1_0.address,se1_0.amenities,se1_0.area_sqm,se1_0.base_price_cents,se1_0.capacity,se1_0.created_at,se1_0.description,se1_0.lat,se1_0.lon,se1_0.owner_id,se1_0.rules,se1_0.status,se1_0.title,se1_0.updated_at from catalog.spaces se1_0 where se1_0.id=?
2025-11-20 22:06:06 - update catalog.spaces set address=?,amenities=?,area_sqm=?,base_price_cents=?,capacity=?,description=?,lat=?,lon=?,owner_id=?,rules=?,status=?,title=?,updated_at=? where id=?
2025-11-20 22:06:06 - select se1_0.id,se1_0.address,se1_0.amenities,se1_0.area_sqm,se1_0.base_price_cents,se1_0.capacity,se1_0.created_at,se1_0.description,se1_0.lat,se1_0.lon,se1_0.owner_id,se1_0.rules,se1_0.status,se1_0.title,se1_0.updated_at from catalog.spaces se1_0 where se1_0.id=?
2025-11-20 22:06:06 - select sie1_0.id,sie1_0.alt_text,sie1_0.created_at,sie1_0.display_order,sie1_0.is_primary,sie1_0.space_id,sie1_0.url from catalog.space_images sie1_0 left join catalog.spaces s1_0 on s1_0.id=sie1_0.space_id where s1_0.id=? order by sie1_0.display_order
2025-11-20 22:06:06 - Error caching key 'space:b399557e-def9-4044-9063-5e8522a3c86d': Could not write JSON: Java 8 date/time type `java.time.LocalDateTime` not supported by default: add Module "com.fasterxml.jackson.datatype:jackson-datatype-jsr310" to enable handling (or disable `MapperFeature.REQUIRE_HANDLERS_FOR_JAVA8_TIMES`) (through reference chain: com.balconazo.catalog_microservice.dto.SpaceDTO["createdAt"])
2025-11-20 22:06:06 - select se1_0.id,se1_0.address,se1_0.amenities,se1_0.area_sqm,se1_0.base_price_cents,se1_0.capacity,se1_0.created_at,se1_0.description,se1_0.lat,se1_0.lon,se1_0.owner_id,se1_0.rules,se1_0.status,se1_0.title,se1_0.updated_at from catalog.spaces se1_0 where se1_0.id=?
2025-11-20 22:06:06 - select sie1_0.id,sie1_0.alt_text,sie1_0.created_at,sie1_0.display_order,sie1_0.is_primary,sie1_0.space_id,sie1_0.url from catalog.space_images sie1_0 left join catalog.spaces s1_0 on s1_0.id=sie1_0.space_id where s1_0.id=? order by sie1_0.display_order
2025-11-20 22:06:06 - Error caching key 'space:a33f1e43-3850-4c85-a136-c18faa1e955d': Could not write JSON: Java 8 date/time type `java.time.LocalDateTime` not supported by default: add Module "com.fasterxml.jackson.datatype:jackson-datatype-jsr310" to enable handling (or disable `MapperFeature.REQUIRE_HANDLERS_FOR_JAVA8_TIMES`) (through reference chain: com.balconazo.catalog_microservice.dto.SpaceDTO["createdAt"])
2025-11-20 22:06:06 - No JWT token found in request to: /api/catalog/spaces/a33f1e43-3850-4c85-a136-c18faa1e955d - returning 401 UNAUTHORIZED
2025-11-20 22:07:17 - Resolving eureka endpoints via configuration
2025-11-20 22:08:08 - Unregistering application CATALOG-SERVICE with eureka with status DOWN
2025-11-20 22:08:08 - Saw local status change event StatusChangeEvent [timestamp=1763672888162, current=DOWN, previous=UP]
2025-11-20 22:08:08 - DiscoveryClient_CATALOG-SERVICE/192.168.0.100:catalog-service:8085: registering service...
2025-11-20 22:08:08 - DiscoveryClient_CATALOG-SERVICE/192.168.0.100:catalog-service:8085 - registration status: 204
2025-11-20 22:08:08 - Commencing graceful shutdown. Waiting for active requests to complete
2025-11-20 22:08:08 - Graceful shutdown complete
2025-11-20 22:08:08 - [Producer clientId=catalog-service-producer-1] Closing the Kafka producer with timeoutMillis = 30000 ms.
2025-11-20 22:08:08 - Metrics scheduler closed
2025-11-20 22:08:08 - Closing reporter org.apache.kafka.common.metrics.JmxReporter
2025-11-20 22:08:08 - Closing reporter org.apache.kafka.common.telemetry.internals.ClientTelemetryReporter
2025-11-20 22:08:08 - Metrics reporters closed
2025-11-20 22:08:08 - App info kafka.producer for catalog-service-producer-1 unregistered
2025-11-20 22:08:08 - Closing JPA EntityManagerFactory for persistence unit 'default'
2025-11-20 22:08:08 - HikariPool-1 - Shutdown initiated...
2025-11-20 22:08:08 - HikariPool-1 - Shutdown completed.
2025-11-20 22:08:08 - Shutting down DiscoveryClient ...
2025-11-20 22:08:11 - Unregistering ...
2025-11-20 22:08:11 - DiscoveryClient_CATALOG-SERVICE/192.168.0.100:catalog-service:8085 - deregister  status: 200
2025-11-20 22:08:11 - Completed shut down of DiscoveryClient
